2026-03-03 15:08:51,357 - ✅ Successfully imported: purchaseOrder.po_to_grn
2026-03-03 15:08:51,357 - ✅ Router found in: purchaseOrder.po_to_grn
2026-03-03 15:08:51,359 - ✅ Included YEN ERP: purchaseOrder.po_to_grn
2026-03-03 15:08:51,359 - 🟡 Attempting to import: purchaseOrder.grnConverted
2026-03-03 15:08:51,375 - ✅ Successfully imported: purchaseOrder.grnConverted
2026-03-03 15:08:51,376 - ✅ Router found in: purchaseOrder.grnConverted
2026-03-03 15:08:51,378 - ✅ Included YEN ERP: purchaseOrder.grnConverted
2026-03-03 15:08:51,378 - 🟡 Attempting to import: purchaseOrder.poedit
2026-03-03 15:08:51,386 - ✅ Successfully imported: purchaseOrder.poedit
2026-03-03 15:08:51,386 - ✅ Router found in: purchaseOrder.poedit
2026-03-03 15:08:51,387 - ✅ Included YEN ERP: purchaseOrder.poedit
2026-03-03 15:08:51,387 - 🟡 Attempting to import: purchaseOrder.freightfunction
2026-03-03 15:08:51,400 - ✅ Successfully imported: purchaseOrder.freightfunction
2026-03-03 15:08:51,400 - ✅ Router found in: purchaseOrder.freightfunction
2026-03-03 15:08:51,401 - ✅ Included YEN ERP: purchaseOrder.freightfunction
2026-03-03 15:08:51,401 - 🟡 Attempting to import: purchaseOrder.pending
2026-03-03 15:08:51,447 - ✅ Successfully imported: purchaseOrder.pending
2026-03-03 15:08:51,447 - ✅ Router found in: purchaseOrder.pending
2026-03-03 15:08:51,449 - ✅ Included YEN ERP: purchaseOrder.pending
2026-03-03 15:08:51,449 - 🟡 Attempting to import: grn.routes
2026-03-03 15:08:51,449 - ✅ Successfully imported: grn.routes
2026-03-03 15:08:51,449 - ✅ Router found in: grn.routes
2026-03-03 15:08:51,464 - ✅ Included YEN ERP: grn.routes
2026-03-03 15:08:51,464 - 🟡 Attempting to import: grn.return
2026-03-03 15:08:52,112 - ✅ Successfully imported: grn.return
2026-03-03 15:08:52,113 - ✅ Router found in: grn.return
2026-03-03 15:08:52,116 - ✅ Included YEN ERP: grn.return
2026-03-03 15:08:52,116 - 🟡 Attempting to import: grn.grn_to_ap
2026-03-03 15:08:52,224 - ✅ Successfully imported: grn.grn_to_ap
2026-03-03 15:08:52,225 - ✅ Router found in: grn.grn_to_ap
2026-03-03 15:08:52,226 - ✅ Included YEN ERP: grn.grn_to_ap
2026-03-03 15:08:52,226 - 🟡 Attempting to import: grn.debitnote
2026-03-03 15:08:53,421 - ❌ Failed to import grn.debitnote: cannot import name 'get_apinvoice_collection' from 'apinvoice.utils' (D:\Salini\live-po-tenant-authorization-backend-1.0.10\apinvoice\utils.py)
2026-03-03 15:08:53,421 - 🟡 Attempting to import: grn.grn_to_ap_outgoing
2026-03-03 15:08:53,502 - ✅ Successfully imported: grn.grn_to_ap_outgoing
2026-03-03 15:08:53,502 - ✅ Router found in: grn.grn_to_ap_outgoing
2026-03-03 15:08:53,504 - ✅ Included YEN ERP: grn.grn_to_ap_outgoing
2026-03-03 15:08:53,504 - 🟡 Attempting to import: grn.grn_to_po
2026-03-03 15:08:53,517 - ✅ Successfully imported: grn.grn_to_po
2026-03-03 15:08:53,517 - ✅ Router found in: grn.grn_to_po
2026-03-03 15:08:53,518 - ✅ Included YEN ERP: grn.grn_to_po
2026-03-03 15:08:53,518 - 🟡 Attempting to import: apinvoice.routes
2026-03-03 15:08:53,518 - ✅ Successfully imported: apinvoice.routes
2026-03-03 15:08:53,518 - ✅ Router found in: apinvoice.routes
2026-03-03 15:08:53,541 - ✅ Included YEN ERP: apinvoice.routes
2026-03-03 15:08:53,541 - 🟡 Attempting to import: apinvoice.ap_to_outgoing
2026-03-03 15:08:53,553 - ✅ Successfully imported: apinvoice.ap_to_outgoing
2026-03-03 15:08:53,553 - ✅ Router found in: apinvoice.ap_to_outgoing
2026-03-03 15:08:53,556 - ✅ Included YEN ERP: apinvoice.ap_to_outgoing
2026-03-03 15:08:53,556 - 🟡 Attempting to import: apinvoice.apReturned
2026-03-03 15:08:53,569 - ✅ Successfully imported: apinvoice.apReturned
2026-03-03 15:08:53,569 - ✅ Router found in: apinvoice.apReturned
2026-03-03 15:08:53,571 - ✅ Included YEN ERP: apinvoice.apReturned
2026-03-03 15:08:53,571 - 🟡 Attempting to import: outgoingPayment.routes
2026-03-03 15:08:53,571 - ✅ Successfully imported: outgoingPayment.routes
2026-03-03 15:08:53,571 - ✅ Router found in: outgoingPayment.routes
2026-03-03 15:08:53,588 - ✅ Included YEN ERP: outgoingPayment.routes
2026-03-03 15:08:53,588 - 🟡 Attempting to import: outgoingPayment.bulk_payment
2026-03-03 15:08:53,617 - ✅ Successfully imported: outgoingPayment.bulk_payment
2026-03-03 15:08:53,617 - ✅ Router found in: outgoingPayment.bulk_payment
2026-03-03 15:08:53,618 - ✅ Included YEN ERP: outgoingPayment.bulk_payment
2026-03-03 15:08:53,618 - 🟡 Attempting to import: outgoingPayment.vendor_ledger
2026-03-03 15:08:53,633 - ✅ Successfully imported: outgoingPayment.vendor_ledger
2026-03-03 15:08:53,633 - ✅ Router found in: outgoingPayment.vendor_ledger
2026-03-03 15:08:53,637 - ✅ Included YEN ERP: outgoingPayment.vendor_ledger
2026-03-03 15:08:53,637 - 🟡 Attempting to import: outgoingPayment.single_payment
2026-03-03 15:08:53,652 - ✅ Successfully imported: outgoingPayment.single_payment
2026-03-03 15:08:53,652 - ✅ Router found in: outgoingPayment.single_payment
2026-03-03 15:08:53,653 - ✅ Included YEN ERP: outgoingPayment.single_payment
2026-03-03 15:08:53,653 - 🟡 Attempting to import: outgoingPayment.payment_history
2026-03-03 15:08:53,682 - ✅ Successfully imported: outgoingPayment.payment_history
2026-03-03 15:08:53,682 - ✅ Router found in: outgoingPayment.payment_history
2026-03-03 15:08:53,684 - ✅ Included YEN ERP: outgoingPayment.payment_history
2026-03-03 15:08:53,684 - 🟡 Attempting to import: outgoingPayment.advance_routes
2026-03-03 15:08:53,718 - ✅ Successfully imported: outgoingPayment.advance_routes
2026-03-03 15:08:53,718 - ✅ Router found in: outgoingPayment.advance_routes
2026-03-03 15:08:53,725 - ✅ Included YEN ERP: outgoingPayment.advance_routes
2026-03-03 15:08:53,725 - 🟡 Attempting to import: Business.routes
2026-03-03 15:08:53,754 - ✅ Successfully imported: Business.routes
2026-03-03 15:08:53,754 - ✅ Router found in: Business.routes
2026-03-03 15:08:53,759 - ✅ Included YEN ERP: Business.routes
2026-03-03 15:08:53,759 - 🟡 Attempting to import: Personal.routes
2026-03-03 15:08:53,794 - ✅ Successfully imported: Personal.routes
2026-03-03 15:08:53,794 - ✅ Router found in: Personal.routes
2026-03-03 15:08:53,798 - ✅ Included YEN ERP: Personal.routes
2026-03-03 15:08:53,798 - 🟡 Attempting to import: shippingaddress.routes
2026-03-03 15:08:53,826 - ✅ Successfully imported: shippingaddress.routes
2026-03-03 15:08:53,826 - ✅ Router found in: shippingaddress.routes
2026-03-03 15:08:53,829 - ✅ Included YEN ERP: shippingaddress.routes
2026-03-03 15:08:53,830 - 🟡 Attempting to import: ItemGroup.routes
2026-03-03 15:08:53,865 - ✅ Successfully imported: ItemGroup.routes
2026-03-03 15:08:53,865 - ✅ Router found in: ItemGroup.routes
2026-03-03 15:08:53,877 - ✅ Included YEN ERP: ItemGroup.routes
2026-03-03 15:08:53,877 - 🟡 Attempting to import: FreightMaster.routes
2026-03-03 15:08:53,919 - ✅ Successfully imported: FreightMaster.routes
2026-03-03 15:08:53,919 - ✅ Router found in: FreightMaster.routes
2026-03-03 15:08:53,930 - ✅ Included YEN ERP: FreightMaster.routes
2026-03-03 15:08:53,930 - 🟡 Attempting to import: purchaseOrder.poimport
2026-03-03 15:09:04,122 - ✅ Successfully imported: purchaseOrder.poimport
2026-03-03 15:09:04,122 - ✅ Router found in: purchaseOrder.poimport
2026-03-03 15:09:04,130 - ✅ Included YEN ERP: purchaseOrder.poimport
2026-03-03 15:09:04,130 - 🟡 Attempting to import: ServiceOrder.routes
2026-03-03 15:09:04,297 - ✅ Successfully imported: ServiceOrder.routes
2026-03-03 15:09:04,298 - ✅ Router found in: ServiceOrder.routes
2026-03-03 15:09:04,307 - ✅ Included YEN ERP: ServiceOrder.routes
2026-03-03 15:09:04,307 - 🟡 Attempting to import: Service.serviceSummary
2026-03-03 15:09:04,349 - ✅ Successfully imported: Service.serviceSummary
2026-03-03 15:09:04,349 - ✅ Router found in: Service.serviceSummary
2026-03-03 15:09:04,351 - ✅ Included YEN ERP: Service.serviceSummary
2026-03-03 15:09:04,351 - 🟡 Attempting to import: ServiceOrder.servicelist
2026-03-03 15:09:04,368 - ✅ Successfully imported: ServiceOrder.servicelist
2026-03-03 15:09:04,368 - ✅ Router found in: ServiceOrder.servicelist
2026-03-03 15:09:04,373 - ✅ Included YEN ERP: ServiceOrder.servicelist
2026-03-03 15:09:04,373 - 🟡 Attempting to import: ServiceOrder.filterpatch
2026-03-03 15:09:04,385 - ✅ Successfully imported: ServiceOrder.filterpatch
2026-03-03 15:09:04,386 - ✅ Router found in: ServiceOrder.filterpatch
2026-03-03 15:09:04,389 - ✅ Included YEN ERP: ServiceOrder.filterpatch
2026-03-03 15:09:04,389 - 🟡 Attempting to import: ServiceOrder.service_ap_outgoing
2026-03-03 15:09:04,403 - ✅ Successfully imported: ServiceOrder.service_ap_outgoing
2026-03-03 15:09:04,403 - ✅ Router found in: ServiceOrder.service_ap_outgoing
2026-03-03 15:09:04,407 - ✅ Included YEN ERP: ServiceOrder.service_ap_outgoing
2026-03-03 15:22:57,154 - ✅ Main sync connection created
2026-03-03 15:22:58,035 - Tenant context set: 6995450ca156434cf8c80137 -> BestMummy_TNT012
2026-03-03 15:22:58,324 - Tenant context set: 6995450ca156434cf8c80137 -> BestMummy_TNT012
2026-03-03 15:22:58,848 - Tenant context set: 6995450ca156434cf8c80137 -> BestMummy_TNT012
2026-03-03 15:22:59,327 - ✅ Tenant 6995450ca156434cf8c80137 sync DB: BestMummy_TNT012
2026-03-03 15:23:00,330 - Tenant context set: 6995450ca156434cf8c80137 -> BestMummy_TNT012
2026-03-03 15:23:01,131 - Tenant context set: 6995450ca156434cf8c80137 -> BestMummy_TNT012
2026-03-03 15:23:01,422 - Tenant context set: 6995450ca156434cf8c80137 -> BestMummy_TNT012
2026-03-03 15:23:01,523 - Tenant context set: 6995450ca156434cf8c80137 -> BestMummy_TNT012
2026-03-03 15:23:01,819 - Tenant context set: 6995450ca156434cf8c80137 -> BestMummy_TNT012
2026-03-03 15:23:02,119 - Tenant context set: 6995450ca156434cf8c80137 -> BestMummy_TNT012
2026-03-03 15:23:02,219 - Tenant context set: 6995450ca156434cf8c80137 -> BestMummy_TNT012
2026-03-03 15:23:02,639 - Tenant context set: 6995450ca156434cf8c80137 -> BestMummy_TNT012
2026-03-03 15:23:02,736 - Tenant context set: 6995450ca156434cf8c80137 -> BestMummy_TNT012
2026-03-03 15:23:04,018 - Tenant context set: 6995450ca156434cf8c80137 -> BestMummy_TNT012
2026-03-03 15:23:04,127 - Tenant context set: 6995450ca156434cf8c80137 -> BestMummy_TNT012
2026-03-03 15:23:04,231 - Tenant context set: 6995450ca156434cf8c80137 -> BestMummy_TNT012
2026-03-03 15:23:04,323 - Tenant context set: 6995450ca156434cf8c80137 -> BestMummy_TNT012
2026-03-03 15:23:04,431 - Tenant context set: 6995450ca156434cf8c80137 -> BestMummy_TNT012
2026-03-03 15:23:06,529 - Tenant context set: 6995450ca156434cf8c80137 -> BestMummy_TNT012
2026-03-03 15:23:06,621 - Tenant context set: 6995450ca156434cf8c80137 -> BestMummy_TNT012
2026-03-03 15:23:06,719 - Tenant context set: 6995450ca156434cf8c80137 -> BestMummy_TNT012
2026-03-03 15:23:06,828 - Tenant context set: 6995450ca156434cf8c80137 -> BestMummy_TNT012
2026-03-03 15:23:07,023 - Tenant context set: 6995450ca156434cf8c80137 -> BestMummy_TNT012
2026-03-03 15:23:07,118 - Tenant context set: 6995450ca156434cf8c80137 -> BestMummy_TNT012
2026-03-03 15:23:09,722 - Tenant context set: 6995450ca156434cf8c80137 -> BestMummy_TNT012
2026-03-03 15:23:38,621 - Tenant context set: 6995450ca156434cf8c80137 -> BestMummy_TNT012
2026-03-03 15:23:50,833 - Tenant context set: 6995450ca156434cf8c80137 -> BestMummy_TNT012
2026-03-03 15:24:13,654 - Tenant context set: 6995450ca156434cf8c80137 -> BestMummy_TNT012
2026-03-03 15:24:45,329 - Tenant context set: 6995450ca156434cf8c80137 -> BestMummy_TNT012
2026-03-03 15:26:19,127 - Tenant context set: 6995450ca156434cf8c80137 -> BestMummy_TNT012
2026-03-03 15:26:19,417 - Tenant context set: 6995450ca156434cf8c80137 -> BestMummy_TNT012
2026-03-03 15:26:19,515 - Tenant context set: 6995450ca156434cf8c80137 -> BestMummy_TNT012
2026-03-03 15:26:19,615 - Tenant context set: 6995450ca156434cf8c80137 -> BestMummy_TNT012
2026-03-03 15:26:19,919 - Tenant context set: 6995450ca156434cf8c80137 -> BestMummy_TNT012
2026-03-03 15:26:20,017 - Tenant context set: 6995450ca156434cf8c80137 -> BestMummy_TNT012
2026-03-03 15:26:20,662 - ✅ Tenant 6995450ca156434cf8c80137 async DB: BestMummy_TNT012
2026-03-03 15:26:20,718 - Tenant context set: 6995450ca156434cf8c80137 -> BestMummy_TNT012
2026-03-03 15:26:21,018 - Fetching all storage locations
2026-03-03 15:26:21,615 - Tenant context set: 6995450ca156434cf8c80137 -> BestMummy_TNT012
2026-03-03 15:26:22,231 - Retrieved 1 storage locations
2026-03-03 15:26:22,323 - Tenant context set: 6995450ca156434cf8c80137 -> BestMummy_TNT012
2026-03-03 15:26:22,427 - Tenant context set: 6995450ca156434cf8c80137 -> BestMummy_TNT012
2026-03-03 15:26:22,520 - Tenant context set: 6995450ca156434cf8c80137 -> BestMummy_TNT012
2026-03-03 15:26:22,622 - Tenant context set: 6995450ca156434cf8c80137 -> BestMummy_TNT012
2026-03-03 15:26:22,727 - Tenant context set: 6995450ca156434cf8c80137 -> BestMummy_TNT012
2026-03-03 15:26:22,917 - Tenant context set: 6995450ca156434cf8c80137 -> BestMummy_TNT012
2026-03-03 15:26:24,117 - Tenant context set: 6995450ca156434cf8c80137 -> BestMummy_TNT012
2026-03-03 15:26:24,228 - Tenant context set: 6995450ca156434cf8c80137 -> BestMummy_TNT012
2026-03-03 15:26:24,336 - Tenant context set: 6995450ca156434cf8c80137 -> BestMummy_TNT012
2026-03-03 15:26:24,419 - Tenant context set: 6995450ca156434cf8c80137 -> BestMummy_TNT012
2026-03-03 15:26:24,522 - Tenant context set: 6995450ca156434cf8c80137 -> BestMummy_TNT012
2026-03-03 15:26:24,621 - Fetching all storage locations
2026-03-03 15:26:24,735 - Tenant context set: 6995450ca156434cf8c80137 -> BestMummy_TNT012
2026-03-03 15:26:25,019 - Retrieved 1 storage locations
2026-03-03 15:26:31,319 - Tenant context set: 6995450ca156434cf8c80137 -> BestMummy_TNT012
2026-03-03 15:26:32,922 - Tenant context set: 6995450ca156434cf8c80137 -> BestMummy_TNT012
2026-03-03 15:26:33,018 - Tenant context set: 6995450ca156434cf8c80137 -> BestMummy_TNT012
2026-03-03 15:26:33,622 - Tenant context set: 6995450ca156434cf8c80137 -> BestMummy_TNT012
2026-03-03 15:26:38,785 - Tenant context set: 6995450ca156434cf8c80137 -> BestMummy_TNT012
2026-03-03 15:26:40,547 - Tenant context set: 6995450ca156434cf8c80137 -> BestMummy_TNT012
2026-03-03 15:26:40,694 - Tenant context set: 6995450ca156434cf8c80137 -> BestMummy_TNT012
2026-03-03 15:26:43,542 - Tenant context set: 6995450ca156434cf8c80137 -> BestMummy_TNT012
2026-03-03 15:26:44,431 - Tenant context set: 6995450ca156434cf8c80137 -> BestMummy_TNT012
2026-03-03 15:26:44,524 - Tenant context set: 6995450ca156434cf8c80137 -> BestMummy_TNT012
2026-03-03 15:26:52,037 - Tenant context set: 6995450ca156434cf8c80137 -> BestMummy_TNT012
2026-03-03 15:26:54,535 - Tenant context set: 6995450ca156434cf8c80137 -> BestMummy_TNT012
2026-03-03 15:26:54,617 - Tenant context set: 6995450ca156434cf8c80137 -> BestMummy_TNT012
2026-03-03 15:26:55,423 - Tenant context set: 6995450ca156434cf8c80137 -> BestMummy_TNT012
2026-03-03 15:27:10,522 - Tenant context set: 6995450ca156434cf8c80137 -> BestMummy_TNT012
2026-03-03 15:27:13,616 - Tenant context set: 6995450ca156434cf8c80137 -> BestMummy_TNT012
2026-03-03 15:27:14,821 - Tenant context set: 6995450ca156434cf8c80137 -> BestMummy_TNT012
2026-03-03 15:27:14,917 - Tenant context set: 6995450ca156434cf8c80137 -> BestMummy_TNT012
2026-03-03 15:27:15,018 - Tenant context set: 6995450ca156434cf8c80137 -> BestMummy_TNT012
2026-03-03 15:27:24,017 - Tenant context set: 6995450ca156434cf8c80137 -> BestMummy_TNT012
2026-03-03 15:27:24,320 - Tenant context set: 6995450ca156434cf8c80137 -> BestMummy_TNT012
2026-03-03 15:27:24,618 - Tenant context set: 6995450ca156434cf8c80137 -> BestMummy_TNT012
2026-03-03 15:27:24,719 - Tenant context set: 6995450ca156434cf8c80137 -> BestMummy_TNT012
2026-03-03 15:27:25,017 - Tenant context set: 6995450ca156434cf8c80137 -> BestMummy_TNT012
2026-03-03 15:27:25,616 - Tenant context set: 6995450ca156434cf8c80137 -> BestMummy_TNT012
2026-03-03 15:27:25,732 - Tenant context set: 6995450ca156434cf8c80137 -> BestMummy_TNT012
2026-03-03 15:27:26,220 - Tenant context set: 6995450ca156434cf8c80137 -> BestMummy_TNT012
2026-03-03 15:27:26,822 - Tenant context set: 6995450ca156434cf8c80137 -> BestMummy_TNT012
2026-03-03 15:27:26,925 - Tenant context set: 6995450ca156434cf8c80137 -> BestMummy_TNT012
2026-03-03 15:27:27,018 - Tenant context set: 6995450ca156434cf8c80137 -> BestMummy_TNT012
2026-03-03 15:27:27,118 - Tenant context set: 6995450ca156434cf8c80137 -> BestMummy_TNT012
2026-03-03 15:27:27,220 - Tenant context set: 6995450ca156434cf8c80137 -> BestMummy_TNT012
2026-03-03 15:27:27,322 - Tenant context set: 6995450ca156434cf8c80137 -> BestMummy_TNT012
2026-03-03 15:27:29,386 - Tenant context set: 6995450ca156434cf8c80137 -> BestMummy_TNT012
2026-03-03 15:27:29,493 - Tenant context set: 6995450ca156434cf8c80137 -> BestMummy_TNT012
2026-03-03 15:27:29,686 - Tenant context set: 6995450ca156434cf8c80137 -> BestMummy_TNT012
2026-03-03 15:27:29,810 - Tenant context set: 6995450ca156434cf8c80137 -> BestMummy_TNT012
2026-03-03 15:27:30,070 - Tenant context set: 6995450ca156434cf8c80137 -> BestMummy_TNT012
2026-03-03 15:27:30,173 - Tenant context set: 6995450ca156434cf8c80137 -> BestMummy_TNT012
2026-03-03 15:27:33,119 - Tenant context set: 6995450ca156434cf8c80137 -> BestMummy_TNT012
2026-03-03 15:27:33,218 - Tenant context set: 6995450ca156434cf8c80137 -> BestMummy_TNT012
2026-03-03 15:27:33,317 - Tenant context set: 6995450ca156434cf8c80137 -> BestMummy_TNT012
2026-03-03 15:27:33,425 - Tenant context set: 6995450ca156434cf8c80137 -> BestMummy_TNT012
2026-03-03 15:27:42,817 - Tenant context set: 6995450ca156434cf8c80137 -> BestMummy_TNT012
2026-03-03 15:27:44,128 - Tenant context set: 6995450ca156434cf8c80137 -> BestMummy_TNT012
2026-03-03 15:27:46,517 - Tenant context set: 6995450ca156434cf8c80137 -> BestMummy_TNT012
2026-03-03 15:27:46,815 - Tenant context set: 6995450ca156434cf8c80137 -> BestMummy_TNT012
2026-03-03 15:27:47,157 - Tenant context set: 6995450ca156434cf8c80137 -> BestMummy_TNT012
2026-03-03 15:27:47,636 - Tenant context set: 6995450ca156434cf8c80137 -> BestMummy_TNT012
2026-03-03 15:27:47,716 - Tenant context set: 6995450ca156434cf8c80137 -> BestMummy_TNT012
2026-03-03 15:27:48,040 - Tenant context set: 6995450ca156434cf8c80137 -> BestMummy_TNT012
2026-03-03 15:27:48,452 - Tenant context set: 6995450ca156434cf8c80137 -> BestMummy_TNT012
2026-03-03 15:27:50,271 - Tenant context set: 6995450ca156434cf8c80137 -> BestMummy_TNT012
2026-03-03 15:27:51,013 - Tenant context set: 6995450ca156434cf8c80137 -> BestMummy_TNT012
2026-03-03 15:27:51,120 - Tenant context set: 6995450ca156434cf8c80137 -> BestMummy_TNT012
2026-03-03 15:27:51,222 - Tenant context set: 6995450ca156434cf8c80137 -> BestMummy_TNT012
2026-03-03 15:27:51,319 - Tenant context set: 6995450ca156434cf8c80137 -> BestMummy_TNT012
2026-03-03 15:27:52,416 - Tenant context set: 6995450ca156434cf8c80137 -> BestMummy_TNT012
2026-03-03 15:27:52,523 - Tenant context set: 6995450ca156434cf8c80137 -> BestMummy_TNT012
2026-03-03 15:27:52,615 - Tenant context set: 6995450ca156434cf8c80137 -> BestMummy_TNT012
2026-03-03 15:27:53,341 - Tenant context set: 6995450ca156434cf8c80137 -> BestMummy_TNT012
2026-03-03 15:27:53,464 - Tenant context set: 6995450ca156434cf8c80137 -> BestMummy_TNT012
2026-03-03 15:27:53,570 - Tenant context set: 6995450ca156434cf8c80137 -> BestMummy_TNT012
2026-03-03 15:27:53,643 - Tenant context set: 6995450ca156434cf8c80137 -> BestMummy_TNT012
2026-03-03 15:27:55,029 - Tenant context set: 6995450ca156434cf8c80137 -> BestMummy_TNT012
2026-03-03 15:27:55,128 - Tenant context set: 6995450ca156434cf8c80137 -> BestMummy_TNT012
2026-03-03 15:27:55,241 - Tenant context set: 6995450ca156434cf8c80137 -> BestMummy_TNT012
2026-03-03 15:27:55,349 - Tenant context set: 6995450ca156434cf8c80137 -> BestMummy_TNT012
2026-03-03 15:27:57,016 - Tenant context set: 6995450ca156434cf8c80137 -> BestMummy_TNT012
2026-03-03 15:27:57,116 - Tenant context set: 6995450ca156434cf8c80137 -> BestMummy_TNT012
2026-03-03 15:27:57,227 - Tenant context set: 6995450ca156434cf8c80137 -> BestMummy_TNT012
2026-03-03 15:27:57,336 - Tenant context set: 6995450ca156434cf8c80137 -> BestMummy_TNT012
2026-03-03 15:27:57,442 - Tenant context set: 6995450ca156434cf8c80137 -> BestMummy_TNT012
2026-03-03 15:27:59,549 - Tenant context set: 6995450ca156434cf8c80137 -> BestMummy_TNT012
2026-03-03 15:27:59,876 - Tenant context set: 6995450ca156434cf8c80137 -> BestMummy_TNT012
2026-03-03 15:27:59,967 - Tenant context set: 6995450ca156434cf8c80137 -> BestMummy_TNT012
2026-03-03 15:28:00,061 - Tenant context set: 6995450ca156434cf8c80137 -> BestMummy_TNT012
2026-03-03 15:28:00,731 - Tenant context set: 6995450ca156434cf8c80137 -> BestMummy_TNT012
2026-03-03 15:28:01,660 - Tenant context set: 6995450ca156434cf8c80137 -> BestMummy_TNT012
2026-03-03 15:28:01,752 - Tenant context set: 6995450ca156434cf8c80137 -> BestMummy_TNT012
2026-03-03 15:28:02,913 - Tenant context set: 6995450ca156434cf8c80137 -> BestMummy_TNT012
2026-03-03 15:28:09,865 - Tenant context set: 6995450ca156434cf8c80137 -> BestMummy_TNT012
2026-03-03 15:28:09,975 - Tenant context set: 6995450ca156434cf8c80137 -> BestMummy_TNT012
2026-03-03 15:28:19,514 - Tenant context set: 6995450ca156434cf8c80137 -> BestMummy_TNT012
2026-03-03 15:28:23,851 - Tenant context set: 6995450ca156434cf8c80137 -> BestMummy_TNT012
2026-03-03 15:28:23,926 - Tenant context set: 6995450ca156434cf8c80137 -> BestMummy_TNT012
2026-03-03 15:28:53,216 - Tenant context set: 6995450ca156434cf8c80137 -> BestMummy_TNT012
2026-03-03 15:28:57,248 - ✅ Inventory connection created
2026-03-03 15:29:00,521 - Tenant context set: 6995450ca156434cf8c80137 -> BestMummy_TNT012
2026-03-03 15:34:41,924 - ✅ Successfully imported: purchaseOrder.po_to_grn
2026-03-03 15:34:41,924 - ✅ Router found in: purchaseOrder.po_to_grn
2026-03-03 15:34:41,926 - ✅ Included YEN ERP: purchaseOrder.po_to_grn
2026-03-03 15:34:41,926 - 🟡 Attempting to import: purchaseOrder.grnConverted
2026-03-03 15:34:41,937 - ✅ Successfully imported: purchaseOrder.grnConverted
2026-03-03 15:34:41,937 - ✅ Router found in: purchaseOrder.grnConverted
2026-03-03 15:34:41,939 - ✅ Included YEN ERP: purchaseOrder.grnConverted
2026-03-03 15:34:41,939 - 🟡 Attempting to import: purchaseOrder.poedit
2026-03-03 15:34:41,943 - ✅ Successfully imported: purchaseOrder.poedit
2026-03-03 15:34:41,943 - ✅ Router found in: purchaseOrder.poedit
2026-03-03 15:34:41,944 - ✅ Included YEN ERP: purchaseOrder.poedit
2026-03-03 15:34:41,944 - 🟡 Attempting to import: purchaseOrder.freightfunction
2026-03-03 15:34:41,951 - ✅ Successfully imported: purchaseOrder.freightfunction
2026-03-03 15:34:41,952 - ✅ Router found in: purchaseOrder.freightfunction
2026-03-03 15:34:41,953 - ✅ Included YEN ERP: purchaseOrder.freightfunction
2026-03-03 15:34:41,953 - 🟡 Attempting to import: purchaseOrder.pending
2026-03-03 15:34:41,968 - ✅ Successfully imported: purchaseOrder.pending
2026-03-03 15:34:41,968 - ✅ Router found in: purchaseOrder.pending
2026-03-03 15:34:41,970 - ✅ Included YEN ERP: purchaseOrder.pending
2026-03-03 15:34:41,970 - 🟡 Attempting to import: grn.routes
2026-03-03 15:34:41,970 - ✅ Successfully imported: grn.routes
2026-03-03 15:34:41,971 - ✅ Router found in: grn.routes
2026-03-03 15:34:41,987 - ✅ Included YEN ERP: grn.routes
2026-03-03 15:34:41,987 - 🟡 Attempting to import: grn.return
2026-03-03 15:34:42,118 - ✅ Successfully imported: grn.return
2026-03-03 15:34:42,118 - ✅ Router found in: grn.return
2026-03-03 15:34:42,123 - ✅ Included YEN ERP: grn.return
2026-03-03 15:34:42,123 - 🟡 Attempting to import: grn.grn_to_ap
2026-03-03 15:34:42,185 - ✅ Successfully imported: grn.grn_to_ap
2026-03-03 15:34:42,185 - ✅ Router found in: grn.grn_to_ap
2026-03-03 15:34:42,187 - ✅ Included YEN ERP: grn.grn_to_ap
2026-03-03 15:34:42,187 - 🟡 Attempting to import: grn.debitnote
2026-03-03 15:34:42,800 - ❌ Failed to import grn.debitnote: cannot import name 'get_apinvoice_collection' from 'apinvoice.utils' (D:\Salini\live-po-tenant-authorization-backend-1.0.10\apinvoice\utils.py)
2026-03-03 15:34:42,800 - 🟡 Attempting to import: grn.grn_to_ap_outgoing
2026-03-03 15:34:42,855 - ✅ Successfully imported: grn.grn_to_ap_outgoing
2026-03-03 15:34:42,856 - ✅ Router found in: grn.grn_to_ap_outgoing
2026-03-03 15:34:42,858 - ✅ Included YEN ERP: grn.grn_to_ap_outgoing
2026-03-03 15:34:42,858 - 🟡 Attempting to import: grn.grn_to_po
2026-03-03 15:34:42,863 - ✅ Successfully imported: grn.grn_to_po
2026-03-03 15:34:42,863 - ✅ Router found in: grn.grn_to_po
2026-03-03 15:34:42,864 - ✅ Included YEN ERP: grn.grn_to_po
2026-03-03 15:34:42,864 - 🟡 Attempting to import: apinvoice.routes
2026-03-03 15:34:42,864 - ✅ Successfully imported: apinvoice.routes
2026-03-03 15:34:42,864 - ✅ Router found in: apinvoice.routes
2026-03-03 15:34:42,878 - ✅ Included YEN ERP: apinvoice.routes
2026-03-03 15:34:42,878 - 🟡 Attempting to import: apinvoice.ap_to_outgoing
2026-03-03 15:34:42,882 - ✅ Successfully imported: apinvoice.ap_to_outgoing
2026-03-03 15:34:42,882 - ✅ Router found in: apinvoice.ap_to_outgoing
2026-03-03 15:34:42,883 - ✅ Included YEN ERP: apinvoice.ap_to_outgoing
2026-03-03 15:34:42,883 - 🟡 Attempting to import: apinvoice.apReturned
2026-03-03 15:34:42,886 - ✅ Successfully imported: apinvoice.apReturned
2026-03-03 15:34:42,886 - ✅ Router found in: apinvoice.apReturned
2026-03-03 15:34:42,887 - ✅ Included YEN ERP: apinvoice.apReturned
2026-03-03 15:34:42,887 - 🟡 Attempting to import: outgoingPayment.routes
2026-03-03 15:34:42,887 - ✅ Successfully imported: outgoingPayment.routes
2026-03-03 15:34:42,887 - ✅ Router found in: outgoingPayment.routes
2026-03-03 15:34:42,898 - ✅ Included YEN ERP: outgoingPayment.routes
2026-03-03 15:34:42,899 - 🟡 Attempting to import: outgoingPayment.bulk_payment
2026-03-03 15:34:42,909 - ✅ Successfully imported: outgoingPayment.bulk_payment
2026-03-03 15:34:42,909 - ✅ Router found in: outgoingPayment.bulk_payment
2026-03-03 15:34:42,910 - ✅ Included YEN ERP: outgoingPayment.bulk_payment
2026-03-03 15:34:42,910 - 🟡 Attempting to import: outgoingPayment.vendor_ledger
2026-03-03 15:34:42,915 - ✅ Successfully imported: outgoingPayment.vendor_ledger
2026-03-03 15:34:42,915 - ✅ Router found in: outgoingPayment.vendor_ledger
2026-03-03 15:34:42,917 - ✅ Included YEN ERP: outgoingPayment.vendor_ledger
2026-03-03 15:34:42,917 - 🟡 Attempting to import: outgoingPayment.single_payment
2026-03-03 15:34:42,921 - ✅ Successfully imported: outgoingPayment.single_payment
2026-03-03 15:34:42,921 - ✅ Router found in: outgoingPayment.single_payment
2026-03-03 15:34:42,922 - ✅ Included YEN ERP: outgoingPayment.single_payment
2026-03-03 15:34:42,922 - 🟡 Attempting to import: outgoingPayment.payment_history
2026-03-03 15:34:42,943 - ✅ Successfully imported: outgoingPayment.payment_history
2026-03-03 15:34:42,944 - ✅ Router found in: outgoingPayment.payment_history
2026-03-03 15:34:42,946 - ✅ Included YEN ERP: outgoingPayment.payment_history
2026-03-03 15:34:42,946 - 🟡 Attempting to import: outgoingPayment.advance_routes
2026-03-03 15:34:42,962 - ✅ Successfully imported: outgoingPayment.advance_routes
2026-03-03 15:34:42,962 - ✅ Router found in: outgoingPayment.advance_routes
2026-03-03 15:34:42,967 - ✅ Included YEN ERP: outgoingPayment.advance_routes
2026-03-03 15:34:42,967 - 🟡 Attempting to import: Business.routes
2026-03-03 15:34:42,977 - ✅ Successfully imported: Business.routes
2026-03-03 15:34:42,977 - ✅ Router found in: Business.routes
2026-03-03 15:34:42,981 - ✅ Included YEN ERP: Business.routes
2026-03-03 15:34:42,981 - 🟡 Attempting to import: Personal.routes
2026-03-03 15:34:42,989 - ✅ Successfully imported: Personal.routes
2026-03-03 15:34:42,989 - ✅ Router found in: Personal.routes
2026-03-03 15:34:42,992 - ✅ Included YEN ERP: Personal.routes
2026-03-03 15:34:42,992 - 🟡 Attempting to import: shippingaddress.routes
2026-03-03 15:34:43,000 - ✅ Successfully imported: shippingaddress.routes
2026-03-03 15:34:43,000 - ✅ Router found in: shippingaddress.routes
2026-03-03 15:34:43,004 - ✅ Included YEN ERP: shippingaddress.routes
2026-03-03 15:34:43,004 - 🟡 Attempting to import: ItemGroup.routes
2026-03-03 15:34:43,015 - ✅ Successfully imported: ItemGroup.routes
2026-03-03 15:34:43,016 - ✅ Router found in: ItemGroup.routes
2026-03-03 15:34:43,022 - ✅ Included YEN ERP: ItemGroup.routes
2026-03-03 15:34:43,022 - 🟡 Attempting to import: FreightMaster.routes
2026-03-03 15:34:43,034 - ✅ Successfully imported: FreightMaster.routes
2026-03-03 15:34:43,034 - ✅ Router found in: FreightMaster.routes
2026-03-03 15:34:43,041 - ✅ Included YEN ERP: FreightMaster.routes
2026-03-03 15:34:43,041 - 🟡 Attempting to import: purchaseOrder.poimport
2026-03-03 15:34:44,896 - ✅ Successfully imported: purchaseOrder.poimport
2026-03-03 15:34:44,896 - ✅ Router found in: purchaseOrder.poimport
2026-03-03 15:34:44,900 - ✅ Included YEN ERP: purchaseOrder.poimport
2026-03-03 15:34:44,900 - 🟡 Attempting to import: ServiceOrder.routes
2026-03-03 15:34:44,950 - ✅ Successfully imported: ServiceOrder.routes
2026-03-03 15:34:44,950 - ✅ Router found in: ServiceOrder.routes
2026-03-03 15:34:44,960 - ✅ Included YEN ERP: ServiceOrder.routes
2026-03-03 15:34:44,960 - 🟡 Attempting to import: Service.serviceSummary
2026-03-03 15:34:44,965 - ✅ Successfully imported: Service.serviceSummary
2026-03-03 15:34:44,965 - ✅ Router found in: Service.serviceSummary
2026-03-03 15:34:44,967 - ✅ Included YEN ERP: Service.serviceSummary
2026-03-03 15:34:44,967 - 🟡 Attempting to import: ServiceOrder.servicelist
2026-03-03 15:34:44,975 - ✅ Successfully imported: ServiceOrder.servicelist
2026-03-03 15:34:44,975 - ✅ Router found in: ServiceOrder.servicelist
2026-03-03 15:34:44,979 - ✅ Included YEN ERP: ServiceOrder.servicelist
2026-03-03 15:34:44,979 - 🟡 Attempting to import: ServiceOrder.filterpatch
2026-03-03 15:34:44,984 - ✅ Successfully imported: ServiceOrder.filterpatch
2026-03-03 15:34:44,984 - ✅ Router found in: ServiceOrder.filterpatch
2026-03-03 15:34:44,988 - ✅ Included YEN ERP: ServiceOrder.filterpatch
2026-03-03 15:34:44,988 - 🟡 Attempting to import: ServiceOrder.service_ap_outgoing
2026-03-03 15:34:44,997 - ✅ Successfully imported: ServiceOrder.service_ap_outgoing
2026-03-03 15:34:44,997 - ✅ Router found in: ServiceOrder.service_ap_outgoing
2026-03-03 15:34:45,001 - ✅ Included YEN ERP: ServiceOrder.service_ap_outgoing
2026-03-03 15:39:37,116 - ✅ Main sync connection created
2026-03-03 15:39:37,813 - Tenant context set: 6995450ca156434cf8c80137 -> BestMummy_TNT012
2026-03-03 15:39:38,708 - ✅ Tenant 6995450ca156434cf8c80137 sync DB: BestMummy_TNT012
2026-03-03 15:39:40,319 - ✅ Inventory connection created
2026-03-03 15:39:41,916 - Tenant context set: 6995450ca156434cf8c80137 -> BestMummy_TNT012
2026-03-03 15:41:22,418 - Tenant context set: 6995450ca156434cf8c80137 -> BestMummy_TNT012
2026-03-03 15:41:23,117 - Tenant context set: 6995450ca156434cf8c80137 -> BestMummy_TNT012
2026-03-03 15:41:23,336 - Tenant context set: 6995450ca156434cf8c80137 -> BestMummy_TNT012
2026-03-03 15:41:23,414 - Tenant context set: 6995450ca156434cf8c80137 -> BestMummy_TNT012
2026-03-03 15:41:23,812 - Tenant context set: 6995450ca156434cf8c80137 -> BestMummy_TNT012
2026-03-03 15:41:24,407 - Tenant context set: 6995450ca156434cf8c80137 -> BestMummy_TNT012
2026-03-03 15:41:24,532 - Full MongoDB query: {'status': {'$in': ['Active', 'active', 'Partially Returned', 'PartiallyReturned']}}
2026-03-03 15:41:24,615 - Raw total matching GRNs: 10
2026-03-03 15:41:24,813 - Fetched 10 raw GRNs from cursor
2026-03-03 15:41:25,029 - GRN 69a6b363bf02e32d7b586cf5: vendorName raw='SKB COCONUT MERCHANT', stripped='SKB COCONUT MERCHANT', filter='None'
2026-03-03 15:41:25,029 - Matched GRN 69a6b363bf02e32d7b586cf5: vendorName='SKB COCONUT MERCHANT'
2026-03-03 15:41:25,045 - GRN 69a6b0dfbead3f4e7573a30c: vendorName raw='SKB COCONUT MERCHANT', stripped='SKB COCONUT MERCHANT', filter='None'
2026-03-03 15:41:25,045 - Matched GRN 69a6b0dfbead3f4e7573a30c: vendorName='SKB COCONUT MERCHANT'
2026-03-03 15:41:25,051 - GRN 69a67eadad8013cc4b9cdd89: vendorName raw='SKB COCONUT MERCHANT', stripped='SKB COCONUT MERCHANT', filter='None'
2026-03-03 15:41:25,051 - Matched GRN 69a67eadad8013cc4b9cdd89: vendorName='SKB COCONUT MERCHANT'
2026-03-03 15:41:25,051 - GRN 69a67c38ad8013cc4b9cdd82: vendorName raw='SARAVANA DAIRY FARM', stripped='SARAVANA DAIRY FARM', filter='None'
2026-03-03 15:41:25,051 - Matched GRN 69a67c38ad8013cc4b9cdd82: vendorName='SARAVANA DAIRY FARM'
2026-03-03 15:41:25,052 - GRN 69a5824ee1601c65eb6369ba: vendorName raw='SKM ANIMAL FEEDS AND FOODS (INDIA) PRIVATE LIMITED', stripped='SKM ANIMAL FEEDS AND FOODS (INDIA) PRIVATE LIMITED', filter='None'
2026-03-03 15:41:25,052 - Matched GRN 69a5824ee1601c65eb6369ba: vendorName='SKM ANIMAL FEEDS AND FOODS (INDIA) PRIVATE LIMITED'
2026-03-03 15:41:25,052 - GRN 69a5409c3da8e7b67721556a: vendorName raw='SRI VASAVI AGENCIES', stripped='SRI VASAVI AGENCIES', filter='None'
2026-03-03 15:41:25,052 - Matched GRN 69a5409c3da8e7b67721556a: vendorName='SRI VASAVI AGENCIES'
2026-03-03 15:41:25,052 - GRN 69a5301c7a1281a69d3b0e96: vendorName raw='VISHVAN TRADERS', stripped='VISHVAN TRADERS', filter='None'
2026-03-03 15:41:25,052 - Matched GRN 69a5301c7a1281a69d3b0e96: vendorName='VISHVAN TRADERS'
2026-03-03 15:41:25,052 - GRN 69a52e077a1281a69d3b0e92: vendorName raw='KAKIDHA PIE', stripped='KAKIDHA PIE', filter='None'
2026-03-03 15:41:25,052 - Matched GRN 69a52e077a1281a69d3b0e92: vendorName='KAKIDHA PIE'
2026-03-03 15:41:25,053 - GRN 69a52de43e3ad41803952cd4: vendorName raw='KAKIDHA PIE', stripped='KAKIDHA PIE', filter='None'
2026-03-03 15:41:25,053 - Matched GRN 69a52de43e3ad41803952cd4: vendorName='KAKIDHA PIE'
2026-03-03 15:41:25,054 - GRN 69a52d513e3ad41803952cd2: vendorName raw='KAKIDHA PIE', stripped='KAKIDHA PIE', filter='None'
2026-03-03 15:41:25,054 - Matched GRN 69a52d513e3ad41803952cd2: vendorName='KAKIDHA PIE'
2026-03-03 15:41:25,054 - Final filtered GRNs: 10 (skipped: 0 total fetched: 10)
2026-03-03 15:41:25,321 - Tenant context set: 6995450ca156434cf8c80137 -> BestMummy_TNT012
2026-03-03 15:41:25,607 - Tenant context set: 6995450ca156434cf8c80137 -> BestMummy_TNT012
2026-03-03 15:41:25,717 - Tenant context set: 6995450ca156434cf8c80137 -> BestMummy_TNT012
2026-03-03 15:41:25,814 - Tenant context set: 6995450ca156434cf8c80137 -> BestMummy_TNT012
2026-03-03 15:41:26,308 - Full MongoDB query: {'status': {'$in': ['Active', 'active', 'Partially Returned', 'PartiallyReturned']}}
2026-03-03 15:41:26,419 - Raw total matching GRNs: 10
2026-03-03 15:41:26,618 - Fetched 10 raw GRNs from cursor
2026-03-03 15:41:26,842 - GRN 69a6b363bf02e32d7b586cf5: vendorName raw='SKB COCONUT MERCHANT', stripped='SKB COCONUT MERCHANT', filter='None'
2026-03-03 15:41:26,842 - Matched GRN 69a6b363bf02e32d7b586cf5: vendorName='SKB COCONUT MERCHANT'
2026-03-03 15:41:26,842 - GRN 69a6b0dfbead3f4e7573a30c: vendorName raw='SKB COCONUT MERCHANT', stripped='SKB COCONUT MERCHANT', filter='None'
2026-03-03 15:41:26,842 - Matched GRN 69a6b0dfbead3f4e7573a30c: vendorName='SKB COCONUT MERCHANT'
2026-03-03 15:41:26,842 - GRN 69a67eadad8013cc4b9cdd89: vendorName raw='SKB COCONUT MERCHANT', stripped='SKB COCONUT MERCHANT', filter='None'
2026-03-03 15:41:26,842 - Matched GRN 69a67eadad8013cc4b9cdd89: vendorName='SKB COCONUT MERCHANT'
2026-03-03 15:41:26,842 - GRN 69a67c38ad8013cc4b9cdd82: vendorName raw='SARAVANA DAIRY FARM', stripped='SARAVANA DAIRY FARM', filter='None'
2026-03-03 15:41:26,842 - Matched GRN 69a67c38ad8013cc4b9cdd82: vendorName='SARAVANA DAIRY FARM'
2026-03-03 15:41:26,844 - GRN 69a5824ee1601c65eb6369ba: vendorName raw='SKM ANIMAL FEEDS AND FOODS (INDIA) PRIVATE LIMITED', stripped='SKM ANIMAL FEEDS AND FOODS (INDIA) PRIVATE LIMITED', filter='None'
2026-03-03 15:41:26,844 - Matched GRN 69a5824ee1601c65eb6369ba: vendorName='SKM ANIMAL FEEDS AND FOODS (INDIA) PRIVATE LIMITED'
2026-03-03 15:41:26,845 - GRN 69a5409c3da8e7b67721556a: vendorName raw='SRI VASAVI AGENCIES', stripped='SRI VASAVI AGENCIES', filter='None'
2026-03-03 15:41:26,846 - Matched GRN 69a5409c3da8e7b67721556a: vendorName='SRI VASAVI AGENCIES'
2026-03-03 15:41:26,847 - GRN 69a5301c7a1281a69d3b0e96: vendorName raw='VISHVAN TRADERS', stripped='VISHVAN TRADERS', filter='None'
2026-03-03 15:41:26,847 - Matched GRN 69a5301c7a1281a69d3b0e96: vendorName='VISHVAN TRADERS'
2026-03-03 15:41:26,847 - GRN 69a52e077a1281a69d3b0e92: vendorName raw='KAKIDHA PIE', stripped='KAKIDHA PIE', filter='None'
2026-03-03 15:41:26,847 - Matched GRN 69a52e077a1281a69d3b0e92: vendorName='KAKIDHA PIE'
2026-03-03 15:41:26,848 - GRN 69a52de43e3ad41803952cd4: vendorName raw='KAKIDHA PIE', stripped='KAKIDHA PIE', filter='None'
2026-03-03 15:41:26,848 - Matched GRN 69a52de43e3ad41803952cd4: vendorName='KAKIDHA PIE'
2026-03-03 15:41:26,848 - GRN 69a52d513e3ad41803952cd2: vendorName raw='KAKIDHA PIE', stripped='KAKIDHA PIE', filter='None'
2026-03-03 15:41:26,848 - Matched GRN 69a52d513e3ad41803952cd2: vendorName='KAKIDHA PIE'
2026-03-03 15:41:26,848 - Final filtered GRNs: 10 (skipped: 0 total fetched: 10)
2026-03-03 15:58:57,898 - Tenant context set: 6995450ca156434cf8c80137 -> BestMummy_TNT012
2026-03-03 15:58:59,299 - ====================================================================================================
2026-03-03 15:58:59,300 - 🔄 INITIATING GRN REVERT - GRN ID: 69a6b363bf02e32d7b586cf5
2026-03-03 15:58:59,300 - Associated PO ID: 69a69286ad8013cc4b9cdd98
2026-03-03 15:58:59,300 - ====================================================================================================
2026-03-03 15:58:59,301 - GRN_REVERT_START|grn_id=69a6b363bf02e32d7b586cf5|po_id=69a69286ad8013cc4b9cdd98
2026-03-03 15:58:59,308 - Reversed GRN for item 69a69286ad8013cc4b9cdd96: totalReceivedQuantity now 0.00, pending 10.00, expiryDate cleared
2026-03-03 15:58:59,308 - PO_ITEM_REVERT|item_id=69a69286ad8013cc4b9cdd96|randomId=PI103|qty_removed=10.00|new_total=0.00
2026-03-03 15:58:59,309 - Reversed GRN for item 69a69286ad8013cc4b9cdd97: totalReceivedQuantity now 0.00, pending 10.00, expiryDate cleared
2026-03-03 15:58:59,309 - PO_ITEM_REVERT|item_id=69a69286ad8013cc4b9cdd97|randomId=PI072|qty_removed=10.00|new_total=0.00
2026-03-03 15:58:59,311 - ✅ Step 1: PO items updated - 2 items reversed
2026-03-03 15:58:59,314 - ====================================================================================================
2026-03-03 15:58:59,314 - STOCK UPDATE - REVERT (SUBTRACT)
2026-03-03 15:58:59,314 - Timestamp: 2026-03-03 15:58:59.313558+05:30
2026-03-03 15:58:59,314 - Total items to process: 2
2026-03-03 15:58:59,314 - ====================================================================================================
2026-03-03 15:58:59,314 - 
--- Processing Item 1/2 ---
2026-03-03 15:58:59,314 - Item RandomId: PI103
2026-03-03 15:58:59,315 - Item Name: LION MANGO SYRUP
2026-03-03 15:58:59,315 - Location: WH001
2026-03-03 15:58:59,317 - Quantity Change: -10.00 (SUBTRACT 10.0)
2026-03-03 15:58:59,499 - Item Master Stock Calculation: 98.00 + (-10.00) = 88.00
2026-03-03 15:59:00,528 - ✅ PURCHASEITEM UPDATED - Total Stock: 98.00 -> 88.00 (Change: -10.00)
2026-03-03 15:59:00,529 - ❌ Inventory update failed: get_inventory_collection() takes 0 positional arguments but 1 was given
2026-03-03 15:59:00,529 - 
--- Processing Item 2/2 ---
2026-03-03 15:59:00,530 - Item RandomId: PI072
2026-03-03 15:59:00,530 - Item Name: BANNARI MAIDA WHEAT FLOUR- 50KG BAKERY SPECIAL
2026-03-03 15:59:00,530 - Location: WH001
2026-03-03 15:59:00,530 - Quantity Change: -10.00 (SUBTRACT 10.0)
2026-03-03 15:59:01,561 - Item Master Stock Calculation: 560.00 + (-10.00) = 550.00
2026-03-03 15:59:01,708 - ✅ PURCHASEITEM UPDATED - Total Stock: 560.00 -> 550.00 (Change: -10.00)
2026-03-03 15:59:01,708 - ❌ Inventory update failed: get_inventory_collection() takes 0 positional arguments but 1 was given
2026-03-03 15:59:02,529 - ====================================================================================================
📊 STOCK UPDATE COMPLETE SUMMARY
====================================================================================================
Operation Type: REVERT (SUBTRACT)
Total Items Processed: 2
Successful: 0
Failed: 2

📦 PURCHASEITEM UPDATES (Item Master):
   - Total Stock Updates: 2

📍 INVENTORY UPDATES (Location-Based):
   - Location Updates: 0
   - Location Creates: 0
   - Errors: 2
====================================================================================================
2026-03-03 15:59:02,539 - ✅ Step 2: Stock quantities reversed in purchaseitem and inventory
2026-03-03 15:59:02,540 -    - PurchaseItem updates: 2
2026-03-03 15:59:02,540 -    - Inventory updates: 0
2026-03-03 15:59:02,540 -    - Inventory creates: 0
2026-03-03 15:59:02,548 - ✅ Step 3: PO totals recalculated
2026-03-03 15:59:02,549 - ✅ Step 4: Status determined - PO Status: Approved, Item Status: Pending
2026-03-03 15:59:02,825 - ✅ Step 5: GRN marked as reverted with canBeReUpdated=True
2026-03-03 15:59:04,401 - ✅ Step 6: PO updated successfully
2026-03-03 15:59:05,218 - 
====================================================================================================
✅ GRN REVERT COMPLETED SUCCESSFULLY
====================================================================================================
GRN ID: 69a6b363bf02e32d7b586cf5
PO ID: 69a69286ad8013cc4b9cdd98
New PO Status: Approved
Items Reversed: 2
Stock Updates:
  - PurchaseItem Updates: 2
  - Inventory Updates: 0
  - Inventory Creates: 0
Total Order Amount: 0.00
Pending Order Amount: 1595.12
Can Be Re-Updated: True
====================================================================================================
        
2026-03-03 15:59:05,272 - GRN_REVERT_COMPLETE|grn_id=69a6b363bf02e32d7b586cf5|po_id=69a69286ad8013cc4b9cdd98|status=Approved|items_reversed=2|stock_updates={'success': False, 'totalProcessed': 2, 'successful': 0, 'failed': 2, 'items': [{'randomId': 'PI103', 'itemName': 'LION MANGO SYRUP', 'stockChange': -10.0, 'newStock': 88.0, 'locationStockChange': 0, 'newLocationStock': 0, 'locationId': 'WH001', 'priceUpdated': False, 'status': 'failed', 'reason': 'Inventory update failed: get_inventory_collection() takes 0 positional arguments but 1 was given'}, {'randomId': 'PI072', 'itemName': 'BANNARI MAIDA WHEAT FLOUR- 50KG BAKERY SPECIAL', 'stockChange': -10.0, 'newStock': 550.0, 'locationStockChange': 0, 'newLocationStock': 0, 'locationId': 'WH001', 'priceUpdated': False, 'status': 'failed', 'reason': 'Inventory update failed: get_inventory_collection() takes 0 positional arguments but 1 was given'}], 'timestamp': '2026-03-03T15:58:59.313558+05:30', 'purchaseitem_updates': 2, 'inventory_updates': 0, 'inventory_creates': 0, 'errors': 2}
2026-03-03 15:59:05,274 - GRN_REVERT|grn_id=69a6b363bf02e32d7b586cf5|po_id=69a69286ad8013cc4b9cdd98|timestamp=2026-03-03 15:59:02.549377+05:30
2026-03-03 15:59:05,607 - Tenant context set: 6995450ca156434cf8c80137 -> BestMummy_TNT012
2026-03-03 15:59:05,899 - Full MongoDB query: {'status': {'$in': ['Active', 'active', 'Partially Returned', 'PartiallyReturned']}}
2026-03-03 15:59:05,999 - Raw total matching GRNs: 9
2026-03-03 15:59:06,687 - Fetched 9 raw GRNs from cursor
2026-03-03 15:59:06,904 - GRN 69a6b0dfbead3f4e7573a30c: vendorName raw='SKB COCONUT MERCHANT', stripped='SKB COCONUT MERCHANT', filter='None'
2026-03-03 15:59:06,904 - Matched GRN 69a6b0dfbead3f4e7573a30c: vendorName='SKB COCONUT MERCHANT'
2026-03-03 15:59:06,904 - GRN 69a67eadad8013cc4b9cdd89: vendorName raw='SKB COCONUT MERCHANT', stripped='SKB COCONUT MERCHANT', filter='None'
2026-03-03 15:59:06,904 - Matched GRN 69a67eadad8013cc4b9cdd89: vendorName='SKB COCONUT MERCHANT'
2026-03-03 15:59:07,720 - GRN 69a67c38ad8013cc4b9cdd82: vendorName raw='SARAVANA DAIRY FARM', stripped='SARAVANA DAIRY FARM', filter='None'
2026-03-03 15:59:07,721 - Matched GRN 69a67c38ad8013cc4b9cdd82: vendorName='SARAVANA DAIRY FARM'
2026-03-03 15:59:07,724 - GRN 69a5824ee1601c65eb6369ba: vendorName raw='SKM ANIMAL FEEDS AND FOODS (INDIA) PRIVATE LIMITED', stripped='SKM ANIMAL FEEDS AND FOODS (INDIA) PRIVATE LIMITED', filter='None'
2026-03-03 15:59:07,725 - Matched GRN 69a5824ee1601c65eb6369ba: vendorName='SKM ANIMAL FEEDS AND FOODS (INDIA) PRIVATE LIMITED'
2026-03-03 15:59:07,725 - GRN 69a5409c3da8e7b67721556a: vendorName raw='SRI VASAVI AGENCIES', stripped='SRI VASAVI AGENCIES', filter='None'
2026-03-03 15:59:07,726 - Matched GRN 69a5409c3da8e7b67721556a: vendorName='SRI VASAVI AGENCIES'
2026-03-03 15:59:07,726 - GRN 69a5301c7a1281a69d3b0e96: vendorName raw='VISHVAN TRADERS', stripped='VISHVAN TRADERS', filter='None'
2026-03-03 15:59:07,726 - Matched GRN 69a5301c7a1281a69d3b0e96: vendorName='VISHVAN TRADERS'
2026-03-03 15:59:07,726 - GRN 69a52e077a1281a69d3b0e92: vendorName raw='KAKIDHA PIE', stripped='KAKIDHA PIE', filter='None'
2026-03-03 15:59:07,726 - Matched GRN 69a52e077a1281a69d3b0e92: vendorName='KAKIDHA PIE'
2026-03-03 15:59:07,726 - GRN 69a52de43e3ad41803952cd4: vendorName raw='KAKIDHA PIE', stripped='KAKIDHA PIE', filter='None'
2026-03-03 15:59:07,726 - Matched GRN 69a52de43e3ad41803952cd4: vendorName='KAKIDHA PIE'
2026-03-03 15:59:07,726 - GRN 69a52d513e3ad41803952cd2: vendorName raw='KAKIDHA PIE', stripped='KAKIDHA PIE', filter='None'
2026-03-03 15:59:07,727 - Matched GRN 69a52d513e3ad41803952cd2: vendorName='KAKIDHA PIE'
2026-03-03 15:59:07,727 - Final filtered GRNs: 9 (skipped: 0 total fetched: 9)
2026-03-03 15:59:20,111 - Tenant context set: 6995450ca156434cf8c80137 -> BestMummy_TNT012
2026-03-03 15:59:20,397 - Tenant context set: 6995450ca156434cf8c80137 -> BestMummy_TNT012
2026-03-03 15:59:20,509 - Tenant context set: 6995450ca156434cf8c80137 -> BestMummy_TNT012
2026-03-03 15:59:20,607 - Tenant context set: 6995450ca156434cf8c80137 -> BestMummy_TNT012
2026-03-03 15:59:20,702 - Tenant context set: 6995450ca156434cf8c80137 -> BestMummy_TNT012
2026-03-03 15:59:23,005 - Tenant context set: 6995450ca156434cf8c80137 -> BestMummy_TNT012
2026-03-03 15:59:23,096 - Tenant context set: 6995450ca156434cf8c80137 -> BestMummy_TNT012
2026-03-03 15:59:23,196 - Tenant context set: 6995450ca156434cf8c80137 -> BestMummy_TNT012
2026-03-03 15:59:23,295 - Tenant context set: 6995450ca156434cf8c80137 -> BestMummy_TNT012
2026-03-03 15:59:24,707 - Tenant context set: 6995450ca156434cf8c80137 -> BestMummy_TNT012
2026-03-03 15:59:25,597 - Tenant context set: 6995450ca156434cf8c80137 -> BestMummy_TNT012
2026-03-03 15:59:30,197 - Tenant context set: 6995450ca156434cf8c80137 -> BestMummy_TNT012
2026-03-03 15:59:30,296 - Tenant context set: 6995450ca156434cf8c80137 -> BestMummy_TNT012
2026-03-03 15:59:30,400 - Tenant context set: 6995450ca156434cf8c80137 -> BestMummy_TNT012
2026-03-03 15:59:30,522 - Tenant context set: 6995450ca156434cf8c80137 -> BestMummy_TNT012
2026-03-03 15:59:30,596 - Tenant context set: 6995450ca156434cf8c80137 -> BestMummy_TNT012
2026-03-03 15:59:33,194 - Tenant context set: 6995450ca156434cf8c80137 -> BestMummy_TNT012
2026-03-03 15:59:33,300 - Tenant context set: 6995450ca156434cf8c80137 -> BestMummy_TNT012
2026-03-03 15:59:33,704 - Tenant context set: 6995450ca156434cf8c80137 -> BestMummy_TNT012
2026-03-03 15:59:33,814 - Tenant context set: 6995450ca156434cf8c80137 -> BestMummy_TNT012
2026-03-03 15:59:34,898 - Tenant context set: 6995450ca156434cf8c80137 -> BestMummy_TNT012
2026-03-03 15:59:36,007 - Tenant context set: 6995450ca156434cf8c80137 -> BestMummy_TNT012
2026-03-03 15:59:36,094 - Tenant context set: 6995450ca156434cf8c80137 -> BestMummy_TNT012
2026-03-03 15:59:37,793 - Tenant context set: 6995450ca156434cf8c80137 -> BestMummy_TNT012
2026-03-03 15:59:37,896 - Tenant context set: 6995450ca156434cf8c80137 -> BestMummy_TNT012
2026-03-03 15:59:38,697 - Tenant context set: 6995450ca156434cf8c80137 -> BestMummy_TNT012
2026-03-03 15:59:38,800 - Tenant context set: 6995450ca156434cf8c80137 -> BestMummy_TNT012
2026-03-03 15:59:40,323 - Tenant context set: 6995450ca156434cf8c80137 -> BestMummy_TNT012
2026-03-03 15:59:41,109 - Tenant context set: 6995450ca156434cf8c80137 -> BestMummy_TNT012
2026-03-03 15:59:42,101 - Tenant context set: 6995450ca156434cf8c80137 -> BestMummy_TNT012
2026-03-03 15:59:42,195 - Tenant context set: 6995450ca156434cf8c80137 -> BestMummy_TNT012
2026-03-03 15:59:42,306 - Tenant context set: 6995450ca156434cf8c80137 -> BestMummy_TNT012
2026-03-03 15:59:42,396 - Tenant context set: 6995450ca156434cf8c80137 -> BestMummy_TNT012
2026-03-03 15:59:42,606 - Tenant context set: 6995450ca156434cf8c80137 -> BestMummy_TNT012
2026-03-03 16:10:09,692 - Tenant context set: 6995450ca156434cf8c80137 -> BestMummy_TNT012
2026-03-03 16:10:09,806 - Tenant context set: 6995450ca156434cf8c80137 -> BestMummy_TNT012
2026-03-03 16:10:09,892 - Tenant context set: 6995450ca156434cf8c80137 -> BestMummy_TNT012
2026-03-03 16:10:09,994 - Tenant context set: 6995450ca156434cf8c80137 -> BestMummy_TNT012
2026-03-03 16:10:10,103 - Tenant context set: 6995450ca156434cf8c80137 -> BestMummy_TNT012
2026-03-03 16:10:10,195 - Tenant context set: 6995450ca156434cf8c80137 -> BestMummy_TNT012
2026-03-03 16:10:10,926 - === STARTING OUTGOING PAYMENTS QUERY ===
2026-03-03 16:10:10,929 - Parameters received:
2026-03-03 16:10:10,929 -   sortBy: createdDate
2026-03-03 16:10:10,929 -   sortOrder: descending
2026-03-03 16:10:10,929 -   skip: 0, limit: 50
2026-03-03 16:10:11,010 - TOTAL DOCUMENTS MATCHING QUERY: 3
2026-03-03 16:10:11,100 - TOTAL PAYABLE AMOUNT: 7394.0
2026-03-03 16:10:11,103 - SORTING: by createdDate in descending direction (-1)
2026-03-03 16:10:11,196 - DOCUMENTS RETURNED AFTER SKIP/LIMIT: 3
2026-03-03 16:10:11,198 - PROCESSED OUTGOINGS: 3
2026-03-03 16:10:11,198 - === END OUTGOING PAYMENTS QUERY ===
2026-03-03 16:10:12,100 - Tenant context set: 6995450ca156434cf8c80137 -> BestMummy_TNT012
2026-03-03 16:10:12,393 - Tenant context set: 6995450ca156434cf8c80137 -> BestMummy_TNT012
2026-03-03 16:10:12,491 - Tenant context set: 6995450ca156434cf8c80137 -> BestMummy_TNT012
2026-03-03 16:10:13,003 - Tenant context set: 6995450ca156434cf8c80137 -> BestMummy_TNT012
2026-03-03 16:10:13,092 - Tenant context set: 6995450ca156434cf8c80137 -> BestMummy_TNT012
2026-03-03 16:10:13,192 - Tenant context set: 6995450ca156434cf8c80137 -> BestMummy_TNT012
2026-03-03 16:10:13,295 - Tenant context set: 6995450ca156434cf8c80137 -> BestMummy_TNT012
2026-03-03 16:10:13,493 - Tenant context set: 6995450ca156434cf8c80137 -> BestMummy_TNT012
2026-03-03 16:10:14,100 - === STARTING OUTGOING PAYMENTS QUERY ===
2026-03-03 16:10:14,100 - Parameters received:
2026-03-03 16:10:14,101 -   sortBy: createdDate
2026-03-03 16:10:14,101 -   sortOrder: descending
2026-03-03 16:10:14,101 -   skip: 0, limit: 50
2026-03-03 16:10:14,192 - TOTAL DOCUMENTS MATCHING QUERY: 3
2026-03-03 16:10:14,295 - TOTAL PAYABLE AMOUNT: 7394.0
2026-03-03 16:10:14,295 - SORTING: by createdDate in descending direction (-1)
2026-03-03 16:10:14,394 - DOCUMENTS RETURNED AFTER SKIP/LIMIT: 3
2026-03-03 16:10:14,395 - PROCESSED OUTGOINGS: 3
2026-03-03 16:10:14,395 - === END OUTGOING PAYMENTS QUERY ===
2026-03-03 16:11:43,800 - Tenant context set: 6995450ca156434cf8c80137 -> BestMummy_TNT012
2026-03-03 16:11:44,088 - Tenant context set: 6995450ca156434cf8c80137 -> BestMummy_TNT012
2026-03-03 16:11:44,393 - Tenant context set: 6995450ca156434cf8c80137 -> BestMummy_TNT012
2026-03-03 16:11:44,488 - Tenant context set: 6995450ca156434cf8c80137 -> BestMummy_TNT012
2026-03-03 16:11:44,590 - Tenant context set: 6995450ca156434cf8c80137 -> BestMummy_TNT012
2026-03-03 16:11:44,691 - Tenant context set: 6995450ca156434cf8c80137 -> BestMummy_TNT012
2026-03-03 16:11:44,796 - Tenant context set: 6995450ca156434cf8c80137 -> BestMummy_TNT012
2026-03-03 16:11:45,090 - Tenant context set: 6995450ca156434cf8c80137 -> BestMummy_TNT012
2026-03-03 16:11:45,699 - === STARTING OUTGOING PAYMENTS QUERY ===
2026-03-03 16:11:45,700 - Parameters received:
2026-03-03 16:11:45,700 -   sortBy: createdDate
2026-03-03 16:11:45,700 -   sortOrder: descending
2026-03-03 16:11:45,700 -   skip: 0, limit: 50
2026-03-03 16:11:45,799 - TOTAL DOCUMENTS MATCHING QUERY: 3
2026-03-03 16:11:45,893 - TOTAL PAYABLE AMOUNT: 7394.0
2026-03-03 16:11:45,893 - SORTING: by createdDate in descending direction (-1)
2026-03-03 16:11:45,993 - DOCUMENTS RETURNED AFTER SKIP/LIMIT: 3
2026-03-03 16:11:45,997 - PROCESSED OUTGOINGS: 3
2026-03-03 16:11:45,997 - === END OUTGOING PAYMENTS QUERY ===
2026-03-03 16:11:46,792 - Tenant context set: 6995450ca156434cf8c80137 -> BestMummy_TNT012
2026-03-03 16:11:47,087 - Tenant context set: 6995450ca156434cf8c80137 -> BestMummy_TNT012
2026-03-03 16:11:47,187 - Tenant context set: 6995450ca156434cf8c80137 -> BestMummy_TNT012
2026-03-03 16:11:47,290 - Tenant context set: 6995450ca156434cf8c80137 -> BestMummy_TNT012
2026-03-03 16:11:47,389 - Tenant context set: 6995450ca156434cf8c80137 -> BestMummy_TNT012
2026-03-03 16:11:47,696 - Tenant context set: 6995450ca156434cf8c80137 -> BestMummy_TNT012
2026-03-03 16:11:47,799 - Tenant context set: 6995450ca156434cf8c80137 -> BestMummy_TNT012
2026-03-03 16:11:48,492 - === STARTING OUTGOING PAYMENTS QUERY ===
2026-03-03 16:11:48,492 - Parameters received:
2026-03-03 16:11:48,492 -   sortBy: createdDate
2026-03-03 16:11:48,492 -   sortOrder: descending
2026-03-03 16:11:48,492 -   skip: 0, limit: 50
2026-03-03 16:11:48,589 - TOTAL DOCUMENTS MATCHING QUERY: 3
2026-03-03 16:11:48,696 - TOTAL PAYABLE AMOUNT: 7394.0
2026-03-03 16:11:48,696 - SORTING: by createdDate in descending direction (-1)
2026-03-03 16:11:48,793 - DOCUMENTS RETURNED AFTER SKIP/LIMIT: 3
2026-03-03 16:11:48,799 - PROCESSED OUTGOINGS: 3
2026-03-03 16:11:48,799 - === END OUTGOING PAYMENTS QUERY ===
2026-03-03 16:11:49,196 - Tenant context set: 6995450ca156434cf8c80137 -> BestMummy_TNT012
2026-03-03 16:11:53,786 - Tenant context set: 6995450ca156434cf8c80137 -> BestMummy_TNT012
2026-03-03 16:11:53,891 - Tenant context set: 6995450ca156434cf8c80137 -> BestMummy_TNT012
2026-03-03 16:11:53,997 - Tenant context set: 6995450ca156434cf8c80137 -> BestMummy_TNT012
2026-03-03 16:11:54,088 - Tenant context set: 6995450ca156434cf8c80137 -> BestMummy_TNT012
2026-03-03 16:11:55,092 - === STARTING OUTGOING PAYMENTS QUERY ===
2026-03-03 16:11:55,093 - Parameters received:
2026-03-03 16:11:55,093 -   sortBy: invoiceDate
2026-03-03 16:11:55,093 -   sortOrder: ascending
2026-03-03 16:11:55,093 -   skip: 0, limit: 50
2026-03-03 16:11:55,190 - TOTAL DOCUMENTS MATCHING QUERY: 3
2026-03-03 16:11:55,290 - TOTAL PAYABLE AMOUNT: 7394.0
2026-03-03 16:11:55,290 - SORTING: by invoiceDate in ascending direction (1)
2026-03-03 16:11:55,397 - DOCUMENTS RETURNED AFTER SKIP/LIMIT: 3
2026-03-03 16:11:55,398 - PROCESSED OUTGOINGS: 3
2026-03-03 16:11:55,398 - === END OUTGOING PAYMENTS QUERY ===
2026-03-03 16:11:55,693 - Tenant context set: 6995450ca156434cf8c80137 -> BestMummy_TNT012
2026-03-03 16:11:55,789 - Tenant context set: 6995450ca156434cf8c80137 -> BestMummy_TNT012
2026-03-03 16:11:55,888 - Tenant context set: 6995450ca156434cf8c80137 -> BestMummy_TNT012
2026-03-03 16:11:55,991 - Tenant context set: 6995450ca156434cf8c80137 -> BestMummy_TNT012
2026-03-03 16:11:56,491 - === STARTING OUTGOING PAYMENTS QUERY ===
2026-03-03 16:11:56,492 - Parameters received:
2026-03-03 16:11:56,492 -   sortBy: invoiceDate
2026-03-03 16:11:56,492 -   sortOrder: ascending
2026-03-03 16:11:56,492 -   skip: 0, limit: 50
2026-03-03 16:11:56,596 - TOTAL DOCUMENTS MATCHING QUERY: 3
2026-03-03 16:11:56,690 - TOTAL PAYABLE AMOUNT: 7394.0
2026-03-03 16:11:56,690 - SORTING: by invoiceDate in ascending direction (1)
2026-03-03 16:11:56,791 - DOCUMENTS RETURNED AFTER SKIP/LIMIT: 3
2026-03-03 16:11:56,792 - PROCESSED OUTGOINGS: 3
2026-03-03 16:11:56,792 - === END OUTGOING PAYMENTS QUERY ===
2026-03-03 16:11:57,893 - Tenant context set: 6995450ca156434cf8c80137 -> BestMummy_TNT012
2026-03-03 16:12:18,588 - Tenant context set: 6995450ca156434cf8c80137 -> BestMummy_TNT012
2026-03-03 16:12:20,925 - API datetime fetched: 2026-03-03T16:12:00+05:30
2026-03-03 16:12:21,295 - AMOUNT_DEBIT_NOTE_CREATED|note_id=NOTE28|type=outgoing_payment
2026-03-03 16:12:21,590 - Tenant context set: 6995450ca156434cf8c80137 -> BestMummy_TNT012
2026-03-03 16:12:21,892 - === STARTING OUTGOING PAYMENTS QUERY ===
2026-03-03 16:12:21,892 - Parameters received:
2026-03-03 16:12:21,892 -   sortBy: invoiceDate
2026-03-03 16:12:21,892 -   sortOrder: ascending
2026-03-03 16:12:21,892 -   skip: 0, limit: 50
2026-03-03 16:12:21,991 - TOTAL DOCUMENTS MATCHING QUERY: 3
2026-03-03 16:12:22,092 - TOTAL PAYABLE AMOUNT: 7394.0
2026-03-03 16:12:22,092 - SORTING: by invoiceDate in ascending direction (1)
2026-03-03 16:12:22,196 - DOCUMENTS RETURNED AFTER SKIP/LIMIT: 3
2026-03-03 16:12:22,197 - PROCESSED OUTGOINGS: 3
2026-03-03 16:12:22,197 - === END OUTGOING PAYMENTS QUERY ===
2026-03-03 16:12:25,798 - Tenant context set: 6995450ca156434cf8c80137 -> BestMummy_TNT012
2026-03-03 16:12:25,888 - Tenant context set: 6995450ca156434cf8c80137 -> BestMummy_TNT012
2026-03-03 16:12:25,990 - Tenant context set: 6995450ca156434cf8c80137 -> BestMummy_TNT012
2026-03-03 16:12:26,286 - Tenant context set: 6995450ca156434cf8c80137 -> BestMummy_TNT012
2026-03-03 16:12:26,395 - Tenant context set: 6995450ca156434cf8c80137 -> BestMummy_TNT012
2026-03-03 16:12:26,488 - Tenant context set: 6995450ca156434cf8c80137 -> BestMummy_TNT012
2026-03-03 16:12:26,888 - === STARTING OUTGOING PAYMENTS QUERY ===
2026-03-03 16:12:26,888 - Parameters received:
2026-03-03 16:12:26,889 -   sortBy: createdDate
2026-03-03 16:12:26,889 -   sortOrder: descending
2026-03-03 16:12:26,889 -   skip: 0, limit: 50
2026-03-03 16:12:26,997 - TOTAL DOCUMENTS MATCHING QUERY: 3
2026-03-03 16:12:27,102 - TOTAL PAYABLE AMOUNT: 7394.0
2026-03-03 16:12:27,102 - SORTING: by createdDate in descending direction (-1)
2026-03-03 16:12:27,201 - DOCUMENTS RETURNED AFTER SKIP/LIMIT: 3
2026-03-03 16:12:27,201 - PROCESSED OUTGOINGS: 3
2026-03-03 16:12:27,201 - === END OUTGOING PAYMENTS QUERY ===
2026-03-03 16:12:27,796 - Tenant context set: 6995450ca156434cf8c80137 -> BestMummy_TNT012
2026-03-03 16:12:29,593 - Tenant context set: 6995450ca156434cf8c80137 -> BestMummy_TNT012
2026-03-03 16:12:29,690 - Tenant context set: 6995450ca156434cf8c80137 -> BestMummy_TNT012
2026-03-03 16:12:29,994 - Tenant context set: 6995450ca156434cf8c80137 -> BestMummy_TNT012
2026-03-03 16:12:30,288 - Tenant context set: 6995450ca156434cf8c80137 -> BestMummy_TNT012
2026-03-03 16:12:30,391 - Tenant context set: 6995450ca156434cf8c80137 -> BestMummy_TNT012
2026-03-03 16:12:30,501 - Tenant context set: 6995450ca156434cf8c80137 -> BestMummy_TNT012
2026-03-03 16:12:30,789 - === STARTING OUTGOING PAYMENTS QUERY ===
2026-03-03 16:12:30,789 - Parameters received:
2026-03-03 16:12:30,789 -   sortBy: createdDate
2026-03-03 16:12:30,789 -   sortOrder: descending
2026-03-03 16:12:30,789 -   skip: 0, limit: 50
2026-03-03 16:12:30,890 - TOTAL DOCUMENTS MATCHING QUERY: 3
2026-03-03 16:12:30,996 - TOTAL PAYABLE AMOUNT: 7394.0
2026-03-03 16:12:30,996 - SORTING: by createdDate in descending direction (-1)
2026-03-03 16:12:31,095 - DOCUMENTS RETURNED AFTER SKIP/LIMIT: 3
2026-03-03 16:12:31,097 - PROCESSED OUTGOINGS: 3
2026-03-03 16:12:31,097 - === END OUTGOING PAYMENTS QUERY ===
2026-03-03 16:12:31,188 - Tenant context set: 6995450ca156434cf8c80137 -> BestMummy_TNT012
2026-03-03 16:12:31,989 - Tenant context set: 6995450ca156434cf8c80137 -> BestMummy_TNT012
2026-03-03 16:12:32,190 - Tenant context set: 6995450ca156434cf8c80137 -> BestMummy_TNT012
2026-03-03 16:12:32,488 - Tenant context set: 6995450ca156434cf8c80137 -> BestMummy_TNT012
2026-03-03 16:12:44,592 - Tenant context set: 6995450ca156434cf8c80137 -> BestMummy_TNT012
2026-03-03 16:12:44,795 - Tenant context set: 6995450ca156434cf8c80137 -> BestMummy_TNT012
2026-03-03 16:12:44,905 - Tenant context set: 6995450ca156434cf8c80137 -> BestMummy_TNT012
2026-03-03 16:13:13,087 - Tenant context set: 6995450ca156434cf8c80137 -> BestMummy_TNT012
2026-03-03 16:13:13,825 - ✅ Tenant 6995450ca156434cf8c80137 async DB: BestMummy_TNT012
2026-03-03 16:13:15,203 - Service fetched successfully: SR0005
2026-03-03 16:15:25,886 - Tenant context set: 6995450ca156434cf8c80137 -> BestMummy_TNT012
2026-03-03 16:15:25,987 - Tenant context set: 6995450ca156434cf8c80137 -> BestMummy_TNT012
2026-03-03 16:15:26,091 - Tenant context set: 6995450ca156434cf8c80137 -> BestMummy_TNT012
2026-03-03 16:15:26,188 - Tenant context set: 6995450ca156434cf8c80137 -> BestMummy_TNT012
2026-03-03 16:15:27,300 - === STARTING OUTGOING PAYMENTS QUERY ===
2026-03-03 16:15:27,300 - Parameters received:
2026-03-03 16:15:27,300 -   sortBy: invoiceDate
2026-03-03 16:15:27,300 -   sortOrder: ascending
2026-03-03 16:15:27,301 -   skip: 0, limit: 50
2026-03-03 16:15:27,388 - TOTAL DOCUMENTS MATCHING QUERY: 3
2026-03-03 16:15:27,509 - TOTAL PAYABLE AMOUNT: 7394.0
2026-03-03 16:15:27,509 - SORTING: by invoiceDate in ascending direction (1)
2026-03-03 16:15:27,594 - DOCUMENTS RETURNED AFTER SKIP/LIMIT: 3
2026-03-03 16:15:27,596 - PROCESSED OUTGOINGS: 3
2026-03-03 16:15:27,596 - === END OUTGOING PAYMENTS QUERY ===
2026-03-03 16:15:28,401 - Tenant context set: 6995450ca156434cf8c80137 -> BestMummy_TNT012
2026-03-03 16:15:28,491 - Tenant context set: 6995450ca156434cf8c80137 -> BestMummy_TNT012
2026-03-03 16:15:28,595 - Tenant context set: 6995450ca156434cf8c80137 -> BestMummy_TNT012
2026-03-03 16:15:28,693 - Tenant context set: 6995450ca156434cf8c80137 -> BestMummy_TNT012
2026-03-03 16:15:29,286 - === STARTING OUTGOING PAYMENTS QUERY ===
2026-03-03 16:15:29,286 - Parameters received:
2026-03-03 16:15:29,287 -   sortBy: invoiceDate
2026-03-03 16:15:29,287 -   sortOrder: ascending
2026-03-03 16:15:29,287 -   skip: 0, limit: 50
2026-03-03 16:15:29,391 - TOTAL DOCUMENTS MATCHING QUERY: 3
2026-03-03 16:15:29,490 - TOTAL PAYABLE AMOUNT: 7394.0
2026-03-03 16:15:29,491 - SORTING: by invoiceDate in ascending direction (1)
2026-03-03 16:15:29,595 - DOCUMENTS RETURNED AFTER SKIP/LIMIT: 3
2026-03-03 16:15:29,595 - PROCESSED OUTGOINGS: 3
2026-03-03 16:15:29,595 - === END OUTGOING PAYMENTS QUERY ===
2026-03-03 16:15:29,996 - Tenant context set: 6995450ca156434cf8c80137 -> BestMummy_TNT012
2026-03-03 16:15:30,685 - Tenant context set: 6995450ca156434cf8c80137 -> BestMummy_TNT012
2026-03-03 16:15:30,796 - Tenant context set: 6995450ca156434cf8c80137 -> BestMummy_TNT012
2026-03-03 16:15:30,887 - Tenant context set: 6995450ca156434cf8c80137 -> BestMummy_TNT012
2026-03-03 16:15:30,984 - Tenant context set: 6995450ca156434cf8c80137 -> BestMummy_TNT012
2026-03-03 16:15:31,086 - Tenant context set: 6995450ca156434cf8c80137 -> BestMummy_TNT012
2026-03-03 16:15:32,390 - Tenant context set: 6995450ca156434cf8c80137 -> BestMummy_TNT012
2026-03-03 16:15:32,784 - Tenant context set: 6995450ca156434cf8c80137 -> BestMummy_TNT012
2026-03-03 16:15:34,187 - === STARTING OUTGOING PAYMENTS QUERY ===
2026-03-03 16:15:34,187 - Parameters received:
2026-03-03 16:15:34,187 -   sortBy: createdDate
2026-03-03 16:15:34,187 -   sortOrder: descending
2026-03-03 16:15:34,187 -   skip: 0, limit: 50
2026-03-03 16:15:34,289 - TOTAL DOCUMENTS MATCHING QUERY: 3
2026-03-03 16:15:34,399 - TOTAL PAYABLE AMOUNT: 7394.0
2026-03-03 16:15:34,399 - SORTING: by createdDate in descending direction (-1)
2026-03-03 16:15:34,487 - DOCUMENTS RETURNED AFTER SKIP/LIMIT: 3
2026-03-03 16:15:34,488 - PROCESSED OUTGOINGS: 3
2026-03-03 16:15:34,488 - === END OUTGOING PAYMENTS QUERY ===
2026-03-03 16:15:34,589 - Tenant context set: 6995450ca156434cf8c80137 -> BestMummy_TNT012
2026-03-03 16:15:35,788 - Tenant context set: 6995450ca156434cf8c80137 -> BestMummy_TNT012
2026-03-03 16:15:36,385 - Tenant context set: 6995450ca156434cf8c80137 -> BestMummy_TNT012
2026-03-03 16:15:36,491 - Tenant context set: 6995450ca156434cf8c80137 -> BestMummy_TNT012
2026-03-03 16:15:36,590 - Tenant context set: 6995450ca156434cf8c80137 -> BestMummy_TNT012
2026-03-03 16:15:36,691 - Tenant context set: 6995450ca156434cf8c80137 -> BestMummy_TNT012
2026-03-03 16:15:37,589 - === STARTING OUTGOING PAYMENTS QUERY ===
2026-03-03 16:15:37,589 - Parameters received:
2026-03-03 16:15:37,589 -   sortBy: createdDate
2026-03-03 16:15:37,590 -   sortOrder: descending
2026-03-03 16:15:37,590 -   skip: 0, limit: 50
2026-03-03 16:15:37,688 - TOTAL DOCUMENTS MATCHING QUERY: 3
2026-03-03 16:15:37,801 - TOTAL PAYABLE AMOUNT: 7394.0
2026-03-03 16:15:37,801 - SORTING: by createdDate in descending direction (-1)
2026-03-03 16:15:37,890 - DOCUMENTS RETURNED AFTER SKIP/LIMIT: 3
2026-03-03 16:15:37,891 - PROCESSED OUTGOINGS: 3
2026-03-03 16:15:37,891 - === END OUTGOING PAYMENTS QUERY ===
2026-03-03 16:15:58,294 - Tenant context set: 6995450ca156434cf8c80137 -> BestMummy_TNT012
2026-03-03 16:15:58,391 - Tenant context set: 6995450ca156434cf8c80137 -> BestMummy_TNT012
2026-03-03 16:15:58,487 - Tenant context set: 6995450ca156434cf8c80137 -> BestMummy_TNT012
2026-03-03 16:15:58,784 - Tenant context set: 6995450ca156434cf8c80137 -> BestMummy_TNT012
2026-03-03 16:15:58,888 - Tenant context set: 6995450ca156434cf8c80137 -> BestMummy_TNT012
2026-03-03 16:15:58,993 - Tenant context set: 6995450ca156434cf8c80137 -> BestMummy_TNT012
2026-03-03 16:15:59,591 - === STARTING OUTGOING PAYMENTS QUERY ===
2026-03-03 16:15:59,591 - Parameters received:
2026-03-03 16:15:59,591 -   sortBy: createdDate
2026-03-03 16:15:59,591 -   sortOrder: descending
2026-03-03 16:15:59,592 -   skip: 0, limit: 50
2026-03-03 16:15:59,687 - TOTAL DOCUMENTS MATCHING QUERY: 3
2026-03-03 16:15:59,798 - TOTAL PAYABLE AMOUNT: 7394.0
2026-03-03 16:15:59,798 - SORTING: by createdDate in descending direction (-1)
2026-03-03 16:15:59,889 - DOCUMENTS RETURNED AFTER SKIP/LIMIT: 3
2026-03-03 16:15:59,890 - PROCESSED OUTGOINGS: 3
2026-03-03 16:15:59,890 - === END OUTGOING PAYMENTS QUERY ===
2026-03-03 16:15:59,986 - Tenant context set: 6995450ca156434cf8c80137 -> BestMummy_TNT012
2026-03-03 16:16:00,790 - Tenant context set: 6995450ca156434cf8c80137 -> BestMummy_TNT012
2026-03-03 16:16:01,393 - Tenant context set: 6995450ca156434cf8c80137 -> BestMummy_TNT012
2026-03-03 16:16:01,685 - Tenant context set: 6995450ca156434cf8c80137 -> BestMummy_TNT012
2026-03-03 16:16:01,786 - Tenant context set: 6995450ca156434cf8c80137 -> BestMummy_TNT012
2026-03-03 16:16:01,890 - Tenant context set: 6995450ca156434cf8c80137 -> BestMummy_TNT012
2026-03-03 16:16:01,991 - Tenant context set: 6995450ca156434cf8c80137 -> BestMummy_TNT012
2026-03-03 16:16:02,089 - Tenant context set: 6995450ca156434cf8c80137 -> BestMummy_TNT012
2026-03-03 16:16:02,588 - === STARTING OUTGOING PAYMENTS QUERY ===
2026-03-03 16:16:02,588 - Parameters received:
2026-03-03 16:16:02,588 -   sortBy: createdDate
2026-03-03 16:16:02,588 -   sortOrder: descending
2026-03-03 16:16:02,589 -   skip: 0, limit: 50
2026-03-03 16:16:02,703 - TOTAL DOCUMENTS MATCHING QUERY: 3
2026-03-03 16:16:02,796 - TOTAL PAYABLE AMOUNT: 7394.0
2026-03-03 16:16:02,796 - SORTING: by createdDate in descending direction (-1)
2026-03-03 16:16:02,908 - DOCUMENTS RETURNED AFTER SKIP/LIMIT: 3
2026-03-03 16:16:02,908 - PROCESSED OUTGOINGS: 3
2026-03-03 16:16:02,908 - === END OUTGOING PAYMENTS QUERY ===
2026-03-03 16:17:01,992 - Tenant context set: 6995450ca156434cf8c80137 -> BestMummy_TNT012
2026-03-03 16:18:34,887 - Tenant context set: 6995450ca156434cf8c80137 -> BestMummy_TNT012
2026-03-03 16:18:34,987 - Tenant context set: 6995450ca156434cf8c80137 -> BestMummy_TNT012
2026-03-03 16:18:35,185 - === STARTING OUTGOING PAYMENTS QUERY ===
2026-03-03 16:18:35,186 - Parameters received:
2026-03-03 16:18:35,186 -   sortBy: intimationDays
2026-03-03 16:18:35,186 -   sortOrder: ascending
2026-03-03 16:18:35,186 -   skip: 0, limit: 50
2026-03-03 16:18:35,289 - TOTAL DOCUMENTS MATCHING QUERY: 3
2026-03-03 16:18:35,387 - TOTAL PAYABLE AMOUNT: 7394.0
2026-03-03 16:18:35,387 - SORTING: by intimationDays in ascending direction (1)
2026-03-03 16:18:35,494 - DOCUMENTS RETURNED AFTER SKIP/LIMIT: 3
2026-03-03 16:18:37,236 - PROCESSED OUTGOINGS: 3
2026-03-03 16:18:37,236 - === END OUTGOING PAYMENTS QUERY ===
2026-03-03 16:18:37,387 - === STARTING OUTGOING PAYMENTS QUERY ===
2026-03-03 16:18:37,387 - Parameters received:
2026-03-03 16:18:37,387 -   sortBy: intimationDays
2026-03-03 16:18:37,388 -   sortOrder: ascending
2026-03-03 16:18:37,388 -   skip: 0, limit: 50
2026-03-03 16:18:37,488 - TOTAL DOCUMENTS MATCHING QUERY: 3
2026-03-03 16:18:37,596 - TOTAL PAYABLE AMOUNT: 7394.0
2026-03-03 16:18:37,598 - SORTING: by intimationDays in ascending direction (1)
2026-03-03 16:18:37,694 - DOCUMENTS RETURNED AFTER SKIP/LIMIT: 3
2026-03-03 16:18:37,695 - PROCESSED OUTGOINGS: 3
2026-03-03 16:18:37,696 - === END OUTGOING PAYMENTS QUERY ===
2026-03-03 16:18:39,427 - Tenant context set: 6995450ca156434cf8c80137 -> BestMummy_TNT012
2026-03-03 16:18:39,495 - Tenant context set: 6995450ca156434cf8c80137 -> BestMummy_TNT012
2026-03-03 16:18:39,691 - === STARTING OUTGOING PAYMENTS QUERY ===
2026-03-03 16:18:39,691 - Parameters received:
2026-03-03 16:18:39,692 -   sortBy: intimationDays
2026-03-03 16:18:39,692 -   sortOrder: descending
2026-03-03 16:18:39,692 -   skip: 0, limit: 50
2026-03-03 16:18:39,788 - TOTAL DOCUMENTS MATCHING QUERY: 3
2026-03-03 16:18:39,889 - TOTAL PAYABLE AMOUNT: 7394.0
2026-03-03 16:18:39,889 - SORTING: by intimationDays in descending direction (-1)
2026-03-03 16:18:39,996 - DOCUMENTS RETURNED AFTER SKIP/LIMIT: 3
2026-03-03 16:18:41,476 - PROCESSED OUTGOINGS: 3
2026-03-03 16:18:41,477 - === END OUTGOING PAYMENTS QUERY ===
2026-03-03 16:18:41,588 - === STARTING OUTGOING PAYMENTS QUERY ===
2026-03-03 16:18:41,588 - Parameters received:
2026-03-03 16:18:41,588 -   sortBy: intimationDays
2026-03-03 16:18:41,588 -   sortOrder: descending
2026-03-03 16:18:41,588 -   skip: 0, limit: 50
2026-03-03 16:18:41,688 - TOTAL DOCUMENTS MATCHING QUERY: 3
2026-03-03 16:18:41,794 - TOTAL PAYABLE AMOUNT: 7394.0
2026-03-03 16:18:41,794 - SORTING: by intimationDays in descending direction (-1)
2026-03-03 16:18:41,889 - DOCUMENTS RETURNED AFTER SKIP/LIMIT: 3
2026-03-03 16:18:41,891 - PROCESSED OUTGOINGS: 3
2026-03-03 16:18:41,891 - === END OUTGOING PAYMENTS QUERY ===
2026-03-03 16:20:13,208 - Tenant context set: 6995450ca156434cf8c80137 -> BestMummy_TNT012
2026-03-03 16:21:08,988 - Tenant context set: 6995450ca156434cf8c80137 -> BestMummy_TNT012
2026-03-03 16:21:09,082 - Tenant context set: 6995450ca156434cf8c80137 -> BestMummy_TNT012
2026-03-03 16:21:11,618 - Fetching active advance payments for vendor_name: SKB COCONUT MERCHANT
2026-03-03 16:21:11,692 - No active advance payments found for vendor_name: SKB COCONUT MERCHANT
2026-03-03 16:21:21,282 - Tenant context set: 6995450ca156434cf8c80137 -> BestMummy_TNT012
2026-03-03 16:21:21,382 - Tenant context set: 6995450ca156434cf8c80137 -> BestMummy_TNT012
2026-03-03 16:21:21,682 - Fetching active advance payments for vendor_name: SKB COCONUT MERCHANT
2026-03-03 16:21:21,791 - No active advance payments found for vendor_name: SKB COCONUT MERCHANT
2026-03-03 16:21:54,483 - Tenant context set: 6995450ca156434cf8c80137 -> BestMummy_TNT012
2026-03-03 16:21:58,281 - Tenant context set: 6995450ca156434cf8c80137 -> BestMummy_TNT012
2026-03-03 16:22:14,385 - Tenant context set: 6995450ca156434cf8c80137 -> BestMummy_TNT012
2026-03-03 16:22:18,384 - Tenant context set: 6995450ca156434cf8c80137 -> BestMummy_TNT012
2026-03-03 16:22:33,895 - Tenant context set: 6995450ca156434cf8c80137 -> BestMummy_TNT012
2026-03-03 16:22:47,193 - Tenant context set: 6995450ca156434cf8c80137 -> BestMummy_TNT012
2026-03-03 16:22:52,709 - Tenant context set: 6995450ca156434cf8c80137 -> BestMummy_TNT012
2026-03-03 16:22:52,987 - Service fetched successfully: SR0005
2026-03-03 16:23:31,797 - Tenant context set: 6995450ca156434cf8c80137 -> BestMummy_TNT012
2026-03-03 16:23:31,897 - Tenant context set: 6995450ca156434cf8c80137 -> BestMummy_TNT012
2026-03-03 16:23:32,493 - Tenant context set: 6995450ca156434cf8c80137 -> BestMummy_TNT012
2026-03-03 16:23:32,598 - Tenant context set: 6995450ca156434cf8c80137 -> BestMummy_TNT012
2026-03-03 16:23:32,900 - Tenant context set: 6995450ca156434cf8c80137 -> BestMummy_TNT012
2026-03-03 16:23:33,182 - Tenant context set: 6995450ca156434cf8c80137 -> BestMummy_TNT012
2026-03-03 16:23:33,284 - Tenant context set: 6995450ca156434cf8c80137 -> BestMummy_TNT012
2026-03-03 16:23:34,984 - Tenant context set: 6995450ca156434cf8c80137 -> BestMummy_TNT012
2026-03-03 16:23:35,791 - Tenant context set: 6995450ca156434cf8c80137 -> BestMummy_TNT012
2026-03-03 16:23:56,480 - Tenant context set: 6995450ca156434cf8c80137 -> BestMummy_TNT012
2026-03-03 16:23:56,785 - Tenant context set: 6995450ca156434cf8c80137 -> BestMummy_TNT012
2026-03-03 16:23:57,080 - Tenant context set: 6995450ca156434cf8c80137 -> BestMummy_TNT012
2026-03-03 16:23:57,179 - Tenant context set: 6995450ca156434cf8c80137 -> BestMummy_TNT012
2026-03-03 16:23:57,791 - Tenant context set: 6995450ca156434cf8c80137 -> BestMummy_TNT012
2026-03-03 16:23:57,882 - Tenant context set: 6995450ca156434cf8c80137 -> BestMummy_TNT012
2026-03-03 16:24:00,192 - Tenant context set: 6995450ca156434cf8c80137 -> BestMummy_TNT012
2026-03-03 16:24:00,587 - Tenant context set: 6995450ca156434cf8c80137 -> BestMummy_TNT012
2026-03-03 16:24:00,794 - Tenant context set: 6995450ca156434cf8c80137 -> BestMummy_TNT012
2026-03-03 16:24:00,884 - Tenant context set: 6995450ca156434cf8c80137 -> BestMummy_TNT012
2026-03-03 16:24:01,081 - Tenant context set: 6995450ca156434cf8c80137 -> BestMummy_TNT012
2026-03-03 16:24:01,196 - Tenant context set: 6995450ca156434cf8c80137 -> BestMummy_TNT012
2026-03-03 16:24:01,389 - Tenant context set: 6995450ca156434cf8c80137 -> BestMummy_TNT012
2026-03-03 16:24:04,181 - Tenant context set: 6995450ca156434cf8c80137 -> BestMummy_TNT012
2026-03-03 16:24:04,287 - Tenant context set: 6995450ca156434cf8c80137 -> BestMummy_TNT012
2026-03-03 16:24:04,405 - Tenant context set: 6995450ca156434cf8c80137 -> BestMummy_TNT012
2026-03-03 16:24:05,807 - Tenant context set: 6995450ca156434cf8c80137 -> BestMummy_TNT012
2026-03-03 16:24:05,884 - Tenant context set: 6995450ca156434cf8c80137 -> BestMummy_TNT012
2026-03-03 16:24:05,981 - Tenant context set: 6995450ca156434cf8c80137 -> BestMummy_TNT012
2026-03-03 16:24:08,891 - Tenant context set: 6995450ca156434cf8c80137 -> BestMummy_TNT012
2026-03-03 16:24:16,488 - Tenant context set: 6995450ca156434cf8c80137 -> BestMummy_TNT012
2026-03-03 16:24:16,906 - Tenant context set: 6995450ca156434cf8c80137 -> BestMummy_TNT012
2026-03-03 16:24:17,188 - Tenant context set: 6995450ca156434cf8c80137 -> BestMummy_TNT012
2026-03-03 16:24:17,793 - Tenant context set: 6995450ca156434cf8c80137 -> BestMummy_TNT012
2026-03-03 16:24:18,082 - Tenant context set: 6995450ca156434cf8c80137 -> BestMummy_TNT012
2026-03-03 16:24:18,180 - Tenant context set: 6995450ca156434cf8c80137 -> BestMummy_TNT012
2026-03-03 16:24:18,681 - Tenant context set: 6995450ca156434cf8c80137 -> BestMummy_TNT012
2026-03-03 16:24:22,198 - Tenant context set: 6995450ca156434cf8c80137 -> BestMummy_TNT012
2026-03-03 16:24:31,388 - Tenant context set: 6995450ca156434cf8c80137 -> BestMummy_TNT012
2026-03-03 16:24:31,698 - Tenant context set: 6995450ca156434cf8c80137 -> BestMummy_TNT012
2026-03-03 16:24:39,782 - Tenant context set: 6995450ca156434cf8c80137 -> BestMummy_TNT012
2026-03-03 16:24:39,883 - Tenant context set: 6995450ca156434cf8c80137 -> BestMummy_TNT012
2026-03-03 16:24:39,985 - Tenant context set: 6995450ca156434cf8c80137 -> BestMummy_TNT012
2026-03-03 16:24:42,190 - Tenant context set: 6995450ca156434cf8c80137 -> BestMummy_TNT012
2026-03-03 16:24:44,182 - Tenant context set: 6995450ca156434cf8c80137 -> BestMummy_TNT012
2026-03-03 16:24:44,508 - Tenant context set: 6995450ca156434cf8c80137 -> BestMummy_TNT012
2026-03-03 16:24:44,986 - Tenant context set: 6995450ca156434cf8c80137 -> BestMummy_TNT012
2026-03-03 16:24:45,089 - Tenant context set: 6995450ca156434cf8c80137 -> BestMummy_TNT012
2026-03-03 16:24:45,388 - Tenant context set: 6995450ca156434cf8c80137 -> BestMummy_TNT012
2026-03-03 16:24:45,491 - Tenant context set: 6995450ca156434cf8c80137 -> BestMummy_TNT012
2026-03-03 16:24:47,180 - Tenant context set: 6995450ca156434cf8c80137 -> BestMummy_TNT012
2026-03-03 16:24:48,492 - Tenant context set: 6995450ca156434cf8c80137 -> BestMummy_TNT012
2026-03-03 16:24:48,581 - Tenant context set: 6995450ca156434cf8c80137 -> BestMummy_TNT012
2026-03-03 16:24:48,684 - Tenant context set: 6995450ca156434cf8c80137 -> BestMummy_TNT012
2026-03-03 16:24:48,813 - Tenant context set: 6995450ca156434cf8c80137 -> BestMummy_TNT012
2026-03-03 16:24:50,685 - Tenant context set: 6995450ca156434cf8c80137 -> BestMummy_TNT012
2026-03-03 16:24:50,779 - Tenant context set: 6995450ca156434cf8c80137 -> BestMummy_TNT012
2026-03-03 16:24:50,884 - Tenant context set: 6995450ca156434cf8c80137 -> BestMummy_TNT012
2026-03-03 16:24:51,013 - Tenant context set: 6995450ca156434cf8c80137 -> BestMummy_TNT012
2026-03-03 16:24:51,087 - Tenant context set: 6995450ca156434cf8c80137 -> BestMummy_TNT012
2026-03-03 16:24:51,230 - Tenant context set: 6995450ca156434cf8c80137 -> BestMummy_TNT012
2026-03-03 16:24:53,780 - Tenant context set: 6995450ca156434cf8c80137 -> BestMummy_TNT012
2026-03-03 16:24:54,109 - Tenant context set: 6995450ca156434cf8c80137 -> BestMummy_TNT012
2026-03-03 16:24:55,081 - Tenant context set: 6995450ca156434cf8c80137 -> BestMummy_TNT012
2026-03-03 16:24:55,192 - Tenant context set: 6995450ca156434cf8c80137 -> BestMummy_TNT012
2026-03-03 16:24:56,684 - Tenant context set: 6995450ca156434cf8c80137 -> BestMummy_TNT012
2026-03-03 16:24:56,985 - Tenant context set: 6995450ca156434cf8c80137 -> BestMummy_TNT012
2026-03-03 16:24:57,600 - Full MongoDB query: {'status': {'$in': ['Active', 'active', 'Partially Returned', 'PartiallyReturned']}}
2026-03-03 16:24:57,692 - Raw total matching GRNs: 8
2026-03-03 16:24:58,009 - Fetched 8 raw GRNs from cursor
2026-03-03 16:24:58,220 - GRN 69a67eadad8013cc4b9cdd89: vendorName raw='SKB COCONUT MERCHANT', stripped='SKB COCONUT MERCHANT', filter='None'
2026-03-03 16:24:58,220 - Matched GRN 69a67eadad8013cc4b9cdd89: vendorName='SKB COCONUT MERCHANT'
2026-03-03 16:24:58,222 - GRN 69a67c38ad8013cc4b9cdd82: vendorName raw='SARAVANA DAIRY FARM', stripped='SARAVANA DAIRY FARM', filter='None'
2026-03-03 16:24:58,222 - Matched GRN 69a67c38ad8013cc4b9cdd82: vendorName='SARAVANA DAIRY FARM'
2026-03-03 16:24:58,222 - GRN 69a5824ee1601c65eb6369ba: vendorName raw='SKM ANIMAL FEEDS AND FOODS (INDIA) PRIVATE LIMITED', stripped='SKM ANIMAL FEEDS AND FOODS (INDIA) PRIVATE LIMITED', filter='None'
2026-03-03 16:24:58,222 - Matched GRN 69a5824ee1601c65eb6369ba: vendorName='SKM ANIMAL FEEDS AND FOODS (INDIA) PRIVATE LIMITED'
2026-03-03 16:24:58,223 - GRN 69a5409c3da8e7b67721556a: vendorName raw='SRI VASAVI AGENCIES', stripped='SRI VASAVI AGENCIES', filter='None'
2026-03-03 16:24:58,223 - Matched GRN 69a5409c3da8e7b67721556a: vendorName='SRI VASAVI AGENCIES'
2026-03-03 16:24:58,223 - GRN 69a5301c7a1281a69d3b0e96: vendorName raw='VISHVAN TRADERS', stripped='VISHVAN TRADERS', filter='None'
2026-03-03 16:24:58,223 - Matched GRN 69a5301c7a1281a69d3b0e96: vendorName='VISHVAN TRADERS'
2026-03-03 16:24:58,223 - GRN 69a52e077a1281a69d3b0e92: vendorName raw='KAKIDHA PIE', stripped='KAKIDHA PIE', filter='None'
2026-03-03 16:24:58,223 - Matched GRN 69a52e077a1281a69d3b0e92: vendorName='KAKIDHA PIE'
2026-03-03 16:24:58,225 - GRN 69a52de43e3ad41803952cd4: vendorName raw='KAKIDHA PIE', stripped='KAKIDHA PIE', filter='None'
2026-03-03 16:24:58,225 - Matched GRN 69a52de43e3ad41803952cd4: vendorName='KAKIDHA PIE'
2026-03-03 16:24:58,225 - GRN 69a52d513e3ad41803952cd2: vendorName raw='KAKIDHA PIE', stripped='KAKIDHA PIE', filter='None'
2026-03-03 16:24:58,225 - Matched GRN 69a52d513e3ad41803952cd2: vendorName='KAKIDHA PIE'
2026-03-03 16:24:58,226 - Final filtered GRNs: 8 (skipped: 0 total fetched: 8)
2026-03-03 16:24:58,680 - Tenant context set: 6995450ca156434cf8c80137 -> BestMummy_TNT012
2026-03-03 16:24:58,779 - Tenant context set: 6995450ca156434cf8c80137 -> BestMummy_TNT012
2026-03-03 16:24:58,880 - Tenant context set: 6995450ca156434cf8c80137 -> BestMummy_TNT012
2026-03-03 16:24:59,487 - Full MongoDB query: {'status': {'$in': ['Active', 'active', 'Partially Returned', 'PartiallyReturned']}}
2026-03-03 16:24:59,587 - Raw total matching GRNs: 8
2026-03-03 16:24:59,793 - Fetched 8 raw GRNs from cursor
2026-03-03 16:24:59,995 - GRN 69a67eadad8013cc4b9cdd89: vendorName raw='SKB COCONUT MERCHANT', stripped='SKB COCONUT MERCHANT', filter='None'
2026-03-03 16:24:59,996 - Matched GRN 69a67eadad8013cc4b9cdd89: vendorName='SKB COCONUT MERCHANT'
2026-03-03 16:24:59,996 - GRN 69a67c38ad8013cc4b9cdd82: vendorName raw='SARAVANA DAIRY FARM', stripped='SARAVANA DAIRY FARM', filter='None'
2026-03-03 16:24:59,997 - Matched GRN 69a67c38ad8013cc4b9cdd82: vendorName='SARAVANA DAIRY FARM'
2026-03-03 16:24:59,997 - GRN 69a5824ee1601c65eb6369ba: vendorName raw='SKM ANIMAL FEEDS AND FOODS (INDIA) PRIVATE LIMITED', stripped='SKM ANIMAL FEEDS AND FOODS (INDIA) PRIVATE LIMITED', filter='None'
2026-03-03 16:24:59,997 - Matched GRN 69a5824ee1601c65eb6369ba: vendorName='SKM ANIMAL FEEDS AND FOODS (INDIA) PRIVATE LIMITED'
2026-03-03 16:24:59,998 - GRN 69a5409c3da8e7b67721556a: vendorName raw='SRI VASAVI AGENCIES', stripped='SRI VASAVI AGENCIES', filter='None'
2026-03-03 16:24:59,999 - Matched GRN 69a5409c3da8e7b67721556a: vendorName='SRI VASAVI AGENCIES'
2026-03-03 16:25:00,000 - GRN 69a5301c7a1281a69d3b0e96: vendorName raw='VISHVAN TRADERS', stripped='VISHVAN TRADERS', filter='None'
2026-03-03 16:25:00,000 - Matched GRN 69a5301c7a1281a69d3b0e96: vendorName='VISHVAN TRADERS'
2026-03-03 16:25:00,000 - GRN 69a52e077a1281a69d3b0e92: vendorName raw='KAKIDHA PIE', stripped='KAKIDHA PIE', filter='None'
2026-03-03 16:25:00,001 - Matched GRN 69a52e077a1281a69d3b0e92: vendorName='KAKIDHA PIE'
2026-03-03 16:25:00,002 - GRN 69a52de43e3ad41803952cd4: vendorName raw='KAKIDHA PIE', stripped='KAKIDHA PIE', filter='None'
2026-03-03 16:25:00,003 - Matched GRN 69a52de43e3ad41803952cd4: vendorName='KAKIDHA PIE'
2026-03-03 16:25:00,004 - GRN 69a52d513e3ad41803952cd2: vendorName raw='KAKIDHA PIE', stripped='KAKIDHA PIE', filter='None'
2026-03-03 16:25:00,005 - Matched GRN 69a52d513e3ad41803952cd2: vendorName='KAKIDHA PIE'
2026-03-03 16:25:00,005 - Final filtered GRNs: 8 (skipped: 0 total fetched: 8)
2026-03-03 16:25:16,888 - Tenant context set: 6995450ca156434cf8c80137 -> BestMummy_TNT012
2026-03-03 16:25:17,396 - Tenant context set: 6995450ca156434cf8c80137 -> BestMummy_TNT012
2026-03-03 16:27:26,083 - Tenant context set: 6995450ca156434cf8c80137 -> BestMummy_TNT012
2026-03-03 16:27:26,479 - Tenant context set: 6995450ca156434cf8c80137 -> BestMummy_TNT012
2026-03-03 16:27:26,585 - Tenant context set: 6995450ca156434cf8c80137 -> BestMummy_TNT012
2026-03-03 16:27:26,688 - Tenant context set: 6995450ca156434cf8c80137 -> BestMummy_TNT012
2026-03-03 16:27:27,292 - Full MongoDB query: {'status': {'$in': ['Active', 'active', 'Partially Returned', 'PartiallyReturned']}}
2026-03-03 16:27:27,381 - Raw total matching GRNs: 8
2026-03-03 16:27:27,579 - Fetched 8 raw GRNs from cursor
2026-03-03 16:27:27,790 - GRN 69a67eadad8013cc4b9cdd89: vendorName raw='SKB COCONUT MERCHANT', stripped='SKB COCONUT MERCHANT', filter='None'
2026-03-03 16:27:27,790 - Matched GRN 69a67eadad8013cc4b9cdd89: vendorName='SKB COCONUT MERCHANT'
2026-03-03 16:27:27,798 - GRN 69a67c38ad8013cc4b9cdd82: vendorName raw='SARAVANA DAIRY FARM', stripped='SARAVANA DAIRY FARM', filter='None'
2026-03-03 16:27:27,798 - Matched GRN 69a67c38ad8013cc4b9cdd82: vendorName='SARAVANA DAIRY FARM'
2026-03-03 16:27:27,813 - GRN 69a5824ee1601c65eb6369ba: vendorName raw='SKM ANIMAL FEEDS AND FOODS (INDIA) PRIVATE LIMITED', stripped='SKM ANIMAL FEEDS AND FOODS (INDIA) PRIVATE LIMITED', filter='None'
2026-03-03 16:27:27,813 - Matched GRN 69a5824ee1601c65eb6369ba: vendorName='SKM ANIMAL FEEDS AND FOODS (INDIA) PRIVATE LIMITED'
2026-03-03 16:27:27,813 - GRN 69a5409c3da8e7b67721556a: vendorName raw='SRI VASAVI AGENCIES', stripped='SRI VASAVI AGENCIES', filter='None'
2026-03-03 16:27:27,814 - Matched GRN 69a5409c3da8e7b67721556a: vendorName='SRI VASAVI AGENCIES'
2026-03-03 16:27:27,814 - GRN 69a5301c7a1281a69d3b0e96: vendorName raw='VISHVAN TRADERS', stripped='VISHVAN TRADERS', filter='None'
2026-03-03 16:27:27,814 - Matched GRN 69a5301c7a1281a69d3b0e96: vendorName='VISHVAN TRADERS'
2026-03-03 16:27:27,814 - GRN 69a52e077a1281a69d3b0e92: vendorName raw='KAKIDHA PIE', stripped='KAKIDHA PIE', filter='None'
2026-03-03 16:27:27,814 - Matched GRN 69a52e077a1281a69d3b0e92: vendorName='KAKIDHA PIE'
2026-03-03 16:27:27,815 - GRN 69a52de43e3ad41803952cd4: vendorName raw='KAKIDHA PIE', stripped='KAKIDHA PIE', filter='None'
2026-03-03 16:27:27,815 - Matched GRN 69a52de43e3ad41803952cd4: vendorName='KAKIDHA PIE'
2026-03-03 16:27:27,815 - GRN 69a52d513e3ad41803952cd2: vendorName raw='KAKIDHA PIE', stripped='KAKIDHA PIE', filter='None'
2026-03-03 16:27:27,815 - Matched GRN 69a52d513e3ad41803952cd2: vendorName='KAKIDHA PIE'
2026-03-03 16:27:27,820 - Final filtered GRNs: 8 (skipped: 0 total fetched: 8)
2026-03-03 16:27:27,979 - Tenant context set: 6995450ca156434cf8c80137 -> BestMummy_TNT012
2026-03-03 16:27:28,082 - Tenant context set: 6995450ca156434cf8c80137 -> BestMummy_TNT012
2026-03-03 16:27:28,580 - Tenant context set: 6995450ca156434cf8c80137 -> BestMummy_TNT012
2026-03-03 16:27:28,686 - Tenant context set: 6995450ca156434cf8c80137 -> BestMummy_TNT012
2026-03-03 16:27:28,783 - Tenant context set: 6995450ca156434cf8c80137 -> BestMummy_TNT012
2026-03-03 16:27:28,877 - Tenant context set: 6995450ca156434cf8c80137 -> BestMummy_TNT012
2026-03-03 16:27:29,579 - Full MongoDB query: {'status': {'$in': ['Active', 'active', 'Partially Returned', 'PartiallyReturned']}}
2026-03-03 16:27:29,680 - Raw total matching GRNs: 8
2026-03-03 16:27:29,794 - Fetched 8 raw GRNs from cursor
2026-03-03 16:27:29,986 - GRN 69a67eadad8013cc4b9cdd89: vendorName raw='SKB COCONUT MERCHANT', stripped='SKB COCONUT MERCHANT', filter='None'
2026-03-03 16:27:29,986 - Matched GRN 69a67eadad8013cc4b9cdd89: vendorName='SKB COCONUT MERCHANT'
2026-03-03 16:27:29,986 - GRN 69a67c38ad8013cc4b9cdd82: vendorName raw='SARAVANA DAIRY FARM', stripped='SARAVANA DAIRY FARM', filter='None'
2026-03-03 16:27:29,986 - Matched GRN 69a67c38ad8013cc4b9cdd82: vendorName='SARAVANA DAIRY FARM'
2026-03-03 16:27:29,986 - GRN 69a5824ee1601c65eb6369ba: vendorName raw='SKM ANIMAL FEEDS AND FOODS (INDIA) PRIVATE LIMITED', stripped='SKM ANIMAL FEEDS AND FOODS (INDIA) PRIVATE LIMITED', filter='None'
2026-03-03 16:27:29,987 - Matched GRN 69a5824ee1601c65eb6369ba: vendorName='SKM ANIMAL FEEDS AND FOODS (INDIA) PRIVATE LIMITED'
2026-03-03 16:27:29,987 - GRN 69a5409c3da8e7b67721556a: vendorName raw='SRI VASAVI AGENCIES', stripped='SRI VASAVI AGENCIES', filter='None'
2026-03-03 16:27:29,987 - Matched GRN 69a5409c3da8e7b67721556a: vendorName='SRI VASAVI AGENCIES'
2026-03-03 16:27:29,987 - GRN 69a5301c7a1281a69d3b0e96: vendorName raw='VISHVAN TRADERS', stripped='VISHVAN TRADERS', filter='None'
2026-03-03 16:27:29,987 - Matched GRN 69a5301c7a1281a69d3b0e96: vendorName='VISHVAN TRADERS'
2026-03-03 16:27:29,987 - GRN 69a52e077a1281a69d3b0e92: vendorName raw='KAKIDHA PIE', stripped='KAKIDHA PIE', filter='None'
2026-03-03 16:27:29,987 - Matched GRN 69a52e077a1281a69d3b0e92: vendorName='KAKIDHA PIE'
2026-03-03 16:27:29,988 - GRN 69a52de43e3ad41803952cd4: vendorName raw='KAKIDHA PIE', stripped='KAKIDHA PIE', filter='None'
2026-03-03 16:27:29,988 - Matched GRN 69a52de43e3ad41803952cd4: vendorName='KAKIDHA PIE'
2026-03-03 16:27:29,988 - GRN 69a52d513e3ad41803952cd2: vendorName raw='KAKIDHA PIE', stripped='KAKIDHA PIE', filter='None'
2026-03-03 16:27:29,988 - Matched GRN 69a52d513e3ad41803952cd2: vendorName='KAKIDHA PIE'
2026-03-03 16:27:29,988 - Final filtered GRNs: 8 (skipped: 0 total fetched: 8)
2026-03-03 16:27:30,094 - Tenant context set: 6995450ca156434cf8c80137 -> BestMummy_TNT012
2026-03-03 16:27:43,688 - Tenant context set: 6995450ca156434cf8c80137 -> BestMummy_TNT012
2026-03-03 16:27:45,285 - Tenant context set: 6995450ca156434cf8c80137 -> BestMummy_TNT012
2026-03-03 16:27:59,479 - Tenant context set: 6995450ca156434cf8c80137 -> BestMummy_TNT012
2026-03-03 16:28:03,483 - GRN_RETURN|grn_id=69a67eadad8013cc4b9cdd89|returned_by=admintest
2026-03-03 16:28:03,879 - Tenant context set: 6995450ca156434cf8c80137 -> BestMummy_TNT012
2026-03-03 16:28:04,178 - Processed fromDate (naive): 2026-03-03 00:00:00
2026-03-03 16:28:04,178 - Processed toDate (naive): 2026-03-04 23:59:59.999999
2026-03-03 16:28:04,178 - Full MongoDB query: {'status': {'$in': ['Active', 'active', 'Partially Returned', 'PartiallyReturned']}, 'grnDate': {'$gte': datetime.datetime(2026, 3, 3, 0, 0), '$lte': datetime.datetime(2026, 3, 4, 23, 59, 59, 999999)}}
2026-03-03 16:28:04,281 - Raw total matching GRNs: 2
2026-03-03 16:28:04,386 - Fetched 2 raw GRNs from cursor
2026-03-03 16:28:04,587 - GRN 69a67eadad8013cc4b9cdd89: vendorName raw='SKB COCONUT MERCHANT', stripped='SKB COCONUT MERCHANT', filter='None'
2026-03-03 16:28:04,677 - Matched GRN 69a67eadad8013cc4b9cdd89: vendorName='SKB COCONUT MERCHANT'
2026-03-03 16:28:04,677 - GRN 69a67c38ad8013cc4b9cdd82: vendorName raw='SARAVANA DAIRY FARM', stripped='SARAVANA DAIRY FARM', filter='None'
2026-03-03 16:28:04,677 - Matched GRN 69a67c38ad8013cc4b9cdd82: vendorName='SARAVANA DAIRY FARM'
2026-03-03 16:28:04,678 - Final filtered GRNs: 2 (skipped: 0 total fetched: 2)
2026-03-03 16:28:04,978 - Tenant context set: 6995450ca156434cf8c80137 -> BestMummy_TNT012
2026-03-03 16:28:05,284 - Full MongoDB query: {'status': {'$in': ['Active', 'active', 'Partially Returned', 'PartiallyReturned']}}
2026-03-03 16:28:05,397 - Raw total matching GRNs: 8
2026-03-03 16:28:05,582 - Fetched 8 raw GRNs from cursor
2026-03-03 16:28:05,785 - GRN 69a67eadad8013cc4b9cdd89: vendorName raw='SKB COCONUT MERCHANT', stripped='SKB COCONUT MERCHANT', filter='None'
2026-03-03 16:28:05,785 - Matched GRN 69a67eadad8013cc4b9cdd89: vendorName='SKB COCONUT MERCHANT'
2026-03-03 16:28:05,786 - GRN 69a67c38ad8013cc4b9cdd82: vendorName raw='SARAVANA DAIRY FARM', stripped='SARAVANA DAIRY FARM', filter='None'
2026-03-03 16:28:05,786 - Matched GRN 69a67c38ad8013cc4b9cdd82: vendorName='SARAVANA DAIRY FARM'
2026-03-03 16:28:05,786 - GRN 69a5824ee1601c65eb6369ba: vendorName raw='SKM ANIMAL FEEDS AND FOODS (INDIA) PRIVATE LIMITED', stripped='SKM ANIMAL FEEDS AND FOODS (INDIA) PRIVATE LIMITED', filter='None'
2026-03-03 16:28:05,787 - Matched GRN 69a5824ee1601c65eb6369ba: vendorName='SKM ANIMAL FEEDS AND FOODS (INDIA) PRIVATE LIMITED'
2026-03-03 16:28:05,787 - GRN 69a5409c3da8e7b67721556a: vendorName raw='SRI VASAVI AGENCIES', stripped='SRI VASAVI AGENCIES', filter='None'
2026-03-03 16:28:05,787 - Matched GRN 69a5409c3da8e7b67721556a: vendorName='SRI VASAVI AGENCIES'
2026-03-03 16:28:05,788 - GRN 69a5301c7a1281a69d3b0e96: vendorName raw='VISHVAN TRADERS', stripped='VISHVAN TRADERS', filter='None'
2026-03-03 16:28:05,788 - Matched GRN 69a5301c7a1281a69d3b0e96: vendorName='VISHVAN TRADERS'
2026-03-03 16:28:05,789 - GRN 69a52e077a1281a69d3b0e92: vendorName raw='KAKIDHA PIE', stripped='KAKIDHA PIE', filter='None'
2026-03-03 16:28:05,789 - Matched GRN 69a52e077a1281a69d3b0e92: vendorName='KAKIDHA PIE'
2026-03-03 16:28:05,790 - GRN 69a52de43e3ad41803952cd4: vendorName raw='KAKIDHA PIE', stripped='KAKIDHA PIE', filter='None'
2026-03-03 16:28:05,790 - Matched GRN 69a52de43e3ad41803952cd4: vendorName='KAKIDHA PIE'
2026-03-03 16:28:05,791 - GRN 69a52d513e3ad41803952cd2: vendorName raw='KAKIDHA PIE', stripped='KAKIDHA PIE', filter='None'
2026-03-03 16:28:05,791 - Matched GRN 69a52d513e3ad41803952cd2: vendorName='KAKIDHA PIE'
2026-03-03 16:28:05,791 - Final filtered GRNs: 8 (skipped: 0 total fetched: 8)
2026-03-03 16:28:14,078 - Tenant context set: 6995450ca156434cf8c80137 -> BestMummy_TNT012
2026-03-03 16:28:14,283 - Tenant context set: 6995450ca156434cf8c80137 -> BestMummy_TNT012
2026-03-03 16:44:46,425 - Tenant context set: 6995450ca156434cf8c80137 -> BestMummy_TNT012
2026-03-03 16:44:47,283 - Tenant context set: 6995450ca156434cf8c80137 -> BestMummy_TNT012
2026-03-03 16:54:25,471 - Tenant context set: 6995450ca156434cf8c80137 -> BestMummy_TNT012
2026-03-03 16:54:25,566 - Tenant context set: 6995450ca156434cf8c80137 -> BestMummy_TNT012
2026-03-03 16:54:25,863 - Tenant context set: 6995450ca156434cf8c80137 -> BestMummy_TNT012
2026-03-03 16:54:25,968 - Tenant context set: 6995450ca156434cf8c80137 -> BestMummy_TNT012
2026-03-03 16:54:26,376 - Full MongoDB query: {'status': {'$in': ['Active', 'active', 'Partially Returned', 'PartiallyReturned']}}
2026-03-03 16:54:26,465 - Raw total matching GRNs: 8
2026-03-03 16:54:26,663 - Fetched 8 raw GRNs from cursor
2026-03-03 16:54:26,886 - GRN 69a67eadad8013cc4b9cdd89: vendorName raw='SKB COCONUT MERCHANT', stripped='SKB COCONUT MERCHANT', filter='None'
2026-03-03 16:54:26,887 - Matched GRN 69a67eadad8013cc4b9cdd89: vendorName='SKB COCONUT MERCHANT'
2026-03-03 16:54:26,924 - GRN 69a67c38ad8013cc4b9cdd82: vendorName raw='SARAVANA DAIRY FARM', stripped='SARAVANA DAIRY FARM', filter='None'
2026-03-03 16:54:26,924 - Matched GRN 69a67c38ad8013cc4b9cdd82: vendorName='SARAVANA DAIRY FARM'
2026-03-03 16:54:26,926 - GRN 69a5824ee1601c65eb6369ba: vendorName raw='SKM ANIMAL FEEDS AND FOODS (INDIA) PRIVATE LIMITED', stripped='SKM ANIMAL FEEDS AND FOODS (INDIA) PRIVATE LIMITED', filter='None'
2026-03-03 16:54:26,926 - Matched GRN 69a5824ee1601c65eb6369ba: vendorName='SKM ANIMAL FEEDS AND FOODS (INDIA) PRIVATE LIMITED'
2026-03-03 16:54:26,930 - GRN 69a5409c3da8e7b67721556a: vendorName raw='SRI VASAVI AGENCIES', stripped='SRI VASAVI AGENCIES', filter='None'
2026-03-03 16:54:26,930 - Matched GRN 69a5409c3da8e7b67721556a: vendorName='SRI VASAVI AGENCIES'
2026-03-03 16:54:26,930 - GRN 69a5301c7a1281a69d3b0e96: vendorName raw='VISHVAN TRADERS', stripped='VISHVAN TRADERS', filter='None'
2026-03-03 16:54:26,930 - Matched GRN 69a5301c7a1281a69d3b0e96: vendorName='VISHVAN TRADERS'
2026-03-03 16:54:26,932 - GRN 69a52e077a1281a69d3b0e92: vendorName raw='KAKIDHA PIE', stripped='KAKIDHA PIE', filter='None'
2026-03-03 16:54:26,935 - Matched GRN 69a52e077a1281a69d3b0e92: vendorName='KAKIDHA PIE'
2026-03-03 16:54:26,935 - GRN 69a52de43e3ad41803952cd4: vendorName raw='KAKIDHA PIE', stripped='KAKIDHA PIE', filter='None'
2026-03-03 16:54:26,935 - Matched GRN 69a52de43e3ad41803952cd4: vendorName='KAKIDHA PIE'
2026-03-03 16:54:26,936 - GRN 69a52d513e3ad41803952cd2: vendorName raw='KAKIDHA PIE', stripped='KAKIDHA PIE', filter='None'
2026-03-03 16:54:26,937 - Matched GRN 69a52d513e3ad41803952cd2: vendorName='KAKIDHA PIE'
2026-03-03 16:54:26,937 - Final filtered GRNs: 8 (skipped: 0 total fetched: 8)
2026-03-03 16:54:27,263 - Tenant context set: 6995450ca156434cf8c80137 -> BestMummy_TNT012
2026-03-03 16:54:27,362 - Tenant context set: 6995450ca156434cf8c80137 -> BestMummy_TNT012
2026-03-03 16:54:27,866 - Tenant context set: 6995450ca156434cf8c80137 -> BestMummy_TNT012
2026-03-03 16:54:27,963 - Tenant context set: 6995450ca156434cf8c80137 -> BestMummy_TNT012
2026-03-03 16:54:28,074 - Tenant context set: 6995450ca156434cf8c80137 -> BestMummy_TNT012
2026-03-03 16:54:28,375 - Tenant context set: 6995450ca156434cf8c80137 -> BestMummy_TNT012
2026-03-03 16:54:28,863 - Full MongoDB query: {'status': {'$in': ['Active', 'active', 'Partially Returned', 'PartiallyReturned']}}
2026-03-03 16:54:28,982 - Raw total matching GRNs: 8
2026-03-03 16:54:29,070 - Fetched 8 raw GRNs from cursor
2026-03-03 16:54:29,268 - GRN 69a67eadad8013cc4b9cdd89: vendorName raw='SKB COCONUT MERCHANT', stripped='SKB COCONUT MERCHANT', filter='None'
2026-03-03 16:54:29,268 - Matched GRN 69a67eadad8013cc4b9cdd89: vendorName='SKB COCONUT MERCHANT'
2026-03-03 16:54:29,269 - GRN 69a67c38ad8013cc4b9cdd82: vendorName raw='SARAVANA DAIRY FARM', stripped='SARAVANA DAIRY FARM', filter='None'
2026-03-03 16:54:29,269 - Matched GRN 69a67c38ad8013cc4b9cdd82: vendorName='SARAVANA DAIRY FARM'
2026-03-03 16:54:29,270 - GRN 69a5824ee1601c65eb6369ba: vendorName raw='SKM ANIMAL FEEDS AND FOODS (INDIA) PRIVATE LIMITED', stripped='SKM ANIMAL FEEDS AND FOODS (INDIA) PRIVATE LIMITED', filter='None'
2026-03-03 16:54:29,270 - Matched GRN 69a5824ee1601c65eb6369ba: vendorName='SKM ANIMAL FEEDS AND FOODS (INDIA) PRIVATE LIMITED'
2026-03-03 16:54:29,273 - GRN 69a5409c3da8e7b67721556a: vendorName raw='SRI VASAVI AGENCIES', stripped='SRI VASAVI AGENCIES', filter='None'
2026-03-03 16:54:29,273 - Matched GRN 69a5409c3da8e7b67721556a: vendorName='SRI VASAVI AGENCIES'
2026-03-03 16:54:29,274 - GRN 69a5301c7a1281a69d3b0e96: vendorName raw='VISHVAN TRADERS', stripped='VISHVAN TRADERS', filter='None'
2026-03-03 16:54:29,275 - Matched GRN 69a5301c7a1281a69d3b0e96: vendorName='VISHVAN TRADERS'
2026-03-03 16:54:29,275 - GRN 69a52e077a1281a69d3b0e92: vendorName raw='KAKIDHA PIE', stripped='KAKIDHA PIE', filter='None'
2026-03-03 16:54:29,276 - Matched GRN 69a52e077a1281a69d3b0e92: vendorName='KAKIDHA PIE'
2026-03-03 16:54:29,276 - GRN 69a52de43e3ad41803952cd4: vendorName raw='KAKIDHA PIE', stripped='KAKIDHA PIE', filter='None'
2026-03-03 16:54:29,277 - Matched GRN 69a52de43e3ad41803952cd4: vendorName='KAKIDHA PIE'
2026-03-03 16:54:29,278 - GRN 69a52d513e3ad41803952cd2: vendorName raw='KAKIDHA PIE', stripped='KAKIDHA PIE', filter='None'
2026-03-03 16:54:29,278 - Matched GRN 69a52d513e3ad41803952cd2: vendorName='KAKIDHA PIE'
2026-03-03 16:54:29,279 - Final filtered GRNs: 8 (skipped: 0 total fetched: 8)
2026-03-03 16:54:29,363 - Tenant context set: 6995450ca156434cf8c80137 -> BestMummy_TNT012
2026-03-03 16:57:37,564 - Tenant context set: 6995450ca156434cf8c80137 -> BestMummy_TNT012
2026-03-03 16:57:37,665 - Tenant context set: 6995450ca156434cf8c80137 -> BestMummy_TNT012
2026-03-03 16:57:57,074 - Tenant context set: 6995450ca156434cf8c80137 -> BestMummy_TNT012
2026-03-03 16:57:57,170 - Tenant context set: 6995450ca156434cf8c80137 -> BestMummy_TNT012
2026-03-03 16:58:30,461 - Tenant context set: 6995450ca156434cf8c80137 -> BestMummy_TNT012
2026-03-03 16:58:30,562 - Tenant context set: 6995450ca156434cf8c80137 -> BestMummy_TNT012
2026-03-03 17:00:17,965 - Tenant context set: 6995450ca156434cf8c80137 -> BestMummy_TNT012
2026-03-03 17:00:18,660 - Tenant context set: 6995450ca156434cf8c80137 -> BestMummy_TNT012
2026-03-03 17:00:34,769 - Tenant context set: 6995450ca156434cf8c80137 -> BestMummy_TNT012
2026-03-03 17:00:41,405 - GRN_RETURN|grn_id=69a67c38ad8013cc4b9cdd82|returned_by=admintest
2026-03-03 17:00:43,257 - Tenant context set: 6995450ca156434cf8c80137 -> BestMummy_TNT012
2026-03-03 17:00:43,557 - Processed fromDate (naive): 2026-03-03 00:00:00
2026-03-03 17:00:43,557 - Processed toDate (naive): 2026-03-04 23:59:59.999999
2026-03-03 17:00:43,557 - Full MongoDB query: {'status': {'$in': ['Active', 'active', 'Partially Returned', 'PartiallyReturned']}, 'grnDate': {'$gte': datetime.datetime(2026, 3, 3, 0, 0), '$lte': datetime.datetime(2026, 3, 4, 23, 59, 59, 999999)}}
2026-03-03 17:00:43,662 - Raw total matching GRNs: 2
2026-03-03 17:00:43,760 - Fetched 2 raw GRNs from cursor
2026-03-03 17:00:43,960 - GRN 69a67eadad8013cc4b9cdd89: vendorName raw='SKB COCONUT MERCHANT', stripped='SKB COCONUT MERCHANT', filter='None'
2026-03-03 17:00:43,960 - Matched GRN 69a67eadad8013cc4b9cdd89: vendorName='SKB COCONUT MERCHANT'
2026-03-03 17:00:43,960 - GRN 69a67c38ad8013cc4b9cdd82: vendorName raw='SARAVANA DAIRY FARM', stripped='SARAVANA DAIRY FARM', filter='None'
2026-03-03 17:00:43,960 - Matched GRN 69a67c38ad8013cc4b9cdd82: vendorName='SARAVANA DAIRY FARM'
2026-03-03 17:00:43,960 - Final filtered GRNs: 2 (skipped: 0 total fetched: 2)
2026-03-03 17:00:45,161 - Tenant context set: 6995450ca156434cf8c80137 -> BestMummy_TNT012
2026-03-03 17:00:45,474 - Full MongoDB query: {'status': {'$in': ['Active', 'active', 'Partially Returned', 'PartiallyReturned']}}
2026-03-03 17:00:45,570 - Raw total matching GRNs: 8
2026-03-03 17:00:45,763 - Fetched 8 raw GRNs from cursor
2026-03-03 17:00:45,960 - GRN 69a67eadad8013cc4b9cdd89: vendorName raw='SKB COCONUT MERCHANT', stripped='SKB COCONUT MERCHANT', filter='None'
2026-03-03 17:00:45,961 - Matched GRN 69a67eadad8013cc4b9cdd89: vendorName='SKB COCONUT MERCHANT'
2026-03-03 17:00:45,961 - GRN 69a67c38ad8013cc4b9cdd82: vendorName raw='SARAVANA DAIRY FARM', stripped='SARAVANA DAIRY FARM', filter='None'
2026-03-03 17:00:45,962 - Matched GRN 69a67c38ad8013cc4b9cdd82: vendorName='SARAVANA DAIRY FARM'
2026-03-03 17:00:45,962 - GRN 69a5824ee1601c65eb6369ba: vendorName raw='SKM ANIMAL FEEDS AND FOODS (INDIA) PRIVATE LIMITED', stripped='SKM ANIMAL FEEDS AND FOODS (INDIA) PRIVATE LIMITED', filter='None'
2026-03-03 17:00:45,963 - Matched GRN 69a5824ee1601c65eb6369ba: vendorName='SKM ANIMAL FEEDS AND FOODS (INDIA) PRIVATE LIMITED'
2026-03-03 17:00:45,963 - GRN 69a5409c3da8e7b67721556a: vendorName raw='SRI VASAVI AGENCIES', stripped='SRI VASAVI AGENCIES', filter='None'
2026-03-03 17:00:45,963 - Matched GRN 69a5409c3da8e7b67721556a: vendorName='SRI VASAVI AGENCIES'
2026-03-03 17:00:45,965 - GRN 69a5301c7a1281a69d3b0e96: vendorName raw='VISHVAN TRADERS', stripped='VISHVAN TRADERS', filter='None'
2026-03-03 17:00:45,965 - Matched GRN 69a5301c7a1281a69d3b0e96: vendorName='VISHVAN TRADERS'
2026-03-03 17:00:46,349 - GRN 69a52e077a1281a69d3b0e92: vendorName raw='KAKIDHA PIE', stripped='KAKIDHA PIE', filter='None'
2026-03-03 17:00:46,350 - Matched GRN 69a52e077a1281a69d3b0e92: vendorName='KAKIDHA PIE'
2026-03-03 17:00:46,351 - GRN 69a52de43e3ad41803952cd4: vendorName raw='KAKIDHA PIE', stripped='KAKIDHA PIE', filter='None'
2026-03-03 17:00:46,351 - Matched GRN 69a52de43e3ad41803952cd4: vendorName='KAKIDHA PIE'
2026-03-03 17:00:46,353 - GRN 69a52d513e3ad41803952cd2: vendorName raw='KAKIDHA PIE', stripped='KAKIDHA PIE', filter='None'
2026-03-03 17:00:46,354 - Matched GRN 69a52d513e3ad41803952cd2: vendorName='KAKIDHA PIE'
2026-03-03 17:00:46,355 - Final filtered GRNs: 8 (skipped: 0 total fetched: 8)
2026-03-03 17:00:57,886 - Tenant context set: 6995450ca156434cf8c80137 -> BestMummy_TNT012
2026-03-03 17:00:58,094 - Tenant context set: 6995450ca156434cf8c80137 -> BestMummy_TNT012
2026-03-03 17:06:09,802 - ✅ Successfully imported: purchaseOrder.po_to_grn
2026-03-03 17:06:09,802 - ✅ Router found in: purchaseOrder.po_to_grn
2026-03-03 17:06:09,804 - ✅ Included YEN ERP: purchaseOrder.po_to_grn
2026-03-03 17:06:09,804 - 🟡 Attempting to import: purchaseOrder.grnConverted
2026-03-03 17:06:09,893 - ✅ Successfully imported: purchaseOrder.grnConverted
2026-03-03 17:06:09,894 - ✅ Router found in: purchaseOrder.grnConverted
2026-03-03 17:06:09,898 - ✅ Included YEN ERP: purchaseOrder.grnConverted
2026-03-03 17:06:09,898 - 🟡 Attempting to import: purchaseOrder.poedit
2026-03-03 17:06:09,901 - ✅ Successfully imported: purchaseOrder.poedit
2026-03-03 17:06:09,901 - ✅ Router found in: purchaseOrder.poedit
2026-03-03 17:06:09,902 - ✅ Included YEN ERP: purchaseOrder.poedit
2026-03-03 17:06:09,902 - 🟡 Attempting to import: purchaseOrder.freightfunction
2026-03-03 17:06:09,911 - ✅ Successfully imported: purchaseOrder.freightfunction
2026-03-03 17:06:09,911 - ✅ Router found in: purchaseOrder.freightfunction
2026-03-03 17:06:09,913 - ✅ Included YEN ERP: purchaseOrder.freightfunction
2026-03-03 17:06:09,913 - 🟡 Attempting to import: purchaseOrder.pending
2026-03-03 17:06:09,930 - ✅ Successfully imported: purchaseOrder.pending
2026-03-03 17:06:09,930 - ✅ Router found in: purchaseOrder.pending
2026-03-03 17:06:09,932 - ✅ Included YEN ERP: purchaseOrder.pending
2026-03-03 17:06:09,933 - 🟡 Attempting to import: grn.routes
2026-03-03 17:06:09,933 - ✅ Successfully imported: grn.routes
2026-03-03 17:06:09,933 - ✅ Router found in: grn.routes
2026-03-03 17:06:09,948 - ✅ Included YEN ERP: grn.routes
2026-03-03 17:06:09,948 - 🟡 Attempting to import: grn.return
2026-03-03 17:06:10,222 - ✅ Successfully imported: grn.return
2026-03-03 17:06:10,222 - ✅ Router found in: grn.return
2026-03-03 17:06:10,226 - ✅ Included YEN ERP: grn.return
2026-03-03 17:06:10,226 - 🟡 Attempting to import: grn.grn_to_ap
2026-03-03 17:06:10,275 - ✅ Successfully imported: grn.grn_to_ap
2026-03-03 17:06:10,275 - ✅ Router found in: grn.grn_to_ap
2026-03-03 17:06:10,277 - ✅ Included YEN ERP: grn.grn_to_ap
2026-03-03 17:06:10,277 - 🟡 Attempting to import: grn.debitnote
2026-03-03 17:06:11,024 - ✅ Successfully imported: grn.debitnote
2026-03-03 17:06:11,025 - ✅ Router found in: grn.debitnote
2026-03-03 17:06:11,036 - ✅ Included YEN ERP: grn.debitnote
2026-03-03 17:06:11,036 - 🟡 Attempting to import: grn.grn_to_ap_outgoing
2026-03-03 17:06:11,322 - ✅ Successfully imported: grn.grn_to_ap_outgoing
2026-03-03 17:06:11,322 - ✅ Router found in: grn.grn_to_ap_outgoing
2026-03-03 17:06:11,326 - ✅ Included YEN ERP: grn.grn_to_ap_outgoing
2026-03-03 17:06:11,326 - 🟡 Attempting to import: grn.grn_to_po
2026-03-03 17:06:11,332 - ✅ Successfully imported: grn.grn_to_po
2026-03-03 17:06:11,332 - ✅ Router found in: grn.grn_to_po
2026-03-03 17:06:11,333 - ✅ Included YEN ERP: grn.grn_to_po
2026-03-03 17:06:11,333 - 🟡 Attempting to import: apinvoice.routes
2026-03-03 17:06:11,333 - ✅ Successfully imported: apinvoice.routes
2026-03-03 17:06:11,334 - ✅ Router found in: apinvoice.routes
2026-03-03 17:06:11,351 - ✅ Included YEN ERP: apinvoice.routes
2026-03-03 17:06:11,351 - 🟡 Attempting to import: apinvoice.ap_to_outgoing
2026-03-03 17:06:11,355 - ✅ Successfully imported: apinvoice.ap_to_outgoing
2026-03-03 17:06:11,355 - ✅ Router found in: apinvoice.ap_to_outgoing
2026-03-03 17:06:11,356 - ✅ Included YEN ERP: apinvoice.ap_to_outgoing
2026-03-03 17:06:11,356 - 🟡 Attempting to import: apinvoice.apReturned
2026-03-03 17:06:11,360 - ✅ Successfully imported: apinvoice.apReturned
2026-03-03 17:06:11,360 - ✅ Router found in: apinvoice.apReturned
2026-03-03 17:06:11,361 - ✅ Included YEN ERP: apinvoice.apReturned
2026-03-03 17:06:11,361 - 🟡 Attempting to import: outgoingPayment.routes
2026-03-03 17:06:11,361 - ✅ Successfully imported: outgoingPayment.routes
2026-03-03 17:06:11,361 - ✅ Router found in: outgoingPayment.routes
2026-03-03 17:06:11,376 - ✅ Included YEN ERP: outgoingPayment.routes
2026-03-03 17:06:11,376 - 🟡 Attempting to import: outgoingPayment.bulk_payment
2026-03-03 17:06:11,387 - ✅ Successfully imported: outgoingPayment.bulk_payment
2026-03-03 17:06:11,387 - ✅ Router found in: outgoingPayment.bulk_payment
2026-03-03 17:06:11,388 - ✅ Included YEN ERP: outgoingPayment.bulk_payment
2026-03-03 17:06:11,388 - 🟡 Attempting to import: outgoingPayment.vendor_ledger
2026-03-03 17:06:11,391 - ✅ Successfully imported: outgoingPayment.vendor_ledger
2026-03-03 17:06:11,391 - ✅ Router found in: outgoingPayment.vendor_ledger
2026-03-03 17:06:11,394 - ✅ Included YEN ERP: outgoingPayment.vendor_ledger
2026-03-03 17:06:11,394 - 🟡 Attempting to import: outgoingPayment.single_payment
2026-03-03 17:06:11,399 - ✅ Successfully imported: outgoingPayment.single_payment
2026-03-03 17:06:11,399 - ✅ Router found in: outgoingPayment.single_payment
2026-03-03 17:06:11,400 - ✅ Included YEN ERP: outgoingPayment.single_payment
2026-03-03 17:06:11,400 - 🟡 Attempting to import: outgoingPayment.payment_history
2026-03-03 17:06:11,415 - ✅ Successfully imported: outgoingPayment.payment_history
2026-03-03 17:06:11,415 - ✅ Router found in: outgoingPayment.payment_history
2026-03-03 17:06:11,417 - ✅ Included YEN ERP: outgoingPayment.payment_history
2026-03-03 17:06:11,417 - 🟡 Attempting to import: outgoingPayment.advance_routes
2026-03-03 17:06:11,432 - ✅ Successfully imported: outgoingPayment.advance_routes
2026-03-03 17:06:11,432 - ✅ Router found in: outgoingPayment.advance_routes
2026-03-03 17:06:11,439 - ✅ Included YEN ERP: outgoingPayment.advance_routes
2026-03-03 17:06:11,439 - 🟡 Attempting to import: Business.routes
2026-03-03 17:06:11,450 - ✅ Successfully imported: Business.routes
2026-03-03 17:06:11,450 - ✅ Router found in: Business.routes
2026-03-03 17:06:11,456 - ✅ Included YEN ERP: Business.routes
2026-03-03 17:06:11,456 - 🟡 Attempting to import: Personal.routes
2026-03-03 17:06:11,464 - ✅ Successfully imported: Personal.routes
2026-03-03 17:06:11,464 - ✅ Router found in: Personal.routes
2026-03-03 17:06:11,467 - ✅ Included YEN ERP: Personal.routes
2026-03-03 17:06:11,467 - 🟡 Attempting to import: shippingaddress.routes
2026-03-03 17:06:11,475 - ✅ Successfully imported: shippingaddress.routes
2026-03-03 17:06:11,475 - ✅ Router found in: shippingaddress.routes
2026-03-03 17:06:11,477 - ✅ Included YEN ERP: shippingaddress.routes
2026-03-03 17:06:11,477 - 🟡 Attempting to import: ItemGroup.routes
2026-03-03 17:06:11,489 - ✅ Successfully imported: ItemGroup.routes
2026-03-03 17:06:11,489 - ✅ Router found in: ItemGroup.routes
2026-03-03 17:06:11,497 - ✅ Included YEN ERP: ItemGroup.routes
2026-03-03 17:06:11,497 - 🟡 Attempting to import: FreightMaster.routes
2026-03-03 17:06:11,522 - ✅ Successfully imported: FreightMaster.routes
2026-03-03 17:06:11,522 - ✅ Router found in: FreightMaster.routes
2026-03-03 17:06:11,528 - ✅ Included YEN ERP: FreightMaster.routes
2026-03-03 17:06:11,528 - 🟡 Attempting to import: purchaseOrder.poimport
2026-03-03 17:06:13,560 - ✅ Successfully imported: purchaseOrder.poimport
2026-03-03 17:06:13,561 - ✅ Router found in: purchaseOrder.poimport
2026-03-03 17:06:13,565 - ✅ Included YEN ERP: purchaseOrder.poimport
2026-03-03 17:06:13,565 - 🟡 Attempting to import: ServiceOrder.routes
2026-03-03 17:06:13,615 - ✅ Successfully imported: ServiceOrder.routes
2026-03-03 17:06:13,615 - ✅ Router found in: ServiceOrder.routes
2026-03-03 17:06:13,627 - ✅ Included YEN ERP: ServiceOrder.routes
2026-03-03 17:06:13,627 - 🟡 Attempting to import: Service.serviceSummary
2026-03-03 17:06:13,738 - ✅ Successfully imported: Service.serviceSummary
2026-03-03 17:06:13,738 - ✅ Router found in: Service.serviceSummary
2026-03-03 17:06:13,740 - ✅ Included YEN ERP: Service.serviceSummary
2026-03-03 17:06:13,740 - 🟡 Attempting to import: ServiceOrder.servicelist
2026-03-03 17:06:13,745 - ✅ Successfully imported: ServiceOrder.servicelist
2026-03-03 17:06:13,745 - ✅ Router found in: ServiceOrder.servicelist
2026-03-03 17:06:13,750 - ✅ Included YEN ERP: ServiceOrder.servicelist
2026-03-03 17:06:13,750 - 🟡 Attempting to import: ServiceOrder.filterpatch
2026-03-03 17:06:13,755 - ✅ Successfully imported: ServiceOrder.filterpatch
2026-03-03 17:06:13,755 - ✅ Router found in: ServiceOrder.filterpatch
2026-03-03 17:06:13,758 - ✅ Included YEN ERP: ServiceOrder.filterpatch
2026-03-03 17:06:13,758 - 🟡 Attempting to import: ServiceOrder.service_ap_outgoing
2026-03-03 17:06:13,766 - ✅ Successfully imported: ServiceOrder.service_ap_outgoing
2026-03-03 17:06:13,767 - ✅ Router found in: ServiceOrder.service_ap_outgoing
2026-03-03 17:06:13,769 - ✅ Included YEN ERP: ServiceOrder.service_ap_outgoing
2026-03-03 17:06:27,527 - ✅ Main sync connection created
2026-03-03 17:06:28,056 - Tenant context set: 6995450ca156434cf8c80137 -> BestMummy_TNT012
2026-03-03 17:06:28,823 - ✅ Tenant 6995450ca156434cf8c80137 sync DB: BestMummy_TNT012
2026-03-03 17:06:30,961 - Fetched datetime from API: 2026-03-03T17:06:00+05:30
2026-03-03 17:06:32,554 - Tenant context set: 6995450ca156434cf8c80137 -> BestMummy_TNT012
2026-03-03 17:06:33,370 - Fetched datetime from API: 2026-03-03T17:06:00+05:30
2026-03-03 17:06:41,763 - Tenant context set: 6995450ca156434cf8c80137 -> BestMummy_TNT012
2026-03-03 17:06:42,456 - Error generating PDF for all notes: generate_all_notes_pdf_content() missing 2 required positional arguments: 'source_doc_ref' and 'original_amount'
Traceback (most recent call last):
  File "D:\Salini\live-po-tenant-authorization-backend-1.0.10\grn\debitnote.py", line 1533, in generate_all_debit_notes_pdf
    pdf_content = generate_all_notes_pdf_content(
                  ^^^^^^^^^^^^^^^^^^^^^^^^^^^^^^^
TypeError: generate_all_notes_pdf_content() missing 2 required positional arguments: 'source_doc_ref' and 'original_amount'

2026-03-03 17:06:50,560 - Tenant context set: 6995450ca156434cf8c80137 -> BestMummy_TNT012
2026-03-03 17:06:51,259 - Error generating PDF for all notes: generate_all_notes_pdf_content() missing 2 required positional arguments: 'source_doc_ref' and 'original_amount'
Traceback (most recent call last):
  File "D:\Salini\live-po-tenant-authorization-backend-1.0.10\grn\debitnote.py", line 1533, in generate_all_debit_notes_pdf
    pdf_content = generate_all_notes_pdf_content(
                  ^^^^^^^^^^^^^^^^^^^^^^^^^^^^^^^
TypeError: generate_all_notes_pdf_content() missing 2 required positional arguments: 'source_doc_ref' and 'original_amount'

2026-03-03 17:06:54,857 - Tenant context set: 6995450ca156434cf8c80137 -> BestMummy_TNT012
2026-03-03 17:06:55,553 - Error generating PDF for all notes: generate_all_notes_pdf_content() missing 2 required positional arguments: 'source_doc_ref' and 'original_amount'
Traceback (most recent call last):
  File "D:\Salini\live-po-tenant-authorization-backend-1.0.10\grn\debitnote.py", line 1533, in generate_all_debit_notes_pdf
    pdf_content = generate_all_notes_pdf_content(
                  ^^^^^^^^^^^^^^^^^^^^^^^^^^^^^^^
TypeError: generate_all_notes_pdf_content() missing 2 required positional arguments: 'source_doc_ref' and 'original_amount'

2026-03-03 17:07:01,279 - Tenant context set: 6995450ca156434cf8c80137 -> BestMummy_TNT012
2026-03-03 17:07:02,262 - Fetched datetime from API: 2026-03-03T17:07:00+05:30
2026-03-03 17:07:03,763 - Tenant context set: 6995450ca156434cf8c80137 -> BestMummy_TNT012
2026-03-03 17:07:04,566 - Fetched datetime from API: 2026-03-03T17:07:00+05:30
2026-03-03 17:07:59,356 - Tenant context set: 6995450ca156434cf8c80137 -> BestMummy_TNT012
2026-03-03 17:07:59,461 - Tenant context set: 6995450ca156434cf8c80137 -> BestMummy_TNT012
2026-03-03 17:07:59,767 - Tenant context set: 6995450ca156434cf8c80137 -> BestMummy_TNT012
2026-03-03 17:07:59,854 - Tenant context set: 6995450ca156434cf8c80137 -> BestMummy_TNT012
2026-03-03 17:07:59,955 - Tenant context set: 6995450ca156434cf8c80137 -> BestMummy_TNT012
2026-03-03 17:08:00,256 - Tenant context set: 6995450ca156434cf8c80137 -> BestMummy_TNT012
2026-03-03 17:08:00,560 - === STARTING OUTGOING PAYMENTS QUERY ===
2026-03-03 17:08:00,560 - Parameters received:
2026-03-03 17:08:00,561 -   sortBy: createdDate
2026-03-03 17:08:00,561 -   sortOrder: descending
2026-03-03 17:08:00,561 -   skip: 0, limit: 50
2026-03-03 17:08:00,655 - TOTAL DOCUMENTS MATCHING QUERY: 3
2026-03-03 17:08:00,756 - TOTAL PAYABLE AMOUNT: 7394.0
2026-03-03 17:08:00,757 - SORTING: by createdDate in descending direction (-1)
2026-03-03 17:08:00,854 - DOCUMENTS RETURNED AFTER SKIP/LIMIT: 3
2026-03-03 17:08:00,854 - PROCESSED OUTGOINGS: 3
2026-03-03 17:08:00,854 - === END OUTGOING PAYMENTS QUERY ===
2026-03-03 17:08:01,258 - Tenant context set: 6995450ca156434cf8c80137 -> BestMummy_TNT012
2026-03-03 17:08:01,558 - Tenant context set: 6995450ca156434cf8c80137 -> BestMummy_TNT012
2026-03-03 17:08:01,861 - Tenant context set: 6995450ca156434cf8c80137 -> BestMummy_TNT012
2026-03-03 17:08:02,164 - Tenant context set: 6995450ca156434cf8c80137 -> BestMummy_TNT012
2026-03-03 17:08:02,655 - Tenant context set: 6995450ca156434cf8c80137 -> BestMummy_TNT012
2026-03-03 17:08:02,757 - Tenant context set: 6995450ca156434cf8c80137 -> BestMummy_TNT012
2026-03-03 17:08:02,857 - Tenant context set: 6995450ca156434cf8c80137 -> BestMummy_TNT012
2026-03-03 17:08:02,955 - Tenant context set: 6995450ca156434cf8c80137 -> BestMummy_TNT012
2026-03-03 17:08:04,053 - === STARTING OUTGOING PAYMENTS QUERY ===
2026-03-03 17:08:04,053 - Parameters received:
2026-03-03 17:08:04,053 -   sortBy: createdDate
2026-03-03 17:08:04,053 -   sortOrder: descending
2026-03-03 17:08:04,053 -   skip: 0, limit: 50
2026-03-03 17:08:04,154 - TOTAL DOCUMENTS MATCHING QUERY: 3
2026-03-03 17:08:04,255 - TOTAL PAYABLE AMOUNT: 7394.0
2026-03-03 17:08:04,256 - SORTING: by createdDate in descending direction (-1)
2026-03-03 17:08:04,355 - DOCUMENTS RETURNED AFTER SKIP/LIMIT: 3
2026-03-03 17:08:04,355 - PROCESSED OUTGOINGS: 3
2026-03-03 17:08:04,355 - === END OUTGOING PAYMENTS QUERY ===
2026-03-03 17:08:12,463 - Tenant context set: 6995450ca156434cf8c80137 -> BestMummy_TNT012
2026-03-03 17:08:12,885 - Tenant context set: 6995450ca156434cf8c80137 -> BestMummy_TNT012
2026-03-03 17:08:21,651 - Tenant context set: 6995450ca156434cf8c80137 -> BestMummy_TNT012
2026-03-03 17:08:22,054 - Tenant context set: 6995450ca156434cf8c80137 -> BestMummy_TNT012
2026-03-03 17:08:41,166 - Tenant context set: 6995450ca156434cf8c80137 -> BestMummy_TNT012
2026-03-03 17:08:41,469 - Tenant context set: 6995450ca156434cf8c80137 -> BestMummy_TNT012
2026-03-03 17:08:41,778 - Tenant context set: 6995450ca156434cf8c80137 -> BestMummy_TNT012
2026-03-03 17:08:41,881 - Tenant context set: 6995450ca156434cf8c80137 -> BestMummy_TNT012
2026-03-03 17:08:41,961 - Tenant context set: 6995450ca156434cf8c80137 -> BestMummy_TNT012
2026-03-03 17:08:42,472 - Tenant context set: 6995450ca156434cf8c80137 -> BestMummy_TNT012
2026-03-03 17:08:42,769 - Tenant context set: 6995450ca156434cf8c80137 -> BestMummy_TNT012
2026-03-03 17:08:42,859 - Tenant context set: 6995450ca156434cf8c80137 -> BestMummy_TNT012
2026-03-03 17:08:44,059 - Tenant context set: 6995450ca156434cf8c80137 -> BestMummy_TNT012
2026-03-03 17:09:19,859 - Tenant context set: 6995450ca156434cf8c80137 -> BestMummy_TNT012
2026-03-03 17:09:20,156 - Tenant context set: 6995450ca156434cf8c80137 -> BestMummy_TNT012
2026-03-03 17:09:20,455 - Tenant context set: 6995450ca156434cf8c80137 -> BestMummy_TNT012
2026-03-03 17:09:21,554 - Tenant context set: 6995450ca156434cf8c80137 -> BestMummy_TNT012
2026-03-03 17:09:21,665 - Tenant context set: 6995450ca156434cf8c80137 -> BestMummy_TNT012
2026-03-03 17:09:23,058 - Tenant context set: 6995450ca156434cf8c80137 -> BestMummy_TNT012
2026-03-03 17:09:23,356 - Tenant context set: 6995450ca156434cf8c80137 -> BestMummy_TNT012
2026-03-03 17:09:25,479 - Full MongoDB query: {'status': {'$in': ['Active', 'active', 'Partially Returned', 'PartiallyReturned']}}
2026-03-03 17:09:25,554 - Raw total matching GRNs: 8
2026-03-03 17:09:25,752 - Fetched 8 raw GRNs from cursor
2026-03-03 17:09:27,355 - GRN 69a67eadad8013cc4b9cdd89: vendorName raw='SKB COCONUT MERCHANT', stripped='SKB COCONUT MERCHANT', filter='None'
2026-03-03 17:09:27,355 - Matched GRN 69a67eadad8013cc4b9cdd89: vendorName='SKB COCONUT MERCHANT'
2026-03-03 17:09:27,365 - GRN 69a67c38ad8013cc4b9cdd82: vendorName raw='SARAVANA DAIRY FARM', stripped='SARAVANA DAIRY FARM', filter='None'
2026-03-03 17:09:27,365 - Matched GRN 69a67c38ad8013cc4b9cdd82: vendorName='SARAVANA DAIRY FARM'
2026-03-03 17:09:27,365 - GRN 69a5824ee1601c65eb6369ba: vendorName raw='SKM ANIMAL FEEDS AND FOODS (INDIA) PRIVATE LIMITED', stripped='SKM ANIMAL FEEDS AND FOODS (INDIA) PRIVATE LIMITED', filter='None'
2026-03-03 17:09:27,366 - Matched GRN 69a5824ee1601c65eb6369ba: vendorName='SKM ANIMAL FEEDS AND FOODS (INDIA) PRIVATE LIMITED'
2026-03-03 17:09:27,366 - GRN 69a5409c3da8e7b67721556a: vendorName raw='SRI VASAVI AGENCIES', stripped='SRI VASAVI AGENCIES', filter='None'
2026-03-03 17:09:27,367 - Matched GRN 69a5409c3da8e7b67721556a: vendorName='SRI VASAVI AGENCIES'
2026-03-03 17:09:27,367 - GRN 69a5301c7a1281a69d3b0e96: vendorName raw='VISHVAN TRADERS', stripped='VISHVAN TRADERS', filter='None'
2026-03-03 17:09:27,367 - Matched GRN 69a5301c7a1281a69d3b0e96: vendorName='VISHVAN TRADERS'
2026-03-03 17:09:27,367 - GRN 69a52e077a1281a69d3b0e92: vendorName raw='KAKIDHA PIE', stripped='KAKIDHA PIE', filter='None'
2026-03-03 17:09:27,367 - Matched GRN 69a52e077a1281a69d3b0e92: vendorName='KAKIDHA PIE'
2026-03-03 17:09:27,367 - GRN 69a52de43e3ad41803952cd4: vendorName raw='KAKIDHA PIE', stripped='KAKIDHA PIE', filter='None'
2026-03-03 17:09:27,367 - Matched GRN 69a52de43e3ad41803952cd4: vendorName='KAKIDHA PIE'
2026-03-03 17:09:27,367 - GRN 69a52d513e3ad41803952cd2: vendorName raw='KAKIDHA PIE', stripped='KAKIDHA PIE', filter='None'
2026-03-03 17:09:27,367 - Matched GRN 69a52d513e3ad41803952cd2: vendorName='KAKIDHA PIE'
2026-03-03 17:09:27,372 - Final filtered GRNs: 8 (skipped: 0 total fetched: 8)
2026-03-03 17:09:27,461 - Tenant context set: 6995450ca156434cf8c80137 -> BestMummy_TNT012
2026-03-03 17:09:27,551 - Tenant context set: 6995450ca156434cf8c80137 -> BestMummy_TNT012
2026-03-03 17:09:27,653 - Tenant context set: 6995450ca156434cf8c80137 -> BestMummy_TNT012
2026-03-03 17:09:28,255 - Full MongoDB query: {'status': {'$in': ['Active', 'active', 'Partially Returned', 'PartiallyReturned']}}
2026-03-03 17:09:28,357 - Raw total matching GRNs: 8
2026-03-03 17:09:28,552 - Fetched 8 raw GRNs from cursor
2026-03-03 17:09:28,757 - GRN 69a67eadad8013cc4b9cdd89: vendorName raw='SKB COCONUT MERCHANT', stripped='SKB COCONUT MERCHANT', filter='None'
2026-03-03 17:09:28,759 - Matched GRN 69a67eadad8013cc4b9cdd89: vendorName='SKB COCONUT MERCHANT'
2026-03-03 17:09:28,759 - GRN 69a67c38ad8013cc4b9cdd82: vendorName raw='SARAVANA DAIRY FARM', stripped='SARAVANA DAIRY FARM', filter='None'
2026-03-03 17:09:28,759 - Matched GRN 69a67c38ad8013cc4b9cdd82: vendorName='SARAVANA DAIRY FARM'
2026-03-03 17:09:28,759 - GRN 69a5824ee1601c65eb6369ba: vendorName raw='SKM ANIMAL FEEDS AND FOODS (INDIA) PRIVATE LIMITED', stripped='SKM ANIMAL FEEDS AND FOODS (INDIA) PRIVATE LIMITED', filter='None'
2026-03-03 17:09:28,760 - Matched GRN 69a5824ee1601c65eb6369ba: vendorName='SKM ANIMAL FEEDS AND FOODS (INDIA) PRIVATE LIMITED'
2026-03-03 17:09:28,760 - GRN 69a5409c3da8e7b67721556a: vendorName raw='SRI VASAVI AGENCIES', stripped='SRI VASAVI AGENCIES', filter='None'
2026-03-03 17:09:28,760 - Matched GRN 69a5409c3da8e7b67721556a: vendorName='SRI VASAVI AGENCIES'
2026-03-03 17:09:28,762 - GRN 69a5301c7a1281a69d3b0e96: vendorName raw='VISHVAN TRADERS', stripped='VISHVAN TRADERS', filter='None'
2026-03-03 17:09:28,762 - Matched GRN 69a5301c7a1281a69d3b0e96: vendorName='VISHVAN TRADERS'
2026-03-03 17:09:28,762 - GRN 69a52e077a1281a69d3b0e92: vendorName raw='KAKIDHA PIE', stripped='KAKIDHA PIE', filter='None'
2026-03-03 17:09:28,763 - Matched GRN 69a52e077a1281a69d3b0e92: vendorName='KAKIDHA PIE'
2026-03-03 17:09:28,763 - GRN 69a52de43e3ad41803952cd4: vendorName raw='KAKIDHA PIE', stripped='KAKIDHA PIE', filter='None'
2026-03-03 17:09:28,763 - Matched GRN 69a52de43e3ad41803952cd4: vendorName='KAKIDHA PIE'
2026-03-03 17:09:28,764 - GRN 69a52d513e3ad41803952cd2: vendorName raw='KAKIDHA PIE', stripped='KAKIDHA PIE', filter='None'
2026-03-03 17:09:28,764 - Matched GRN 69a52d513e3ad41803952cd2: vendorName='KAKIDHA PIE'
2026-03-03 17:09:28,765 - Final filtered GRNs: 8 (skipped: 0 total fetched: 8)
2026-03-03 17:09:36,064 - Tenant context set: 6995450ca156434cf8c80137 -> BestMummy_TNT012
2026-03-03 17:09:36,543 - === STARTING CONVERSION FOR GRN: 69a67eadad8013cc4b9cdd89 ===
2026-03-03 17:09:36,545 - AP Round Off: 0.00
2026-03-03 17:09:37,257 - Conversion Check - AP exists: False, Outgoing exists: False
2026-03-03 17:09:37,261 - Processing item_id: 69a67e63ad8013cc4b9cdd87
2026-03-03 17:09:37,261 - Validating item 69a67e63ad8013cc4b9cdd87: unit_price=313.56, received_quantity=5.00, total_price_before_discount=1567.8000
2026-03-03 17:09:37,265 - Financials for item 69a67e63ad8013cc4b9cdd87: {'totalPrice': Decimal('1567.80'), 'befTaxDiscountAmount': Decimal('0.00'), 'afTaxDiscountAmount': Decimal('0.00'), 'taxAmount': Decimal('282.20'), 'sgst': Decimal('141.10'), 'cgst': Decimal('141.10'), 'igst': Decimal('0.00'), 'finalPrice': Decimal('1850.00')}
2026-03-03 17:09:37,460 - GRN updated: 2 documents
2026-03-03 17:09:37,966 - Generated unique AP ID: AP0008 (attempt 1)
2026-03-03 17:09:37,967 - CREATING NEW AP with randomId: AP0008
2026-03-03 17:09:38,253 - VERIFIED AP - ID: 69a6c879a7852c7eec509111, RandomId: AP0008
2026-03-03 17:09:38,258 - Processing Outgoing for AP: 69a6c879a7852c7eec509111, randomId: AP0008
2026-03-03 17:09:38,657 - Generated unique Outgoing ID: OT0004 (attempt 1)
2026-03-03 17:09:38,658 - CREATING NEW OUTGOING for AP: 69a6c879a7852c7eec509111 with randomId: OT0004
2026-03-03 17:09:38,772 - Updating vendor payable for: SKB COCONUT MERCHANT
2026-03-03 17:09:38,955 - Updated vendor payableAmount: 17896.00 (AP amount: 1850.00)
2026-03-03 17:09:39,065 - FINAL VERIFICATION - Outgoing 69a6c87aa7852c7eec509112 linked to AP: 69a6c879a7852c7eec509111
2026-03-03 17:09:39,065 - === CONVERSION COMPLETED SUCCESSFULLY ===
2026-03-03 17:09:40,154 - Tenant context set: 6995450ca156434cf8c80137 -> BestMummy_TNT012
2026-03-03 17:09:40,459 - Full MongoDB query: {'status': {'$in': ['Active', 'active', 'Partially Returned', 'PartiallyReturned']}}
2026-03-03 17:09:40,559 - Raw total matching GRNs: 7
2026-03-03 17:09:40,752 - Fetched 7 raw GRNs from cursor
2026-03-03 17:09:40,953 - GRN 69a67c38ad8013cc4b9cdd82: vendorName raw='SARAVANA DAIRY FARM', stripped='SARAVANA DAIRY FARM', filter='None'
2026-03-03 17:09:40,953 - Matched GRN 69a67c38ad8013cc4b9cdd82: vendorName='SARAVANA DAIRY FARM'
2026-03-03 17:09:40,954 - GRN 69a5824ee1601c65eb6369ba: vendorName raw='SKM ANIMAL FEEDS AND FOODS (INDIA) PRIVATE LIMITED', stripped='SKM ANIMAL FEEDS AND FOODS (INDIA) PRIVATE LIMITED', filter='None'
2026-03-03 17:09:40,954 - Matched GRN 69a5824ee1601c65eb6369ba: vendorName='SKM ANIMAL FEEDS AND FOODS (INDIA) PRIVATE LIMITED'
2026-03-03 17:09:40,955 - GRN 69a5409c3da8e7b67721556a: vendorName raw='SRI VASAVI AGENCIES', stripped='SRI VASAVI AGENCIES', filter='None'
2026-03-03 17:09:40,955 - Matched GRN 69a5409c3da8e7b67721556a: vendorName='SRI VASAVI AGENCIES'
2026-03-03 17:09:40,955 - GRN 69a5301c7a1281a69d3b0e96: vendorName raw='VISHVAN TRADERS', stripped='VISHVAN TRADERS', filter='None'
2026-03-03 17:09:40,956 - Matched GRN 69a5301c7a1281a69d3b0e96: vendorName='VISHVAN TRADERS'
2026-03-03 17:09:40,956 - GRN 69a52e077a1281a69d3b0e92: vendorName raw='KAKIDHA PIE', stripped='KAKIDHA PIE', filter='None'
2026-03-03 17:09:40,956 - Matched GRN 69a52e077a1281a69d3b0e92: vendorName='KAKIDHA PIE'
2026-03-03 17:09:40,957 - GRN 69a52de43e3ad41803952cd4: vendorName raw='KAKIDHA PIE', stripped='KAKIDHA PIE', filter='None'
2026-03-03 17:09:40,957 - Matched GRN 69a52de43e3ad41803952cd4: vendorName='KAKIDHA PIE'
2026-03-03 17:09:40,957 - GRN 69a52d513e3ad41803952cd2: vendorName raw='KAKIDHA PIE', stripped='KAKIDHA PIE', filter='None'
2026-03-03 17:09:40,958 - Matched GRN 69a52d513e3ad41803952cd2: vendorName='KAKIDHA PIE'
2026-03-03 17:09:40,958 - Final filtered GRNs: 7 (skipped: 0 total fetched: 7)
2026-03-03 17:09:43,855 - Tenant context set: 6995450ca156434cf8c80137 -> BestMummy_TNT012
2026-03-03 17:09:44,164 - Tenant context set: 6995450ca156434cf8c80137 -> BestMummy_TNT012
2026-03-03 17:09:44,454 - Tenant context set: 6995450ca156434cf8c80137 -> BestMummy_TNT012
2026-03-03 17:09:44,561 - Tenant context set: 6995450ca156434cf8c80137 -> BestMummy_TNT012
2026-03-03 17:09:44,662 - Tenant context set: 6995450ca156434cf8c80137 -> BestMummy_TNT012
2026-03-03 17:09:45,154 - Tenant context set: 6995450ca156434cf8c80137 -> BestMummy_TNT012
2026-03-03 17:09:46,157 - Tenant context set: 6995450ca156434cf8c80137 -> BestMummy_TNT012
2026-03-03 17:09:46,452 - Tenant context set: 6995450ca156434cf8c80137 -> BestMummy_TNT012
2026-03-03 17:09:53,153 - Tenant context set: 6995450ca156434cf8c80137 -> BestMummy_TNT012
2026-03-03 17:09:53,451 - Tenant context set: 6995450ca156434cf8c80137 -> BestMummy_TNT012
2026-03-03 17:10:12,070 - Tenant context set: 6995450ca156434cf8c80137 -> BestMummy_TNT012
2026-03-03 17:10:12,157 - Tenant context set: 6995450ca156434cf8c80137 -> BestMummy_TNT012
2026-03-03 17:10:12,256 - Tenant context set: 6995450ca156434cf8c80137 -> BestMummy_TNT012
2026-03-03 17:10:12,554 - Tenant context set: 6995450ca156434cf8c80137 -> BestMummy_TNT012
2026-03-03 17:10:12,665 - Tenant context set: 6995450ca156434cf8c80137 -> BestMummy_TNT012
2026-03-03 17:10:12,758 - Tenant context set: 6995450ca156434cf8c80137 -> BestMummy_TNT012
2026-03-03 17:10:13,051 - === STARTING OUTGOING PAYMENTS QUERY ===
2026-03-03 17:10:13,052 - Parameters received:
2026-03-03 17:10:13,052 -   sortBy: createdDate
2026-03-03 17:10:13,052 -   sortOrder: descending
2026-03-03 17:10:13,052 -   skip: 0, limit: 50
2026-03-03 17:10:13,170 - TOTAL DOCUMENTS MATCHING QUERY: 4
2026-03-03 17:10:13,253 - TOTAL PAYABLE AMOUNT: 9244.0
2026-03-03 17:10:13,253 - SORTING: by createdDate in descending direction (-1)
2026-03-03 17:10:13,355 - DOCUMENTS RETURNED AFTER SKIP/LIMIT: 4
2026-03-03 17:10:13,357 - PROCESSED OUTGOINGS: 4
2026-03-03 17:10:13,357 - === END OUTGOING PAYMENTS QUERY ===
2026-03-03 17:10:14,854 - Tenant context set: 6995450ca156434cf8c80137 -> BestMummy_TNT012
2026-03-03 17:10:15,358 - Tenant context set: 6995450ca156434cf8c80137 -> BestMummy_TNT012
2026-03-03 17:10:15,658 - Tenant context set: 6995450ca156434cf8c80137 -> BestMummy_TNT012
2026-03-03 17:10:15,956 - Tenant context set: 6995450ca156434cf8c80137 -> BestMummy_TNT012
2026-03-03 17:10:16,061 - Tenant context set: 6995450ca156434cf8c80137 -> BestMummy_TNT012
2026-03-03 17:10:16,163 - Tenant context set: 6995450ca156434cf8c80137 -> BestMummy_TNT012
2026-03-03 17:10:16,253 - Tenant context set: 6995450ca156434cf8c80137 -> BestMummy_TNT012
2026-03-03 17:10:16,366 - Tenant context set: 6995450ca156434cf8c80137 -> BestMummy_TNT012
2026-03-03 17:10:16,854 - === STARTING OUTGOING PAYMENTS QUERY ===
2026-03-03 17:10:16,854 - Parameters received:
2026-03-03 17:10:16,855 -   sortBy: createdDate
2026-03-03 17:10:16,855 -   sortOrder: descending
2026-03-03 17:10:16,855 -   skip: 0, limit: 50
2026-03-03 17:10:16,958 - TOTAL DOCUMENTS MATCHING QUERY: 4
2026-03-03 17:10:17,053 - TOTAL PAYABLE AMOUNT: 9244.0
2026-03-03 17:10:17,053 - SORTING: by createdDate in descending direction (-1)
2026-03-03 17:10:17,155 - DOCUMENTS RETURNED AFTER SKIP/LIMIT: 4
2026-03-03 17:10:17,983 - PROCESSED OUTGOINGS: 4
2026-03-03 17:10:17,984 - === END OUTGOING PAYMENTS QUERY ===
2026-03-03 17:10:18,551 - Tenant context set: 6995450ca156434cf8c80137 -> BestMummy_TNT012
2026-03-03 17:10:19,507 - Tenant context set: 6995450ca156434cf8c80137 -> BestMummy_TNT012
2026-03-03 17:10:24,063 - Tenant context set: 6995450ca156434cf8c80137 -> BestMummy_TNT012
2026-03-03 17:10:28,603 - Fetched datetime from API: 2026-03-03T17:10:00+05:30
2026-03-03 17:10:30,057 - Tenant context set: 6995450ca156434cf8c80137 -> BestMummy_TNT012
2026-03-03 17:10:31,752 - Fetched datetime from API: 2026-03-03T17:10:00+05:30
2026-03-03 17:10:45,766 - Tenant context set: 6995450ca156434cf8c80137 -> BestMummy_TNT012
2026-03-03 17:10:46,059 - Tenant context set: 6995450ca156434cf8c80137 -> BestMummy_TNT012
2026-03-03 17:11:01,452 - Tenant context set: 6995450ca156434cf8c80137 -> BestMummy_TNT012
2026-03-03 17:11:01,555 - Tenant context set: 6995450ca156434cf8c80137 -> BestMummy_TNT012
2026-03-03 17:11:02,154 - Fetching active advance payments for vendor_name: SARAVANA DAIRY FARM
2026-03-03 17:11:02,254 - No active advance payments found for vendor_name: SARAVANA DAIRY FARM
2026-03-03 17:11:03,652 - Tenant context set: 6995450ca156434cf8c80137 -> BestMummy_TNT012
2026-03-03 17:11:03,753 - Tenant context set: 6995450ca156434cf8c80137 -> BestMummy_TNT012
2026-03-03 17:11:04,251 - Fetching active advance payments for vendor_name: SARAVANA DAIRY FARM
2026-03-03 17:11:04,363 - No active advance payments found for vendor_name: SARAVANA DAIRY FARM
2026-03-03 17:11:08,755 - Tenant context set: 6995450ca156434cf8c80137 -> BestMummy_TNT012
2026-03-03 17:11:08,959 - Tenant context set: 6995450ca156434cf8c80137 -> BestMummy_TNT012
2026-03-03 17:11:09,057 - Tenant context set: 6995450ca156434cf8c80137 -> BestMummy_TNT012
2026-03-03 17:11:09,155 - Tenant context set: 6995450ca156434cf8c80137 -> BestMummy_TNT012
2026-03-03 17:11:09,464 - === STARTING OUTGOING PAYMENTS QUERY ===
2026-03-03 17:11:09,464 - Parameters received:
2026-03-03 17:11:09,464 -   sortBy: invoiceDate
2026-03-03 17:11:09,464 -   sortOrder: ascending
2026-03-03 17:11:09,464 -   skip: 0, limit: 50
2026-03-03 17:11:09,559 - TOTAL DOCUMENTS MATCHING QUERY: 4
2026-03-03 17:11:09,653 - TOTAL PAYABLE AMOUNT: 9244.0
2026-03-03 17:11:09,653 - SORTING: by invoiceDate in ascending direction (1)
2026-03-03 17:11:09,756 - DOCUMENTS RETURNED AFTER SKIP/LIMIT: 4
2026-03-03 17:11:09,758 - PROCESSED OUTGOINGS: 4
2026-03-03 17:11:09,758 - === END OUTGOING PAYMENTS QUERY ===
2026-03-03 17:11:11,978 - Tenant context set: 6995450ca156434cf8c80137 -> BestMummy_TNT012
2026-03-03 17:11:12,057 - Tenant context set: 6995450ca156434cf8c80137 -> BestMummy_TNT012
2026-03-03 17:11:12,162 - Tenant context set: 6995450ca156434cf8c80137 -> BestMummy_TNT012
2026-03-03 17:11:12,256 - Tenant context set: 6995450ca156434cf8c80137 -> BestMummy_TNT012
2026-03-03 17:11:13,252 - === STARTING OUTGOING PAYMENTS QUERY ===
2026-03-03 17:11:13,252 - Parameters received:
2026-03-03 17:11:13,252 -   sortBy: invoiceDate
2026-03-03 17:11:13,252 -   sortOrder: ascending
2026-03-03 17:11:13,252 -   skip: 0, limit: 50
2026-03-03 17:11:13,353 - TOTAL DOCUMENTS MATCHING QUERY: 4
2026-03-03 17:11:13,450 - TOTAL PAYABLE AMOUNT: 9244.0
2026-03-03 17:11:13,451 - SORTING: by invoiceDate in ascending direction (1)
2026-03-03 17:11:13,555 - DOCUMENTS RETURNED AFTER SKIP/LIMIT: 4
2026-03-03 17:11:13,556 - PROCESSED OUTGOINGS: 4
2026-03-03 17:11:13,556 - === END OUTGOING PAYMENTS QUERY ===
2026-03-03 17:11:44,058 - Tenant context set: 6995450ca156434cf8c80137 -> BestMummy_TNT012
2026-03-03 17:12:15,268 - Tenant context set: 6995450ca156434cf8c80137 -> BestMummy_TNT012
2026-03-03 17:12:22,071 - GRN_RETURN|grn_id=69a687e3ad8013cc4b9cdd90|returned_by=admintest
2026-03-03 17:12:22,560 - Tenant context set: 6995450ca156434cf8c80137 -> BestMummy_TNT012
2026-03-03 17:12:22,850 - Processed fromDate (naive): 2026-03-03 00:00:00
2026-03-03 17:12:22,852 - Processed toDate (naive): 2026-03-03 23:59:59.999999
2026-03-03 17:12:22,852 - Full MongoDB query: {'status': {'$regex': '^active$', '$options': 'i'}, 'grnDate': {'$gte': datetime.datetime(2026, 3, 3, 0, 0), '$lte': datetime.datetime(2026, 3, 3, 23, 59, 59, 999999)}}
2026-03-03 17:12:22,952 - Raw total matching GRNs: 0
2026-03-03 17:12:23,055 - Fetched 0 raw GRNs from cursor
2026-03-03 17:12:23,056 - No GRNs found matching the criteria
2026-03-03 17:12:23,268 - Tenant context set: 6995450ca156434cf8c80137 -> BestMummy_TNT012
2026-03-03 17:12:23,553 - === STARTING OUTGOING PAYMENTS QUERY ===
2026-03-03 17:12:23,554 - Parameters received:
2026-03-03 17:12:23,554 -   sortBy: invoiceDate
2026-03-03 17:12:23,554 -   sortOrder: ascending
2026-03-03 17:12:23,554 -   skip: 0, limit: 50
2026-03-03 17:12:23,652 - TOTAL DOCUMENTS MATCHING QUERY: 4
2026-03-03 17:12:23,750 - TOTAL PAYABLE AMOUNT: 9244.0
2026-03-03 17:12:23,751 - SORTING: by invoiceDate in ascending direction (1)
2026-03-03 17:12:24,031 - DOCUMENTS RETURNED AFTER SKIP/LIMIT: 4
2026-03-03 17:12:24,032 - PROCESSED OUTGOINGS: 4
2026-03-03 17:12:24,032 - === END OUTGOING PAYMENTS QUERY ===
2026-03-03 17:12:28,470 - Tenant context set: 6995450ca156434cf8c80137 -> BestMummy_TNT012
2026-03-03 17:12:28,552 - Tenant context set: 6995450ca156434cf8c80137 -> BestMummy_TNT012
2026-03-03 17:12:28,655 - Tenant context set: 6995450ca156434cf8c80137 -> BestMummy_TNT012
2026-03-03 17:12:28,751 - Tenant context set: 6995450ca156434cf8c80137 -> BestMummy_TNT012
2026-03-03 17:12:28,850 - Tenant context set: 6995450ca156434cf8c80137 -> BestMummy_TNT012
2026-03-03 17:12:28,953 - Tenant context set: 6995450ca156434cf8c80137 -> BestMummy_TNT012
2026-03-03 17:12:29,465 - Tenant context set: 6995450ca156434cf8c80137 -> BestMummy_TNT012
2026-03-03 17:12:30,450 - === STARTING OUTGOING PAYMENTS QUERY ===
2026-03-03 17:12:30,450 - Parameters received:
2026-03-03 17:12:30,450 -   sortBy: createdDate
2026-03-03 17:12:30,450 -   sortOrder: descending
2026-03-03 17:12:30,450 -   skip: 0, limit: 50
2026-03-03 17:12:30,550 - TOTAL DOCUMENTS MATCHING QUERY: 4
2026-03-03 17:12:30,652 - TOTAL PAYABLE AMOUNT: 9244.0
2026-03-03 17:12:30,652 - SORTING: by createdDate in descending direction (-1)
2026-03-03 17:12:30,751 - DOCUMENTS RETURNED AFTER SKIP/LIMIT: 4
2026-03-03 17:12:30,753 - PROCESSED OUTGOINGS: 4
2026-03-03 17:12:30,753 - === END OUTGOING PAYMENTS QUERY ===
2026-03-03 17:12:30,851 - Tenant context set: 6995450ca156434cf8c80137 -> BestMummy_TNT012
2026-03-03 17:12:31,152 - Tenant context set: 6995450ca156434cf8c80137 -> BestMummy_TNT012
2026-03-03 17:12:31,254 - Tenant context set: 6995450ca156434cf8c80137 -> BestMummy_TNT012
2026-03-03 17:12:31,349 - Tenant context set: 6995450ca156434cf8c80137 -> BestMummy_TNT012
2026-03-03 17:12:31,753 - Tenant context set: 6995450ca156434cf8c80137 -> BestMummy_TNT012
2026-03-03 17:12:32,258 - Tenant context set: 6995450ca156434cf8c80137 -> BestMummy_TNT012
2026-03-03 17:12:32,352 - Tenant context set: 6995450ca156434cf8c80137 -> BestMummy_TNT012
2026-03-03 17:12:33,251 - === STARTING OUTGOING PAYMENTS QUERY ===
2026-03-03 17:12:33,251 - Parameters received:
2026-03-03 17:12:33,251 -   sortBy: createdDate
2026-03-03 17:12:33,251 -   sortOrder: descending
2026-03-03 17:12:33,251 -   skip: 0, limit: 50
2026-03-03 17:12:33,351 - TOTAL DOCUMENTS MATCHING QUERY: 4
2026-03-03 17:12:33,464 - TOTAL PAYABLE AMOUNT: 9244.0
2026-03-03 17:12:33,464 - SORTING: by createdDate in descending direction (-1)
2026-03-03 17:12:33,549 - DOCUMENTS RETURNED AFTER SKIP/LIMIT: 4
2026-03-03 17:12:33,550 - PROCESSED OUTGOINGS: 4
2026-03-03 17:12:33,550 - === END OUTGOING PAYMENTS QUERY ===
2026-03-03 17:12:34,562 - Tenant context set: 6995450ca156434cf8c80137 -> BestMummy_TNT012
2026-03-03 17:12:38,359 - Fetched datetime from API: 2026-03-03T17:12:00+05:30
2026-03-03 17:12:39,054 - Tenant context set: 6995450ca156434cf8c80137 -> BestMummy_TNT012
2026-03-03 17:12:41,057 - Fetched datetime from API: 2026-03-03T17:12:00+05:30
2026-03-03 17:12:58,052 - Tenant context set: 6995450ca156434cf8c80137 -> BestMummy_TNT012
2026-03-03 17:12:58,351 - Tenant context set: 6995450ca156434cf8c80137 -> BestMummy_TNT012
2026-03-03 17:13:24,450 - Tenant context set: 6995450ca156434cf8c80137 -> BestMummy_TNT012
2026-03-03 17:13:24,549 - Tenant context set: 6995450ca156434cf8c80137 -> BestMummy_TNT012
2026-03-03 17:13:24,655 - Tenant context set: 6995450ca156434cf8c80137 -> BestMummy_TNT012
2026-03-03 17:13:24,758 - Tenant context set: 6995450ca156434cf8c80137 -> BestMummy_TNT012
2026-03-03 17:13:25,452 - === STARTING OUTGOING PAYMENTS QUERY ===
2026-03-03 17:13:25,452 - Parameters received:
2026-03-03 17:13:25,452 -   sortBy: invoiceDate
2026-03-03 17:13:25,453 -   sortOrder: ascending
2026-03-03 17:13:25,453 -   skip: 0, limit: 50
2026-03-03 17:13:25,562 - TOTAL DOCUMENTS MATCHING QUERY: 4
2026-03-03 17:13:25,650 - TOTAL PAYABLE AMOUNT: 9244.0
2026-03-03 17:13:25,651 - SORTING: by invoiceDate in ascending direction (1)
2026-03-03 17:13:25,752 - DOCUMENTS RETURNED AFTER SKIP/LIMIT: 4
2026-03-03 17:13:25,754 - PROCESSED OUTGOINGS: 4
2026-03-03 17:13:25,754 - === END OUTGOING PAYMENTS QUERY ===
2026-03-03 17:13:26,049 - Tenant context set: 6995450ca156434cf8c80137 -> BestMummy_TNT012
2026-03-03 17:13:26,151 - Tenant context set: 6995450ca156434cf8c80137 -> BestMummy_TNT012
2026-03-03 17:13:26,251 - Tenant context set: 6995450ca156434cf8c80137 -> BestMummy_TNT012
2026-03-03 17:13:26,353 - Tenant context set: 6995450ca156434cf8c80137 -> BestMummy_TNT012
2026-03-03 17:13:27,053 - === STARTING OUTGOING PAYMENTS QUERY ===
2026-03-03 17:13:27,053 - Parameters received:
2026-03-03 17:13:27,054 -   sortBy: invoiceDate
2026-03-03 17:13:27,054 -   sortOrder: ascending
2026-03-03 17:13:27,054 -   skip: 0, limit: 50
2026-03-03 17:13:27,150 - TOTAL DOCUMENTS MATCHING QUERY: 4
2026-03-03 17:13:27,253 - TOTAL PAYABLE AMOUNT: 9244.0
2026-03-03 17:13:27,254 - SORTING: by invoiceDate in ascending direction (1)
2026-03-03 17:13:27,353 - DOCUMENTS RETURNED AFTER SKIP/LIMIT: 4
2026-03-03 17:13:27,354 - PROCESSED OUTGOINGS: 4
2026-03-03 17:13:27,354 - === END OUTGOING PAYMENTS QUERY ===
2026-03-03 17:24:14,847 - Tenant context set: 6995450ca156434cf8c80137 -> BestMummy_TNT012
2026-03-03 17:24:14,948 - Tenant context set: 6995450ca156434cf8c80137 -> BestMummy_TNT012
2026-03-03 17:24:15,060 - Tenant context set: 6995450ca156434cf8c80137 -> BestMummy_TNT012
2026-03-03 17:24:15,346 - Tenant context set: 6995450ca156434cf8c80137 -> BestMummy_TNT012
2026-03-03 17:24:15,442 - Tenant context set: 6995450ca156434cf8c80137 -> BestMummy_TNT012
2026-03-03 17:24:16,851 - Tenant context set: 6995450ca156434cf8c80137 -> BestMummy_TNT012
2026-03-03 17:24:17,148 - Tenant context set: 6995450ca156434cf8c80137 -> BestMummy_TNT012
2026-03-03 17:24:17,246 - Tenant context set: 6995450ca156434cf8c80137 -> BestMummy_TNT012
2026-03-03 17:24:17,868 - Tenant context set: 6995450ca156434cf8c80137 -> BestMummy_TNT012
2026-03-03 17:24:17,971 - Tenant context set: 6995450ca156434cf8c80137 -> BestMummy_TNT012
2026-03-03 17:24:18,562 - Tenant context set: 6995450ca156434cf8c80137 -> BestMummy_TNT012
2026-03-03 17:24:18,746 - Tenant context set: 6995450ca156434cf8c80137 -> BestMummy_TNT012
2026-03-03 17:24:18,849 - Tenant context set: 6995450ca156434cf8c80137 -> BestMummy_TNT012
2026-03-03 17:24:19,346 - Tenant context set: 6995450ca156434cf8c80137 -> BestMummy_TNT012
2026-03-03 17:24:20,049 - Tenant context set: 6995450ca156434cf8c80137 -> BestMummy_TNT012
2026-03-03 17:24:20,150 - Tenant context set: 6995450ca156434cf8c80137 -> BestMummy_TNT012
2026-03-03 17:24:20,946 - Tenant context set: 6995450ca156434cf8c80137 -> BestMummy_TNT012
2026-03-03 17:24:21,045 - Tenant context set: 6995450ca156434cf8c80137 -> BestMummy_TNT012
2026-03-03 17:24:21,949 - Tenant context set: 6995450ca156434cf8c80137 -> BestMummy_TNT012
2026-03-03 17:24:22,048 - Tenant context set: 6995450ca156434cf8c80137 -> BestMummy_TNT012
2026-03-03 17:24:22,948 - Tenant context set: 6995450ca156434cf8c80137 -> BestMummy_TNT012
2026-03-03 17:24:23,044 - Tenant context set: 6995450ca156434cf8c80137 -> BestMummy_TNT012
2026-03-03 18:18:33,258 - ✅ Successfully imported: purchaseOrder.po_to_grn
2026-03-03 18:18:33,259 - ✅ Router found in: purchaseOrder.po_to_grn
2026-03-03 18:18:33,263 - ✅ Included YEN ERP: purchaseOrder.po_to_grn
2026-03-03 18:18:33,263 - 🟡 Attempting to import: purchaseOrder.grnConverted
2026-03-03 18:18:33,292 - ✅ Successfully imported: purchaseOrder.grnConverted
2026-03-03 18:18:33,292 - ✅ Router found in: purchaseOrder.grnConverted
2026-03-03 18:18:33,298 - ✅ Included YEN ERP: purchaseOrder.grnConverted
2026-03-03 18:18:33,298 - 🟡 Attempting to import: purchaseOrder.poedit
2026-03-03 18:18:33,310 - ✅ Successfully imported: purchaseOrder.poedit
2026-03-03 18:18:33,310 - ✅ Router found in: purchaseOrder.poedit
2026-03-03 18:18:33,313 - ✅ Included YEN ERP: purchaseOrder.poedit
2026-03-03 18:18:33,313 - 🟡 Attempting to import: purchaseOrder.freightfunction
2026-03-03 18:18:33,336 - ✅ Successfully imported: purchaseOrder.freightfunction
2026-03-03 18:18:33,336 - ✅ Router found in: purchaseOrder.freightfunction
2026-03-03 18:18:33,339 - ✅ Included YEN ERP: purchaseOrder.freightfunction
2026-03-03 18:18:33,339 - 🟡 Attempting to import: purchaseOrder.pending
2026-03-03 18:18:33,376 - ✅ Successfully imported: purchaseOrder.pending
2026-03-03 18:18:33,376 - ✅ Router found in: purchaseOrder.pending
2026-03-03 18:18:33,382 - ✅ Included YEN ERP: purchaseOrder.pending
2026-03-03 18:18:33,382 - 🟡 Attempting to import: grn.routes
2026-03-03 18:18:33,382 - ✅ Successfully imported: grn.routes
2026-03-03 18:18:33,382 - ✅ Router found in: grn.routes
2026-03-03 18:18:33,430 - ✅ Included YEN ERP: grn.routes
2026-03-03 18:18:33,430 - 🟡 Attempting to import: grn.return
2026-03-03 18:18:35,915 - ✅ Successfully imported: grn.return
2026-03-03 18:18:35,916 - ✅ Router found in: grn.return
2026-03-03 18:18:35,923 - ✅ Included YEN ERP: grn.return
2026-03-03 18:18:35,923 - 🟡 Attempting to import: grn.grn_to_ap
2026-03-03 18:18:36,135 - ✅ Successfully imported: grn.grn_to_ap
2026-03-03 18:18:36,135 - ✅ Router found in: grn.grn_to_ap
2026-03-03 18:18:36,139 - ✅ Included YEN ERP: grn.grn_to_ap
2026-03-03 18:18:36,139 - 🟡 Attempting to import: grn.debitnote
2026-03-03 18:18:37,807 - ✅ Successfully imported: grn.debitnote
2026-03-03 18:18:37,808 - ✅ Router found in: grn.debitnote
2026-03-03 18:18:37,838 - ✅ Included YEN ERP: grn.debitnote
2026-03-03 18:18:37,838 - 🟡 Attempting to import: grn.grn_to_ap_outgoing
2026-03-03 18:18:38,123 - ✅ Successfully imported: grn.grn_to_ap_outgoing
2026-03-03 18:18:38,123 - ✅ Router found in: grn.grn_to_ap_outgoing
2026-03-03 18:18:38,127 - ✅ Included YEN ERP: grn.grn_to_ap_outgoing
2026-03-03 18:18:38,127 - 🟡 Attempting to import: grn.grn_to_po
2026-03-03 18:18:38,180 - ✅ Successfully imported: grn.grn_to_po
2026-03-03 18:18:38,180 - ✅ Router found in: grn.grn_to_po
2026-03-03 18:18:38,183 - ✅ Included YEN ERP: grn.grn_to_po
2026-03-03 18:18:38,183 - 🟡 Attempting to import: apinvoice.routes
2026-03-03 18:18:38,183 - ✅ Successfully imported: apinvoice.routes
2026-03-03 18:18:38,183 - ✅ Router found in: apinvoice.routes
2026-03-03 18:18:38,238 - ✅ Included YEN ERP: apinvoice.routes
2026-03-03 18:18:38,239 - 🟡 Attempting to import: apinvoice.ap_to_outgoing
2026-03-03 18:18:38,255 - ✅ Successfully imported: apinvoice.ap_to_outgoing
2026-03-03 18:18:38,255 - ✅ Router found in: apinvoice.ap_to_outgoing
2026-03-03 18:18:38,259 - ✅ Included YEN ERP: apinvoice.ap_to_outgoing
2026-03-03 18:18:38,259 - 🟡 Attempting to import: apinvoice.apReturned
2026-03-03 18:18:38,278 - ✅ Successfully imported: apinvoice.apReturned
2026-03-03 18:18:38,278 - ✅ Router found in: apinvoice.apReturned
2026-03-03 18:18:38,281 - ✅ Included YEN ERP: apinvoice.apReturned
2026-03-03 18:18:38,281 - 🟡 Attempting to import: outgoingPayment.routes
2026-03-03 18:18:38,281 - ✅ Successfully imported: outgoingPayment.routes
2026-03-03 18:18:38,281 - ✅ Router found in: outgoingPayment.routes
2026-03-03 18:18:38,330 - ✅ Included YEN ERP: outgoingPayment.routes
2026-03-03 18:18:38,330 - 🟡 Attempting to import: outgoingPayment.bulk_payment
2026-03-03 18:18:38,374 - ✅ Successfully imported: outgoingPayment.bulk_payment
2026-03-03 18:18:38,374 - ✅ Router found in: outgoingPayment.bulk_payment
2026-03-03 18:18:38,380 - ✅ Included YEN ERP: outgoingPayment.bulk_payment
2026-03-03 18:18:38,380 - 🟡 Attempting to import: outgoingPayment.vendor_ledger
2026-03-03 18:18:38,401 - ✅ Successfully imported: outgoingPayment.vendor_ledger
2026-03-03 18:18:38,401 - ✅ Router found in: outgoingPayment.vendor_ledger
2026-03-03 18:18:38,409 - ✅ Included YEN ERP: outgoingPayment.vendor_ledger
2026-03-03 18:18:38,409 - 🟡 Attempting to import: outgoingPayment.single_payment
2026-03-03 18:18:38,436 - ✅ Successfully imported: outgoingPayment.single_payment
2026-03-03 18:18:38,436 - ✅ Router found in: outgoingPayment.single_payment
2026-03-03 18:18:38,441 - ✅ Included YEN ERP: outgoingPayment.single_payment
2026-03-03 18:18:38,441 - 🟡 Attempting to import: outgoingPayment.payment_history
2026-03-03 18:18:38,492 - ✅ Successfully imported: outgoingPayment.payment_history
2026-03-03 18:18:38,492 - ✅ Router found in: outgoingPayment.payment_history
2026-03-03 18:18:38,502 - ✅ Included YEN ERP: outgoingPayment.payment_history
2026-03-03 18:18:38,502 - 🟡 Attempting to import: outgoingPayment.advance_routes
2026-03-03 18:18:38,567 - ✅ Successfully imported: outgoingPayment.advance_routes
2026-03-03 18:18:38,567 - ✅ Router found in: outgoingPayment.advance_routes
2026-03-03 18:18:38,588 - ✅ Included YEN ERP: outgoingPayment.advance_routes
2026-03-03 18:18:38,589 - 🟡 Attempting to import: Business.routes
2026-03-03 18:18:38,643 - ✅ Successfully imported: Business.routes
2026-03-03 18:18:38,643 - ✅ Router found in: Business.routes
2026-03-03 18:18:38,657 - ✅ Included YEN ERP: Business.routes
2026-03-03 18:18:38,657 - 🟡 Attempting to import: Personal.routes
2026-03-03 18:18:38,704 - ✅ Successfully imported: Personal.routes
2026-03-03 18:18:38,704 - ✅ Router found in: Personal.routes
2026-03-03 18:18:38,712 - ✅ Included YEN ERP: Personal.routes
2026-03-03 18:18:38,712 - 🟡 Attempting to import: shippingaddress.routes
2026-03-03 18:18:38,757 - ✅ Successfully imported: shippingaddress.routes
2026-03-03 18:18:38,757 - ✅ Router found in: shippingaddress.routes
2026-03-03 18:18:38,766 - ✅ Included YEN ERP: shippingaddress.routes
2026-03-03 18:18:38,766 - 🟡 Attempting to import: ItemGroup.routes
2026-03-03 18:18:38,821 - ✅ Successfully imported: ItemGroup.routes
2026-03-03 18:18:38,821 - ✅ Router found in: ItemGroup.routes
2026-03-03 18:18:38,838 - ✅ Included YEN ERP: ItemGroup.routes
2026-03-03 18:18:38,838 - 🟡 Attempting to import: FreightMaster.routes
2026-03-03 18:18:38,895 - ✅ Successfully imported: FreightMaster.routes
2026-03-03 18:18:38,895 - ✅ Router found in: FreightMaster.routes
2026-03-03 18:18:38,911 - ✅ Included YEN ERP: FreightMaster.routes
2026-03-03 18:18:38,911 - 🟡 Attempting to import: purchaseOrder.poimport
2026-03-03 18:18:47,451 - ✅ Successfully imported: purchaseOrder.poimport
2026-03-03 18:18:47,451 - ✅ Router found in: purchaseOrder.poimport
2026-03-03 18:18:47,461 - ✅ Included YEN ERP: purchaseOrder.poimport
2026-03-03 18:18:47,461 - 🟡 Attempting to import: ServiceOrder.routes
2026-03-03 18:18:47,590 - ✅ Successfully imported: ServiceOrder.routes
2026-03-03 18:18:47,590 - ✅ Router found in: ServiceOrder.routes
2026-03-03 18:18:47,625 - ✅ Included YEN ERP: ServiceOrder.routes
2026-03-03 18:18:47,625 - 🟡 Attempting to import: Service.serviceSummary
2026-03-03 18:18:47,643 - ✅ Successfully imported: Service.serviceSummary
2026-03-03 18:18:47,643 - ✅ Router found in: Service.serviceSummary
2026-03-03 18:18:47,646 - ✅ Included YEN ERP: Service.serviceSummary
2026-03-03 18:18:47,646 - 🟡 Attempting to import: ServiceOrder.servicelist
2026-03-03 18:18:47,669 - ✅ Successfully imported: ServiceOrder.servicelist
2026-03-03 18:18:47,669 - ✅ Router found in: ServiceOrder.servicelist
2026-03-03 18:18:47,681 - ✅ Included YEN ERP: ServiceOrder.servicelist
2026-03-03 18:18:47,681 - 🟡 Attempting to import: ServiceOrder.filterpatch
2026-03-03 18:18:47,698 - ✅ Successfully imported: ServiceOrder.filterpatch
2026-03-03 18:18:47,698 - ✅ Router found in: ServiceOrder.filterpatch
2026-03-03 18:18:47,703 - ✅ Included YEN ERP: ServiceOrder.filterpatch
2026-03-03 18:18:47,703 - 🟡 Attempting to import: ServiceOrder.service_ap_outgoing
2026-03-03 18:18:47,720 - ✅ Successfully imported: ServiceOrder.service_ap_outgoing
2026-03-03 18:18:47,720 - ✅ Router found in: ServiceOrder.service_ap_outgoing
2026-03-03 18:18:47,726 - ✅ Included YEN ERP: ServiceOrder.service_ap_outgoing
2026-03-03 18:23:21,671 - ✅ Successfully imported: purchaseOrder.po_to_grn
2026-03-03 18:23:21,671 - ✅ Router found in: purchaseOrder.po_to_grn
2026-03-03 18:23:21,675 - ✅ Included YEN ERP: purchaseOrder.po_to_grn
2026-03-03 18:23:21,675 - 🟡 Attempting to import: purchaseOrder.grnConverted
2026-03-03 18:23:21,694 - ✅ Successfully imported: purchaseOrder.grnConverted
2026-03-03 18:23:21,694 - ✅ Router found in: purchaseOrder.grnConverted
2026-03-03 18:23:21,700 - ✅ Included YEN ERP: purchaseOrder.grnConverted
2026-03-03 18:23:21,701 - 🟡 Attempting to import: purchaseOrder.poedit
2026-03-03 18:23:21,704 - ✅ Successfully imported: purchaseOrder.poedit
2026-03-03 18:23:21,704 - ✅ Router found in: purchaseOrder.poedit
2026-03-03 18:23:21,707 - ✅ Included YEN ERP: purchaseOrder.poedit
2026-03-03 18:23:21,707 - 🟡 Attempting to import: purchaseOrder.freightfunction
2026-03-03 18:23:21,719 - ✅ Successfully imported: purchaseOrder.freightfunction
2026-03-03 18:23:21,719 - ✅ Router found in: purchaseOrder.freightfunction
2026-03-03 18:23:21,721 - ✅ Included YEN ERP: purchaseOrder.freightfunction
2026-03-03 18:23:21,722 - 🟡 Attempting to import: purchaseOrder.pending
2026-03-03 18:23:21,748 - ✅ Successfully imported: purchaseOrder.pending
2026-03-03 18:23:21,748 - ✅ Router found in: purchaseOrder.pending
2026-03-03 18:23:21,756 - ✅ Included YEN ERP: purchaseOrder.pending
2026-03-03 18:23:21,756 - 🟡 Attempting to import: grn.routes
2026-03-03 18:23:21,756 - ✅ Successfully imported: grn.routes
2026-03-03 18:23:21,756 - ✅ Router found in: grn.routes
2026-03-03 18:23:21,815 - ✅ Included YEN ERP: grn.routes
2026-03-03 18:23:21,815 - 🟡 Attempting to import: grn.return
2026-03-03 18:23:24,185 - ✅ Successfully imported: grn.return
2026-03-03 18:23:24,185 - ✅ Router found in: grn.return
2026-03-03 18:23:24,220 - ✅ Included YEN ERP: grn.return
2026-03-03 18:23:24,220 - 🟡 Attempting to import: grn.grn_to_ap
2026-03-03 18:23:24,523 - ✅ Successfully imported: grn.grn_to_ap
2026-03-03 18:23:24,524 - ✅ Router found in: grn.grn_to_ap
2026-03-03 18:23:24,531 - ✅ Included YEN ERP: grn.grn_to_ap
2026-03-03 18:23:24,531 - 🟡 Attempting to import: grn.debitnote
2026-03-03 18:23:25,320 - ✅ Successfully imported: grn.debitnote
2026-03-03 18:23:25,320 - ✅ Router found in: grn.debitnote
2026-03-03 18:23:25,408 - ✅ Included YEN ERP: grn.debitnote
2026-03-03 18:23:25,408 - 🟡 Attempting to import: grn.grn_to_ap_outgoing
2026-03-03 18:23:25,714 - ✅ Successfully imported: grn.grn_to_ap_outgoing
2026-03-03 18:23:25,714 - ✅ Router found in: grn.grn_to_ap_outgoing
2026-03-03 18:23:25,718 - ✅ Included YEN ERP: grn.grn_to_ap_outgoing
2026-03-03 18:23:25,718 - 🟡 Attempting to import: grn.grn_to_po
2026-03-03 18:23:25,737 - ✅ Successfully imported: grn.grn_to_po
2026-03-03 18:23:25,737 - ✅ Router found in: grn.grn_to_po
2026-03-03 18:23:25,739 - ✅ Included YEN ERP: grn.grn_to_po
2026-03-03 18:23:25,739 - 🟡 Attempting to import: apinvoice.routes
2026-03-03 18:23:25,739 - ✅ Successfully imported: apinvoice.routes
2026-03-03 18:23:25,739 - ✅ Router found in: apinvoice.routes
2026-03-03 18:23:25,812 - ✅ Included YEN ERP: apinvoice.routes
2026-03-03 18:23:25,812 - 🟡 Attempting to import: apinvoice.ap_to_outgoing
2026-03-03 18:23:25,815 - ✅ Successfully imported: apinvoice.ap_to_outgoing
2026-03-03 18:23:25,815 - ✅ Router found in: apinvoice.ap_to_outgoing
2026-03-03 18:23:25,817 - ✅ Included YEN ERP: apinvoice.ap_to_outgoing
2026-03-03 18:23:25,818 - 🟡 Attempting to import: apinvoice.apReturned
2026-03-03 18:23:25,821 - ✅ Successfully imported: apinvoice.apReturned
2026-03-03 18:23:25,821 - ✅ Router found in: apinvoice.apReturned
2026-03-03 18:23:25,823 - ✅ Included YEN ERP: apinvoice.apReturned
2026-03-03 18:23:25,823 - 🟡 Attempting to import: outgoingPayment.routes
2026-03-03 18:23:25,823 - ✅ Successfully imported: outgoingPayment.routes
2026-03-03 18:23:25,823 - ✅ Router found in: outgoingPayment.routes
2026-03-03 18:23:25,865 - ✅ Included YEN ERP: outgoingPayment.routes
2026-03-03 18:23:25,865 - 🟡 Attempting to import: outgoingPayment.bulk_payment
2026-03-03 18:23:25,880 - ✅ Successfully imported: outgoingPayment.bulk_payment
2026-03-03 18:23:25,880 - ✅ Router found in: outgoingPayment.bulk_payment
2026-03-03 18:23:25,883 - ✅ Included YEN ERP: outgoingPayment.bulk_payment
2026-03-03 18:23:25,883 - 🟡 Attempting to import: outgoingPayment.vendor_ledger
2026-03-03 18:23:25,889 - ✅ Successfully imported: outgoingPayment.vendor_ledger
2026-03-03 18:23:25,890 - ✅ Router found in: outgoingPayment.vendor_ledger
2026-03-03 18:23:25,893 - ✅ Included YEN ERP: outgoingPayment.vendor_ledger
2026-03-03 18:23:25,893 - 🟡 Attempting to import: outgoingPayment.single_payment
2026-03-03 18:23:25,900 - ✅ Successfully imported: outgoingPayment.single_payment
2026-03-03 18:23:25,900 - ✅ Router found in: outgoingPayment.single_payment
2026-03-03 18:23:25,902 - ✅ Included YEN ERP: outgoingPayment.single_payment
2026-03-03 18:23:25,902 - 🟡 Attempting to import: outgoingPayment.payment_history
2026-03-03 18:23:25,918 - ✅ Successfully imported: outgoingPayment.payment_history
2026-03-03 18:23:25,918 - ✅ Router found in: outgoingPayment.payment_history
2026-03-03 18:23:25,925 - ✅ Included YEN ERP: outgoingPayment.payment_history
2026-03-03 18:23:25,925 - 🟡 Attempting to import: outgoingPayment.advance_routes
2026-03-03 18:23:26,011 - ✅ Successfully imported: outgoingPayment.advance_routes
2026-03-03 18:23:26,012 - ✅ Router found in: outgoingPayment.advance_routes
2026-03-03 18:23:26,045 - ✅ Included YEN ERP: outgoingPayment.advance_routes
2026-03-03 18:23:26,045 - 🟡 Attempting to import: Business.routes
2026-03-03 18:23:26,102 - ✅ Successfully imported: Business.routes
2026-03-03 18:23:26,102 - ✅ Router found in: Business.routes
2026-03-03 18:23:26,133 - ✅ Included YEN ERP: Business.routes
2026-03-03 18:23:26,133 - 🟡 Attempting to import: Personal.routes
2026-03-03 18:23:26,158 - ✅ Successfully imported: Personal.routes
2026-03-03 18:23:26,158 - ✅ Router found in: Personal.routes
2026-03-03 18:23:26,166 - ✅ Included YEN ERP: Personal.routes
2026-03-03 18:23:26,166 - 🟡 Attempting to import: shippingaddress.routes
2026-03-03 18:23:26,185 - ✅ Successfully imported: shippingaddress.routes
2026-03-03 18:23:26,185 - ✅ Router found in: shippingaddress.routes
2026-03-03 18:23:26,194 - ✅ Included YEN ERP: shippingaddress.routes
2026-03-03 18:23:26,194 - 🟡 Attempting to import: ItemGroup.routes
2026-03-03 18:23:26,221 - ✅ Successfully imported: ItemGroup.routes
2026-03-03 18:23:26,221 - ✅ Router found in: ItemGroup.routes
2026-03-03 18:23:26,241 - ✅ Included YEN ERP: ItemGroup.routes
2026-03-03 18:23:26,241 - 🟡 Attempting to import: FreightMaster.routes
2026-03-03 18:23:26,276 - ✅ Successfully imported: FreightMaster.routes
2026-03-03 18:23:26,276 - ✅ Router found in: FreightMaster.routes
2026-03-03 18:23:26,304 - ✅ Included YEN ERP: FreightMaster.routes
2026-03-03 18:23:26,304 - 🟡 Attempting to import: purchaseOrder.poimport
2026-03-03 18:23:27,615 - ✅ Successfully imported: purchaseOrder.poimport
2026-03-03 18:23:27,615 - ✅ Router found in: purchaseOrder.poimport
2026-03-03 18:23:27,625 - ✅ Included YEN ERP: purchaseOrder.poimport
2026-03-03 18:23:27,625 - 🟡 Attempting to import: ServiceOrder.routes
2026-03-03 18:23:27,717 - ✅ Successfully imported: ServiceOrder.routes
2026-03-03 18:23:27,717 - ✅ Router found in: ServiceOrder.routes
2026-03-03 18:23:27,754 - ✅ Included YEN ERP: ServiceOrder.routes
2026-03-03 18:23:27,754 - 🟡 Attempting to import: Service.serviceSummary
2026-03-03 18:23:27,763 - ✅ Successfully imported: Service.serviceSummary
2026-03-03 18:23:27,763 - ✅ Router found in: Service.serviceSummary
2026-03-03 18:23:27,767 - ✅ Included YEN ERP: Service.serviceSummary
2026-03-03 18:23:27,767 - 🟡 Attempting to import: ServiceOrder.servicelist
2026-03-03 18:23:27,792 - ✅ Successfully imported: ServiceOrder.servicelist
2026-03-03 18:23:27,793 - ✅ Router found in: ServiceOrder.servicelist
2026-03-03 18:23:27,821 - ✅ Included YEN ERP: ServiceOrder.servicelist
2026-03-03 18:23:27,821 - 🟡 Attempting to import: ServiceOrder.filterpatch
2026-03-03 18:23:27,834 - ✅ Successfully imported: ServiceOrder.filterpatch
2026-03-03 18:23:27,834 - ✅ Router found in: ServiceOrder.filterpatch
2026-03-03 18:23:27,846 - ✅ Included YEN ERP: ServiceOrder.filterpatch
2026-03-03 18:23:27,847 - 🟡 Attempting to import: ServiceOrder.service_ap_outgoing
2026-03-03 18:23:27,865 - ✅ Successfully imported: ServiceOrder.service_ap_outgoing
2026-03-03 18:23:27,866 - ✅ Router found in: ServiceOrder.service_ap_outgoing
2026-03-03 18:23:27,881 - ✅ Included YEN ERP: ServiceOrder.service_ap_outgoing
2026-03-03 18:25:05,777 - ✅ Successfully imported: purchaseOrder.po_to_grn
2026-03-03 18:25:05,777 - ✅ Router found in: purchaseOrder.po_to_grn
2026-03-03 18:25:05,782 - ✅ Included YEN ERP: purchaseOrder.po_to_grn
2026-03-03 18:25:05,782 - 🟡 Attempting to import: purchaseOrder.grnConverted
2026-03-03 18:25:05,800 - ✅ Successfully imported: purchaseOrder.grnConverted
2026-03-03 18:25:05,800 - ✅ Router found in: purchaseOrder.grnConverted
2026-03-03 18:25:05,805 - ✅ Included YEN ERP: purchaseOrder.grnConverted
2026-03-03 18:25:05,805 - 🟡 Attempting to import: purchaseOrder.poedit
2026-03-03 18:25:05,809 - ✅ Successfully imported: purchaseOrder.poedit
2026-03-03 18:25:05,809 - ✅ Router found in: purchaseOrder.poedit
2026-03-03 18:25:05,811 - ✅ Included YEN ERP: purchaseOrder.poedit
2026-03-03 18:25:05,812 - 🟡 Attempting to import: purchaseOrder.freightfunction
2026-03-03 18:25:05,823 - ✅ Successfully imported: purchaseOrder.freightfunction
2026-03-03 18:25:05,823 - ✅ Router found in: purchaseOrder.freightfunction
2026-03-03 18:25:05,826 - ✅ Included YEN ERP: purchaseOrder.freightfunction
2026-03-03 18:25:05,826 - 🟡 Attempting to import: purchaseOrder.pending
2026-03-03 18:25:05,854 - ✅ Successfully imported: purchaseOrder.pending
2026-03-03 18:25:05,854 - ✅ Router found in: purchaseOrder.pending
2026-03-03 18:25:05,861 - ✅ Included YEN ERP: purchaseOrder.pending
2026-03-03 18:25:05,861 - 🟡 Attempting to import: grn.routes
2026-03-03 18:25:05,861 - ✅ Successfully imported: grn.routes
2026-03-03 18:25:05,861 - ✅ Router found in: grn.routes
2026-03-03 18:25:05,925 - ✅ Included YEN ERP: grn.routes
2026-03-03 18:25:05,925 - 🟡 Attempting to import: grn.return
2026-03-03 18:25:06,887 - ✅ Successfully imported: grn.return
2026-03-03 18:25:06,887 - ✅ Router found in: grn.return
2026-03-03 18:25:06,917 - ✅ Included YEN ERP: grn.return
2026-03-03 18:25:06,917 - 🟡 Attempting to import: grn.grn_to_ap
2026-03-03 18:25:07,108 - ✅ Successfully imported: grn.grn_to_ap
2026-03-03 18:25:07,109 - ✅ Router found in: grn.grn_to_ap
2026-03-03 18:25:07,117 - ✅ Included YEN ERP: grn.grn_to_ap
2026-03-03 18:25:07,117 - 🟡 Attempting to import: grn.debitnote
2026-03-03 18:25:07,507 - ✅ Successfully imported: grn.debitnote
2026-03-03 18:25:07,507 - ✅ Router found in: grn.debitnote
2026-03-03 18:25:07,536 - ✅ Included YEN ERP: grn.debitnote
2026-03-03 18:25:07,537 - 🟡 Attempting to import: grn.grn_to_ap_outgoing
2026-03-03 18:25:07,748 - ✅ Successfully imported: grn.grn_to_ap_outgoing
2026-03-03 18:25:07,748 - ✅ Router found in: grn.grn_to_ap_outgoing
2026-03-03 18:25:07,752 - ✅ Included YEN ERP: grn.grn_to_ap_outgoing
2026-03-03 18:25:07,753 - 🟡 Attempting to import: grn.grn_to_po
2026-03-03 18:25:07,759 - ✅ Successfully imported: grn.grn_to_po
2026-03-03 18:25:07,759 - ✅ Router found in: grn.grn_to_po
2026-03-03 18:25:07,760 - ✅ Included YEN ERP: grn.grn_to_po
2026-03-03 18:25:07,760 - 🟡 Attempting to import: apinvoice.routes
2026-03-03 18:25:07,760 - ✅ Successfully imported: apinvoice.routes
2026-03-03 18:25:07,760 - ✅ Router found in: apinvoice.routes
2026-03-03 18:25:07,827 - ✅ Included YEN ERP: apinvoice.routes
2026-03-03 18:25:07,827 - 🟡 Attempting to import: apinvoice.ap_to_outgoing
2026-03-03 18:25:07,833 - ✅ Successfully imported: apinvoice.ap_to_outgoing
2026-03-03 18:25:07,833 - ✅ Router found in: apinvoice.ap_to_outgoing
2026-03-03 18:25:07,835 - ✅ Included YEN ERP: apinvoice.ap_to_outgoing
2026-03-03 18:25:07,836 - 🟡 Attempting to import: apinvoice.apReturned
2026-03-03 18:25:07,840 - ✅ Successfully imported: apinvoice.apReturned
2026-03-03 18:25:07,840 - ✅ Router found in: apinvoice.apReturned
2026-03-03 18:25:07,842 - ✅ Included YEN ERP: apinvoice.apReturned
2026-03-03 18:25:07,843 - 🟡 Attempting to import: outgoingPayment.routes
2026-03-03 18:25:07,843 - ✅ Successfully imported: outgoingPayment.routes
2026-03-03 18:25:07,843 - ✅ Router found in: outgoingPayment.routes
2026-03-03 18:25:07,914 - ✅ Included YEN ERP: outgoingPayment.routes
2026-03-03 18:25:07,914 - 🟡 Attempting to import: outgoingPayment.bulk_payment
2026-03-03 18:25:07,934 - ✅ Successfully imported: outgoingPayment.bulk_payment
2026-03-03 18:25:07,935 - ✅ Router found in: outgoingPayment.bulk_payment
2026-03-03 18:25:07,942 - ✅ Included YEN ERP: outgoingPayment.bulk_payment
2026-03-03 18:25:07,942 - 🟡 Attempting to import: outgoingPayment.vendor_ledger
2026-03-03 18:25:07,949 - ✅ Successfully imported: outgoingPayment.vendor_ledger
2026-03-03 18:25:07,949 - ✅ Router found in: outgoingPayment.vendor_ledger
2026-03-03 18:25:07,958 - ✅ Included YEN ERP: outgoingPayment.vendor_ledger
2026-03-03 18:25:07,958 - 🟡 Attempting to import: outgoingPayment.single_payment
2026-03-03 18:25:07,970 - ✅ Successfully imported: outgoingPayment.single_payment
2026-03-03 18:25:07,970 - ✅ Router found in: outgoingPayment.single_payment
2026-03-03 18:25:07,977 - ✅ Included YEN ERP: outgoingPayment.single_payment
2026-03-03 18:25:07,977 - 🟡 Attempting to import: outgoingPayment.payment_history
2026-03-03 18:25:08,000 - ✅ Successfully imported: outgoingPayment.payment_history
2026-03-03 18:25:08,000 - ✅ Router found in: outgoingPayment.payment_history
2026-03-03 18:25:08,009 - ✅ Included YEN ERP: outgoingPayment.payment_history
2026-03-03 18:25:08,009 - 🟡 Attempting to import: outgoingPayment.advance_routes
2026-03-03 18:25:08,045 - ✅ Successfully imported: outgoingPayment.advance_routes
2026-03-03 18:25:08,045 - ✅ Router found in: outgoingPayment.advance_routes
2026-03-03 18:25:08,059 - ✅ Included YEN ERP: outgoingPayment.advance_routes
2026-03-03 18:25:08,059 - 🟡 Attempting to import: Business.routes
2026-03-03 18:25:08,087 - ✅ Successfully imported: Business.routes
2026-03-03 18:25:08,087 - ✅ Router found in: Business.routes
2026-03-03 18:25:08,112 - ✅ Included YEN ERP: Business.routes
2026-03-03 18:25:08,112 - 🟡 Attempting to import: Personal.routes
2026-03-03 18:25:08,133 - ✅ Successfully imported: Personal.routes
2026-03-03 18:25:08,133 - ✅ Router found in: Personal.routes
2026-03-03 18:25:08,143 - ✅ Included YEN ERP: Personal.routes
2026-03-03 18:25:08,143 - 🟡 Attempting to import: shippingaddress.routes
2026-03-03 18:25:08,161 - ✅ Successfully imported: shippingaddress.routes
2026-03-03 18:25:08,161 - ✅ Router found in: shippingaddress.routes
2026-03-03 18:25:08,172 - ✅ Included YEN ERP: shippingaddress.routes
2026-03-03 18:25:08,172 - 🟡 Attempting to import: ItemGroup.routes
2026-03-03 18:25:08,212 - ✅ Successfully imported: ItemGroup.routes
2026-03-03 18:25:08,213 - ✅ Router found in: ItemGroup.routes
2026-03-03 18:25:08,236 - ✅ Included YEN ERP: ItemGroup.routes
2026-03-03 18:25:08,236 - 🟡 Attempting to import: FreightMaster.routes
2026-03-03 18:25:08,274 - ✅ Successfully imported: FreightMaster.routes
2026-03-03 18:25:08,274 - ✅ Router found in: FreightMaster.routes
2026-03-03 18:25:08,307 - ✅ Included YEN ERP: FreightMaster.routes
2026-03-03 18:25:08,307 - 🟡 Attempting to import: purchaseOrder.poimport
2026-03-03 18:25:09,356 - ✅ Successfully imported: purchaseOrder.poimport
2026-03-03 18:25:09,356 - ✅ Router found in: purchaseOrder.poimport
2026-03-03 18:25:09,370 - ✅ Included YEN ERP: purchaseOrder.poimport
2026-03-03 18:25:09,370 - 🟡 Attempting to import: ServiceOrder.routes
2026-03-03 18:25:09,477 - ✅ Successfully imported: ServiceOrder.routes
2026-03-03 18:25:09,478 - ✅ Router found in: ServiceOrder.routes
2026-03-03 18:25:09,512 - ✅ Included YEN ERP: ServiceOrder.routes
2026-03-03 18:25:09,513 - 🟡 Attempting to import: Service.serviceSummary
2026-03-03 18:25:09,517 - ✅ Successfully imported: Service.serviceSummary
2026-03-03 18:25:09,517 - ✅ Router found in: Service.serviceSummary
2026-03-03 18:25:09,522 - ✅ Included YEN ERP: Service.serviceSummary
2026-03-03 18:25:09,522 - 🟡 Attempting to import: ServiceOrder.servicelist
2026-03-03 18:25:09,539 - ✅ Successfully imported: ServiceOrder.servicelist
2026-03-03 18:25:09,539 - ✅ Router found in: ServiceOrder.servicelist
2026-03-03 18:25:09,556 - ✅ Included YEN ERP: ServiceOrder.servicelist
2026-03-03 18:25:09,556 - 🟡 Attempting to import: ServiceOrder.filterpatch
2026-03-03 18:25:09,564 - ✅ Successfully imported: ServiceOrder.filterpatch
2026-03-03 18:25:09,564 - ✅ Router found in: ServiceOrder.filterpatch
2026-03-03 18:25:09,573 - ✅ Included YEN ERP: ServiceOrder.filterpatch
2026-03-03 18:25:09,573 - 🟡 Attempting to import: ServiceOrder.service_ap_outgoing
2026-03-03 18:25:09,586 - ✅ Successfully imported: ServiceOrder.service_ap_outgoing
2026-03-03 18:25:09,587 - ✅ Router found in: ServiceOrder.service_ap_outgoing
2026-03-03 18:25:09,595 - ✅ Included YEN ERP: ServiceOrder.service_ap_outgoing
2026-03-03 18:35:04,855 - ✅ Successfully imported: purchaseOrder.po_to_grn
2026-03-03 18:35:04,856 - ✅ Router found in: purchaseOrder.po_to_grn
2026-03-03 18:35:04,865 - ✅ Included YEN ERP: purchaseOrder.po_to_grn
2026-03-03 18:35:04,866 - 🟡 Attempting to import: purchaseOrder.grnConverted
2026-03-03 18:35:04,968 - ✅ Successfully imported: purchaseOrder.grnConverted
2026-03-03 18:35:04,969 - ✅ Router found in: purchaseOrder.grnConverted
2026-03-03 18:35:04,985 - ✅ Included YEN ERP: purchaseOrder.grnConverted
2026-03-03 18:35:04,985 - 🟡 Attempting to import: purchaseOrder.poedit
2026-03-03 18:35:05,037 - ✅ Successfully imported: purchaseOrder.poedit
2026-03-03 18:35:05,037 - ✅ Router found in: purchaseOrder.poedit
2026-03-03 18:35:05,045 - ✅ Included YEN ERP: purchaseOrder.poedit
2026-03-03 18:35:05,045 - 🟡 Attempting to import: purchaseOrder.freightfunction
2026-03-03 18:35:05,139 - ✅ Successfully imported: purchaseOrder.freightfunction
2026-03-03 18:35:05,139 - ✅ Router found in: purchaseOrder.freightfunction
2026-03-03 18:35:05,186 - ✅ Included YEN ERP: purchaseOrder.freightfunction
2026-03-03 18:35:05,186 - 🟡 Attempting to import: purchaseOrder.pending
2026-03-03 18:35:05,298 - ✅ Successfully imported: purchaseOrder.pending
2026-03-03 18:35:05,299 - ✅ Router found in: purchaseOrder.pending
2026-03-03 18:35:05,318 - ✅ Included YEN ERP: purchaseOrder.pending
2026-03-03 18:35:05,318 - 🟡 Attempting to import: grn.routes
2026-03-03 18:35:05,318 - ✅ Successfully imported: grn.routes
2026-03-03 18:35:05,318 - ✅ Router found in: grn.routes
2026-03-03 18:35:05,515 - ✅ Included YEN ERP: grn.routes
2026-03-03 18:35:05,516 - 🟡 Attempting to import: grn.return
2026-03-03 18:35:09,170 - ✅ Successfully imported: grn.return
2026-03-03 18:35:09,171 - ✅ Router found in: grn.return
2026-03-03 18:35:09,201 - ✅ Included YEN ERP: grn.return
2026-03-03 18:35:09,201 - 🟡 Attempting to import: grn.grn_to_ap
2026-03-03 18:35:09,796 - ✅ Successfully imported: grn.grn_to_ap
2026-03-03 18:35:09,796 - ✅ Router found in: grn.grn_to_ap
2026-03-03 18:35:09,806 - ✅ Included YEN ERP: grn.grn_to_ap
2026-03-03 18:35:09,807 - 🟡 Attempting to import: grn.debitnote
2026-03-03 18:35:12,108 - ✅ Successfully imported: grn.debitnote
2026-03-03 18:35:12,109 - ✅ Router found in: grn.debitnote
2026-03-03 18:35:12,179 - ✅ Included YEN ERP: grn.debitnote
2026-03-03 18:35:12,179 - 🟡 Attempting to import: grn.grn_to_ap_outgoing
2026-03-03 18:35:12,781 - ✅ Successfully imported: grn.grn_to_ap_outgoing
2026-03-03 18:35:12,781 - ✅ Router found in: grn.grn_to_ap_outgoing
2026-03-03 18:35:12,791 - ✅ Included YEN ERP: grn.grn_to_ap_outgoing
2026-03-03 18:35:12,792 - 🟡 Attempting to import: grn.grn_to_po
2026-03-03 18:35:12,818 - ✅ Successfully imported: grn.grn_to_po
2026-03-03 18:35:12,819 - ✅ Router found in: grn.grn_to_po
2026-03-03 18:35:12,821 - ✅ Included YEN ERP: grn.grn_to_po
2026-03-03 18:35:12,822 - 🟡 Attempting to import: apinvoice.routes
2026-03-03 18:35:12,822 - ✅ Successfully imported: apinvoice.routes
2026-03-03 18:35:12,822 - ✅ Router found in: apinvoice.routes
2026-03-03 18:35:13,001 - ✅ Included YEN ERP: apinvoice.routes
2026-03-03 18:35:13,002 - 🟡 Attempting to import: apinvoice.ap_to_outgoing
2026-03-03 18:35:13,034 - ✅ Successfully imported: apinvoice.ap_to_outgoing
2026-03-03 18:35:13,034 - ✅ Router found in: apinvoice.ap_to_outgoing
2026-03-03 18:35:13,044 - ✅ Included YEN ERP: apinvoice.ap_to_outgoing
2026-03-03 18:35:13,045 - 🟡 Attempting to import: apinvoice.apReturned
2026-03-03 18:35:13,072 - ✅ Successfully imported: apinvoice.apReturned
2026-03-03 18:35:13,073 - ✅ Router found in: apinvoice.apReturned
2026-03-03 18:35:13,080 - ✅ Included YEN ERP: apinvoice.apReturned
2026-03-03 18:35:13,080 - 🟡 Attempting to import: outgoingPayment.routes
2026-03-03 18:35:13,080 - ✅ Successfully imported: outgoingPayment.routes
2026-03-03 18:35:13,080 - ✅ Router found in: outgoingPayment.routes
2026-03-03 18:35:13,352 - ✅ Included YEN ERP: outgoingPayment.routes
2026-03-03 18:35:13,400 - 🟡 Attempting to import: outgoingPayment.bulk_payment
2026-03-03 18:35:13,498 - ✅ Successfully imported: outgoingPayment.bulk_payment
2026-03-03 18:35:13,499 - ✅ Router found in: outgoingPayment.bulk_payment
2026-03-03 18:35:13,507 - ✅ Included YEN ERP: outgoingPayment.bulk_payment
2026-03-03 18:35:13,507 - 🟡 Attempting to import: outgoingPayment.vendor_ledger
2026-03-03 18:35:13,543 - ✅ Successfully imported: outgoingPayment.vendor_ledger
2026-03-03 18:35:13,543 - ✅ Router found in: outgoingPayment.vendor_ledger
2026-03-03 18:35:13,553 - ✅ Included YEN ERP: outgoingPayment.vendor_ledger
2026-03-03 18:35:13,554 - 🟡 Attempting to import: outgoingPayment.single_payment
2026-03-03 18:35:13,590 - ✅ Successfully imported: outgoingPayment.single_payment
2026-03-03 18:35:13,590 - ✅ Router found in: outgoingPayment.single_payment
2026-03-03 18:35:13,597 - ✅ Included YEN ERP: outgoingPayment.single_payment
2026-03-03 18:35:13,597 - 🟡 Attempting to import: outgoingPayment.payment_history
2026-03-03 18:35:13,660 - ✅ Successfully imported: outgoingPayment.payment_history
2026-03-03 18:35:13,660 - ✅ Router found in: outgoingPayment.payment_history
2026-03-03 18:35:13,678 - ✅ Included YEN ERP: outgoingPayment.payment_history
2026-03-03 18:35:13,678 - 🟡 Attempting to import: outgoingPayment.advance_routes
2026-03-03 18:35:13,787 - ✅ Successfully imported: outgoingPayment.advance_routes
2026-03-03 18:35:13,788 - ✅ Router found in: outgoingPayment.advance_routes
2026-03-03 18:35:13,821 - ✅ Included YEN ERP: outgoingPayment.advance_routes
2026-03-03 18:35:13,821 - 🟡 Attempting to import: Business.routes
2026-03-03 18:35:13,903 - ✅ Successfully imported: Business.routes
2026-03-03 18:35:13,903 - ✅ Router found in: Business.routes
2026-03-03 18:35:13,931 - ✅ Included YEN ERP: Business.routes
2026-03-03 18:35:13,931 - 🟡 Attempting to import: Personal.routes
2026-03-03 18:35:14,011 - ✅ Successfully imported: Personal.routes
2026-03-03 18:35:14,011 - ✅ Router found in: Personal.routes
2026-03-03 18:35:14,028 - ✅ Included YEN ERP: Personal.routes
2026-03-03 18:35:14,028 - 🟡 Attempting to import: shippingaddress.routes
2026-03-03 18:35:14,118 - ✅ Successfully imported: shippingaddress.routes
2026-03-03 18:35:14,118 - ✅ Router found in: shippingaddress.routes
2026-03-03 18:35:14,135 - ✅ Included YEN ERP: shippingaddress.routes
2026-03-03 18:35:14,135 - 🟡 Attempting to import: ItemGroup.routes
2026-03-03 18:35:14,232 - ✅ Successfully imported: ItemGroup.routes
2026-03-03 18:35:14,232 - ✅ Router found in: ItemGroup.routes
2026-03-03 18:35:14,270 - ✅ Included YEN ERP: ItemGroup.routes
2026-03-03 18:35:14,270 - 🟡 Attempting to import: FreightMaster.routes
2026-03-03 18:35:14,376 - ✅ Successfully imported: FreightMaster.routes
2026-03-03 18:35:14,376 - ✅ Router found in: FreightMaster.routes
2026-03-03 18:35:14,418 - ✅ Included YEN ERP: FreightMaster.routes
2026-03-03 18:35:14,419 - 🟡 Attempting to import: purchaseOrder.poimport
2026-03-03 18:35:30,532 - ✅ Successfully imported: purchaseOrder.poimport
2026-03-03 18:35:30,533 - ✅ Router found in: purchaseOrder.poimport
2026-03-03 18:35:30,540 - ✅ Included YEN ERP: purchaseOrder.poimport
2026-03-03 18:35:30,540 - 🟡 Attempting to import: ServiceOrder.routes
2026-03-03 18:35:30,721 - ✅ Successfully imported: ServiceOrder.routes
2026-03-03 18:35:30,721 - ✅ Router found in: ServiceOrder.routes
2026-03-03 18:35:30,756 - ✅ Included YEN ERP: ServiceOrder.routes
2026-03-03 18:35:30,756 - 🟡 Attempting to import: Service.serviceSummary
2026-03-03 18:35:30,780 - ✅ Successfully imported: Service.serviceSummary
2026-03-03 18:35:30,780 - ✅ Router found in: Service.serviceSummary
2026-03-03 18:35:30,785 - ✅ Included YEN ERP: Service.serviceSummary
2026-03-03 18:35:30,786 - 🟡 Attempting to import: ServiceOrder.servicelist
2026-03-03 18:35:30,822 - ✅ Successfully imported: ServiceOrder.servicelist
2026-03-03 18:35:30,822 - ✅ Router found in: ServiceOrder.servicelist
2026-03-03 18:35:30,837 - ✅ Included YEN ERP: ServiceOrder.servicelist
2026-03-03 18:35:30,837 - 🟡 Attempting to import: ServiceOrder.filterpatch
2026-03-03 18:35:30,865 - ✅ Successfully imported: ServiceOrder.filterpatch
2026-03-03 18:35:30,865 - ✅ Router found in: ServiceOrder.filterpatch
2026-03-03 18:35:30,870 - ✅ Included YEN ERP: ServiceOrder.filterpatch
2026-03-03 18:35:30,870 - 🟡 Attempting to import: ServiceOrder.service_ap_outgoing
2026-03-03 18:35:30,898 - ✅ Successfully imported: ServiceOrder.service_ap_outgoing
2026-03-03 18:35:30,898 - ✅ Router found in: ServiceOrder.service_ap_outgoing
2026-03-03 18:35:30,906 - ✅ Included YEN ERP: ServiceOrder.service_ap_outgoing
2026-03-03 18:36:30,255 - ✅ Successfully imported: purchaseOrder.po_to_grn
2026-03-03 18:36:30,255 - ✅ Router found in: purchaseOrder.po_to_grn
2026-03-03 18:36:30,259 - ✅ Included YEN ERP: purchaseOrder.po_to_grn
2026-03-03 18:36:30,260 - 🟡 Attempting to import: purchaseOrder.grnConverted
2026-03-03 18:36:30,279 - ✅ Successfully imported: purchaseOrder.grnConverted
2026-03-03 18:36:30,279 - ✅ Router found in: purchaseOrder.grnConverted
2026-03-03 18:36:30,285 - ✅ Included YEN ERP: purchaseOrder.grnConverted
2026-03-03 18:36:30,285 - 🟡 Attempting to import: purchaseOrder.poedit
2026-03-03 18:36:30,289 - ✅ Successfully imported: purchaseOrder.poedit
2026-03-03 18:36:30,289 - ✅ Router found in: purchaseOrder.poedit
2026-03-03 18:36:30,292 - ✅ Included YEN ERP: purchaseOrder.poedit
2026-03-03 18:36:30,292 - 🟡 Attempting to import: purchaseOrder.freightfunction
2026-03-03 18:36:30,304 - ✅ Successfully imported: purchaseOrder.freightfunction
2026-03-03 18:36:30,304 - ✅ Router found in: purchaseOrder.freightfunction
2026-03-03 18:36:30,307 - ✅ Included YEN ERP: purchaseOrder.freightfunction
2026-03-03 18:36:30,307 - 🟡 Attempting to import: purchaseOrder.pending
2026-03-03 18:36:30,335 - ✅ Successfully imported: purchaseOrder.pending
2026-03-03 18:36:30,335 - ✅ Router found in: purchaseOrder.pending
2026-03-03 18:36:30,341 - ✅ Included YEN ERP: purchaseOrder.pending
2026-03-03 18:36:30,342 - 🟡 Attempting to import: grn.routes
2026-03-03 18:36:30,342 - ✅ Successfully imported: grn.routes
2026-03-03 18:36:30,342 - ✅ Router found in: grn.routes
2026-03-03 18:36:30,404 - ✅ Included YEN ERP: grn.routes
2026-03-03 18:36:30,405 - 🟡 Attempting to import: grn.return
2026-03-03 18:36:31,324 - ✅ Successfully imported: grn.return
2026-03-03 18:36:31,324 - ✅ Router found in: grn.return
2026-03-03 18:36:31,331 - ✅ Included YEN ERP: grn.return
2026-03-03 18:36:31,332 - 🟡 Attempting to import: grn.grn_to_ap
2026-03-03 18:36:31,443 - ✅ Successfully imported: grn.grn_to_ap
2026-03-03 18:36:31,443 - ✅ Router found in: grn.grn_to_ap
2026-03-03 18:36:31,446 - ✅ Included YEN ERP: grn.grn_to_ap
2026-03-03 18:36:31,446 - 🟡 Attempting to import: grn.debitnote
2026-03-03 18:36:32,174 - ✅ Successfully imported: grn.debitnote
2026-03-03 18:36:32,174 - ✅ Router found in: grn.debitnote
2026-03-03 18:36:32,219 - ✅ Included YEN ERP: grn.debitnote
2026-03-03 18:36:32,219 - 🟡 Attempting to import: grn.grn_to_ap_outgoing
2026-03-03 18:36:32,969 - ✅ Successfully imported: grn.grn_to_ap_outgoing
2026-03-03 18:36:32,970 - ✅ Router found in: grn.grn_to_ap_outgoing
2026-03-03 18:36:32,980 - ✅ Included YEN ERP: grn.grn_to_ap_outgoing
2026-03-03 18:36:32,981 - 🟡 Attempting to import: grn.grn_to_po
2026-03-03 18:36:32,992 - ✅ Successfully imported: grn.grn_to_po
2026-03-03 18:36:32,993 - ✅ Router found in: grn.grn_to_po
2026-03-03 18:36:32,995 - ✅ Included YEN ERP: grn.grn_to_po
2026-03-03 18:36:32,995 - 🟡 Attempting to import: apinvoice.routes
2026-03-03 18:36:32,995 - ✅ Successfully imported: apinvoice.routes
2026-03-03 18:36:32,995 - ✅ Router found in: apinvoice.routes
2026-03-03 18:36:33,222 - ✅ Included YEN ERP: apinvoice.routes
2026-03-03 18:36:33,222 - 🟡 Attempting to import: apinvoice.ap_to_outgoing
2026-03-03 18:36:33,229 - ✅ Successfully imported: apinvoice.ap_to_outgoing
2026-03-03 18:36:33,229 - ✅ Router found in: apinvoice.ap_to_outgoing
2026-03-03 18:36:33,236 - ✅ Included YEN ERP: apinvoice.ap_to_outgoing
2026-03-03 18:36:33,236 - 🟡 Attempting to import: apinvoice.apReturned
2026-03-03 18:36:33,242 - ✅ Successfully imported: apinvoice.apReturned
2026-03-03 18:36:33,242 - ✅ Router found in: apinvoice.apReturned
2026-03-03 18:36:33,246 - ✅ Included YEN ERP: apinvoice.apReturned
2026-03-03 18:36:33,246 - 🟡 Attempting to import: outgoingPayment.routes
2026-03-03 18:36:33,246 - ✅ Successfully imported: outgoingPayment.routes
2026-03-03 18:36:33,247 - ✅ Router found in: outgoingPayment.routes
2026-03-03 18:36:33,423 - ✅ Included YEN ERP: outgoingPayment.routes
2026-03-03 18:36:33,424 - 🟡 Attempting to import: outgoingPayment.bulk_payment
2026-03-03 18:36:33,481 - ✅ Successfully imported: outgoingPayment.bulk_payment
2026-03-03 18:36:33,483 - ✅ Router found in: outgoingPayment.bulk_payment
2026-03-03 18:36:33,496 - ✅ Included YEN ERP: outgoingPayment.bulk_payment
2026-03-03 18:36:33,496 - 🟡 Attempting to import: outgoingPayment.vendor_ledger
2026-03-03 18:36:33,541 - ✅ Successfully imported: outgoingPayment.vendor_ledger
2026-03-03 18:36:33,541 - ✅ Router found in: outgoingPayment.vendor_ledger
2026-03-03 18:36:33,559 - ✅ Included YEN ERP: outgoingPayment.vendor_ledger
2026-03-03 18:36:33,559 - 🟡 Attempting to import: outgoingPayment.single_payment
2026-03-03 18:36:33,595 - ✅ Successfully imported: outgoingPayment.single_payment
2026-03-03 18:36:33,595 - ✅ Router found in: outgoingPayment.single_payment
2026-03-03 18:36:33,608 - ✅ Included YEN ERP: outgoingPayment.single_payment
2026-03-03 18:36:33,609 - 🟡 Attempting to import: outgoingPayment.payment_history
2026-03-03 18:36:33,678 - ✅ Successfully imported: outgoingPayment.payment_history
2026-03-03 18:36:33,679 - ✅ Router found in: outgoingPayment.payment_history
2026-03-03 18:36:33,706 - ✅ Included YEN ERP: outgoingPayment.payment_history
2026-03-03 18:36:33,706 - 🟡 Attempting to import: outgoingPayment.advance_routes
2026-03-03 18:36:33,843 - ✅ Successfully imported: outgoingPayment.advance_routes
2026-03-03 18:36:33,844 - ✅ Router found in: outgoingPayment.advance_routes
2026-03-03 18:36:33,911 - ✅ Included YEN ERP: outgoingPayment.advance_routes
2026-03-03 18:36:33,911 - 🟡 Attempting to import: Business.routes
2026-03-03 18:36:33,976 - ✅ Successfully imported: Business.routes
2026-03-03 18:36:33,977 - ✅ Router found in: Business.routes
2026-03-03 18:36:34,022 - ✅ Included YEN ERP: Business.routes
2026-03-03 18:36:34,022 - 🟡 Attempting to import: Personal.routes
2026-03-03 18:36:34,063 - ✅ Successfully imported: Personal.routes
2026-03-03 18:36:34,063 - ✅ Router found in: Personal.routes
2026-03-03 18:36:34,097 - ✅ Included YEN ERP: Personal.routes
2026-03-03 18:36:34,097 - 🟡 Attempting to import: shippingaddress.routes
2026-03-03 18:36:34,145 - ✅ Successfully imported: shippingaddress.routes
2026-03-03 18:36:34,146 - ✅ Router found in: shippingaddress.routes
2026-03-03 18:36:34,162 - ✅ Included YEN ERP: shippingaddress.routes
2026-03-03 18:36:34,162 - 🟡 Attempting to import: ItemGroup.routes
2026-03-03 18:36:34,246 - ✅ Successfully imported: ItemGroup.routes
2026-03-03 18:36:34,246 - ✅ Router found in: ItemGroup.routes
2026-03-03 18:36:34,311 - ✅ Included YEN ERP: ItemGroup.routes
2026-03-03 18:36:34,311 - 🟡 Attempting to import: FreightMaster.routes
2026-03-03 18:36:34,450 - ✅ Successfully imported: FreightMaster.routes
2026-03-03 18:36:34,451 - ✅ Router found in: FreightMaster.routes
2026-03-03 18:36:34,540 - ✅ Included YEN ERP: FreightMaster.routes
2026-03-03 18:36:34,540 - 🟡 Attempting to import: purchaseOrder.poimport
2026-03-03 18:36:38,084 - ✅ Successfully imported: purchaseOrder.poimport
2026-03-03 18:36:38,084 - ✅ Router found in: purchaseOrder.poimport
2026-03-03 18:36:38,119 - ✅ Included YEN ERP: purchaseOrder.poimport
2026-03-03 18:36:38,119 - 🟡 Attempting to import: ServiceOrder.routes
2026-03-03 18:36:38,592 - ✅ Successfully imported: ServiceOrder.routes
2026-03-03 18:36:38,592 - ✅ Router found in: ServiceOrder.routes
2026-03-03 18:36:39,029 - ✅ Included YEN ERP: ServiceOrder.routes
2026-03-03 18:36:39,030 - 🟡 Attempting to import: Service.serviceSummary
2026-03-03 18:36:39,043 - ✅ Successfully imported: Service.serviceSummary
2026-03-03 18:36:39,043 - ✅ Router found in: Service.serviceSummary
2026-03-03 18:36:39,193 - ✅ Included YEN ERP: Service.serviceSummary
2026-03-03 18:36:39,194 - 🟡 Attempting to import: ServiceOrder.servicelist
2026-03-03 18:36:39,286 - ✅ Successfully imported: ServiceOrder.servicelist
2026-03-03 18:36:39,286 - ✅ Router found in: ServiceOrder.servicelist
2026-03-03 18:36:39,402 - ✅ Included YEN ERP: ServiceOrder.servicelist
2026-03-03 18:36:39,402 - 🟡 Attempting to import: ServiceOrder.filterpatch
2026-03-03 18:36:39,424 - ✅ Successfully imported: ServiceOrder.filterpatch
2026-03-03 18:36:39,425 - ✅ Router found in: ServiceOrder.filterpatch
2026-03-03 18:36:39,437 - ✅ Included YEN ERP: ServiceOrder.filterpatch
2026-03-03 18:36:39,437 - 🟡 Attempting to import: ServiceOrder.service_ap_outgoing
2026-03-03 18:36:39,520 - ✅ Successfully imported: ServiceOrder.service_ap_outgoing
2026-03-03 18:36:39,521 - ✅ Router found in: ServiceOrder.service_ap_outgoing
2026-03-03 18:36:39,535 - ✅ Included YEN ERP: ServiceOrder.service_ap_outgoing
2026-03-03 18:39:12,695 - ✅ Successfully imported: purchaseOrder.po_to_grn
2026-03-03 18:39:12,696 - ✅ Router found in: purchaseOrder.po_to_grn
2026-03-03 18:39:12,705 - ✅ Included YEN ERP: purchaseOrder.po_to_grn
2026-03-03 18:39:12,706 - 🟡 Attempting to import: purchaseOrder.grnConverted
2026-03-03 18:39:12,775 - ✅ Successfully imported: purchaseOrder.grnConverted
2026-03-03 18:39:12,775 - ✅ Router found in: purchaseOrder.grnConverted
2026-03-03 18:39:12,796 - ✅ Included YEN ERP: purchaseOrder.grnConverted
2026-03-03 18:39:12,796 - 🟡 Attempting to import: purchaseOrder.poedit
2026-03-03 18:39:12,822 - ✅ Successfully imported: purchaseOrder.poedit
2026-03-03 18:39:12,822 - ✅ Router found in: purchaseOrder.poedit
2026-03-03 18:39:12,828 - ✅ Included YEN ERP: purchaseOrder.poedit
2026-03-03 18:39:12,828 - 🟡 Attempting to import: purchaseOrder.freightfunction
2026-03-03 18:39:12,880 - ✅ Successfully imported: purchaseOrder.freightfunction
2026-03-03 18:39:12,880 - ✅ Router found in: purchaseOrder.freightfunction
2026-03-03 18:39:12,891 - ✅ Included YEN ERP: purchaseOrder.freightfunction
2026-03-03 18:39:12,891 - 🟡 Attempting to import: purchaseOrder.pending
2026-03-03 18:39:13,064 - ✅ Successfully imported: purchaseOrder.pending
2026-03-03 18:39:13,064 - ✅ Router found in: purchaseOrder.pending
2026-03-03 18:39:13,128 - ✅ Included YEN ERP: purchaseOrder.pending
2026-03-03 18:39:13,129 - 🟡 Attempting to import: grn.routes
2026-03-03 18:39:13,129 - ✅ Successfully imported: grn.routes
2026-03-03 18:39:13,130 - ✅ Router found in: grn.routes
2026-03-03 18:39:13,398 - ✅ Included YEN ERP: grn.routes
2026-03-03 18:39:13,398 - 🟡 Attempting to import: grn.return
2026-03-03 18:39:19,308 - ✅ Successfully imported: grn.return
2026-03-03 18:39:19,308 - ✅ Router found in: grn.return
2026-03-03 18:39:19,327 - ✅ Included YEN ERP: grn.return
2026-03-03 18:39:19,327 - 🟡 Attempting to import: grn.grn_to_ap
2026-03-03 18:39:19,644 - ✅ Successfully imported: grn.grn_to_ap
2026-03-03 18:39:19,645 - ✅ Router found in: grn.grn_to_ap
2026-03-03 18:39:19,653 - ✅ Included YEN ERP: grn.grn_to_ap
2026-03-03 18:39:19,653 - 🟡 Attempting to import: grn.debitnote
2026-03-03 18:39:21,508 - ✅ Successfully imported: grn.debitnote
2026-03-03 18:39:21,508 - ✅ Router found in: grn.debitnote
2026-03-03 18:39:21,563 - ✅ Included YEN ERP: grn.debitnote
2026-03-03 18:39:21,563 - 🟡 Attempting to import: grn.grn_to_ap_outgoing
2026-03-03 18:39:22,036 - ✅ Successfully imported: grn.grn_to_ap_outgoing
2026-03-03 18:39:22,036 - ✅ Router found in: grn.grn_to_ap_outgoing
2026-03-03 18:39:22,042 - ✅ Included YEN ERP: grn.grn_to_ap_outgoing
2026-03-03 18:39:22,042 - 🟡 Attempting to import: grn.grn_to_po
2026-03-03 18:39:22,097 - ✅ Successfully imported: grn.grn_to_po
2026-03-03 18:39:22,098 - ✅ Router found in: grn.grn_to_po
2026-03-03 18:39:22,100 - ✅ Included YEN ERP: grn.grn_to_po
2026-03-03 18:39:22,100 - 🟡 Attempting to import: apinvoice.routes
2026-03-03 18:39:22,100 - ✅ Successfully imported: apinvoice.routes
2026-03-03 18:39:22,100 - ✅ Router found in: apinvoice.routes
2026-03-03 18:39:22,296 - ✅ Included YEN ERP: apinvoice.routes
2026-03-03 18:39:22,296 - 🟡 Attempting to import: apinvoice.ap_to_outgoing
2026-03-03 18:39:22,364 - ✅ Successfully imported: apinvoice.ap_to_outgoing
2026-03-03 18:39:22,364 - ✅ Router found in: apinvoice.ap_to_outgoing
2026-03-03 18:39:22,368 - ✅ Included YEN ERP: apinvoice.ap_to_outgoing
2026-03-03 18:39:22,368 - 🟡 Attempting to import: apinvoice.apReturned
2026-03-03 18:39:22,405 - ✅ Successfully imported: apinvoice.apReturned
2026-03-03 18:39:22,405 - ✅ Router found in: apinvoice.apReturned
2026-03-03 18:39:22,409 - ✅ Included YEN ERP: apinvoice.apReturned
2026-03-03 18:39:22,409 - 🟡 Attempting to import: outgoingPayment.routes
2026-03-03 18:39:22,410 - ✅ Successfully imported: outgoingPayment.routes
2026-03-03 18:39:22,410 - ✅ Router found in: outgoingPayment.routes
2026-03-03 18:39:22,533 - ✅ Included YEN ERP: outgoingPayment.routes
2026-03-03 18:39:22,533 - 🟡 Attempting to import: outgoingPayment.bulk_payment
2026-03-03 18:39:22,602 - ✅ Successfully imported: outgoingPayment.bulk_payment
2026-03-03 18:39:22,602 - ✅ Router found in: outgoingPayment.bulk_payment
2026-03-03 18:39:22,608 - ✅ Included YEN ERP: outgoingPayment.bulk_payment
2026-03-03 18:39:22,608 - 🟡 Attempting to import: outgoingPayment.vendor_ledger
2026-03-03 18:39:22,638 - ✅ Successfully imported: outgoingPayment.vendor_ledger
2026-03-03 18:39:22,639 - ✅ Router found in: outgoingPayment.vendor_ledger
2026-03-03 18:39:22,650 - ✅ Included YEN ERP: outgoingPayment.vendor_ledger
2026-03-03 18:39:22,651 - 🟡 Attempting to import: outgoingPayment.single_payment
2026-03-03 18:39:22,693 - ✅ Successfully imported: outgoingPayment.single_payment
2026-03-03 18:39:22,693 - ✅ Router found in: outgoingPayment.single_payment
2026-03-03 18:39:22,698 - ✅ Included YEN ERP: outgoingPayment.single_payment
2026-03-03 18:39:22,698 - 🟡 Attempting to import: outgoingPayment.payment_history
2026-03-03 18:39:22,749 - ✅ Successfully imported: outgoingPayment.payment_history
2026-03-03 18:39:22,749 - ✅ Router found in: outgoingPayment.payment_history
2026-03-03 18:39:22,757 - ✅ Included YEN ERP: outgoingPayment.payment_history
2026-03-03 18:39:22,757 - 🟡 Attempting to import: outgoingPayment.advance_routes
2026-03-03 18:39:23,113 - ✅ Successfully imported: outgoingPayment.advance_routes
2026-03-03 18:39:23,113 - ✅ Router found in: outgoingPayment.advance_routes
2026-03-03 18:39:23,141 - ✅ Included YEN ERP: outgoingPayment.advance_routes
2026-03-03 18:39:23,141 - 🟡 Attempting to import: Business.routes
2026-03-03 18:39:23,228 - ✅ Successfully imported: Business.routes
2026-03-03 18:39:23,228 - ✅ Router found in: Business.routes
2026-03-03 18:39:23,258 - ✅ Included YEN ERP: Business.routes
2026-03-03 18:39:23,259 - 🟡 Attempting to import: Personal.routes
2026-03-03 18:39:23,389 - ✅ Successfully imported: Personal.routes
2026-03-03 18:39:23,389 - ✅ Router found in: Personal.routes
2026-03-03 18:39:23,400 - ✅ Included YEN ERP: Personal.routes
2026-03-03 18:39:23,400 - 🟡 Attempting to import: shippingaddress.routes
2026-03-03 18:39:23,483 - ✅ Successfully imported: shippingaddress.routes
2026-03-03 18:39:23,484 - ✅ Router found in: shippingaddress.routes
2026-03-03 18:39:23,500 - ✅ Included YEN ERP: shippingaddress.routes
2026-03-03 18:39:23,501 - 🟡 Attempting to import: ItemGroup.routes
2026-03-03 18:39:23,579 - ✅ Successfully imported: ItemGroup.routes
2026-03-03 18:39:23,580 - ✅ Router found in: ItemGroup.routes
2026-03-03 18:39:23,604 - ✅ Included YEN ERP: ItemGroup.routes
2026-03-03 18:39:23,604 - 🟡 Attempting to import: FreightMaster.routes
2026-03-03 18:39:23,685 - ✅ Successfully imported: FreightMaster.routes
2026-03-03 18:39:23,685 - ✅ Router found in: FreightMaster.routes
2026-03-03 18:39:23,718 - ✅ Included YEN ERP: FreightMaster.routes
2026-03-03 18:39:23,718 - 🟡 Attempting to import: purchaseOrder.poimport
2026-03-03 18:39:38,784 - ✅ Successfully imported: purchaseOrder.poimport
2026-03-03 18:39:38,784 - ✅ Router found in: purchaseOrder.poimport
2026-03-03 18:39:38,825 - ✅ Included YEN ERP: purchaseOrder.poimport
2026-03-03 18:39:38,825 - 🟡 Attempting to import: ServiceOrder.routes
2026-03-03 18:39:39,326 - ✅ Successfully imported: ServiceOrder.routes
2026-03-03 18:39:39,326 - ✅ Router found in: ServiceOrder.routes
2026-03-03 18:39:39,412 - ✅ Included YEN ERP: ServiceOrder.routes
2026-03-03 18:39:39,412 - 🟡 Attempting to import: Service.serviceSummary
2026-03-03 18:39:39,479 - ✅ Successfully imported: Service.serviceSummary
2026-03-03 18:39:39,479 - ✅ Router found in: Service.serviceSummary
2026-03-03 18:39:39,488 - ✅ Included YEN ERP: Service.serviceSummary
2026-03-03 18:39:39,488 - 🟡 Attempting to import: ServiceOrder.servicelist
2026-03-03 18:39:39,541 - ✅ Successfully imported: ServiceOrder.servicelist
2026-03-03 18:39:39,541 - ✅ Router found in: ServiceOrder.servicelist
2026-03-03 18:39:39,582 - ✅ Included YEN ERP: ServiceOrder.servicelist
2026-03-03 18:39:39,582 - 🟡 Attempting to import: ServiceOrder.filterpatch
2026-03-03 18:39:39,651 - ✅ Successfully imported: ServiceOrder.filterpatch
2026-03-03 18:39:39,651 - ✅ Router found in: ServiceOrder.filterpatch
2026-03-03 18:39:39,674 - ✅ Included YEN ERP: ServiceOrder.filterpatch
2026-03-03 18:39:39,674 - 🟡 Attempting to import: ServiceOrder.service_ap_outgoing
2026-03-03 18:39:39,710 - ✅ Successfully imported: ServiceOrder.service_ap_outgoing
2026-03-03 18:39:39,710 - ✅ Router found in: ServiceOrder.service_ap_outgoing
2026-03-03 18:39:39,726 - ✅ Included YEN ERP: ServiceOrder.service_ap_outgoing
2026-03-03 18:46:06,477 - ✅ Successfully imported: purchaseOrder.po_to_grn
2026-03-03 18:46:06,478 - ✅ Router found in: purchaseOrder.po_to_grn
2026-03-03 18:46:06,488 - ✅ Included YEN ERP: purchaseOrder.po_to_grn
2026-03-03 18:46:06,488 - 🟡 Attempting to import: purchaseOrder.grnConverted
2026-03-03 18:46:06,547 - ✅ Successfully imported: purchaseOrder.grnConverted
2026-03-03 18:46:06,547 - ✅ Router found in: purchaseOrder.grnConverted
2026-03-03 18:46:06,562 - ✅ Included YEN ERP: purchaseOrder.grnConverted
2026-03-03 18:46:06,562 - 🟡 Attempting to import: purchaseOrder.poedit
2026-03-03 18:46:06,576 - ✅ Successfully imported: purchaseOrder.poedit
2026-03-03 18:46:06,576 - ✅ Router found in: purchaseOrder.poedit
2026-03-03 18:46:06,581 - ✅ Included YEN ERP: purchaseOrder.poedit
2026-03-03 18:46:06,581 - 🟡 Attempting to import: purchaseOrder.freightfunction
2026-03-03 18:46:06,611 - ✅ Successfully imported: purchaseOrder.freightfunction
2026-03-03 18:46:06,611 - ✅ Router found in: purchaseOrder.freightfunction
2026-03-03 18:46:06,619 - ✅ Included YEN ERP: purchaseOrder.freightfunction
2026-03-03 18:46:06,619 - 🟡 Attempting to import: purchaseOrder.pending
2026-03-03 18:46:06,700 - ✅ Successfully imported: purchaseOrder.pending
2026-03-03 18:46:06,700 - ✅ Router found in: purchaseOrder.pending
2026-03-03 18:46:06,719 - ✅ Included YEN ERP: purchaseOrder.pending
2026-03-03 18:46:06,719 - 🟡 Attempting to import: grn.routes
2026-03-03 18:46:06,719 - ✅ Successfully imported: grn.routes
2026-03-03 18:46:06,719 - ✅ Router found in: grn.routes
2026-03-03 18:46:06,879 - ✅ Included YEN ERP: grn.routes
2026-03-03 18:46:06,879 - 🟡 Attempting to import: grn.return
2026-03-03 18:46:08,246 - ✅ Successfully imported: grn.return
2026-03-03 18:46:08,246 - ✅ Router found in: grn.return
2026-03-03 18:46:08,265 - ✅ Included YEN ERP: grn.return
2026-03-03 18:46:08,266 - 🟡 Attempting to import: grn.grn_to_ap
2026-03-03 18:46:08,511 - ✅ Successfully imported: grn.grn_to_ap
2026-03-03 18:46:08,511 - ✅ Router found in: grn.grn_to_ap
2026-03-03 18:46:08,516 - ✅ Included YEN ERP: grn.grn_to_ap
2026-03-03 18:46:08,516 - 🟡 Attempting to import: grn.debitnote
2026-03-03 18:46:09,235 - ✅ Successfully imported: grn.debitnote
2026-03-03 18:46:09,235 - ✅ Router found in: grn.debitnote
2026-03-03 18:46:09,272 - ✅ Included YEN ERP: grn.debitnote
2026-03-03 18:46:09,272 - 🟡 Attempting to import: grn.grn_to_ap_outgoing
2026-03-03 18:46:09,506 - ✅ Successfully imported: grn.grn_to_ap_outgoing
2026-03-03 18:46:09,506 - ✅ Router found in: grn.grn_to_ap_outgoing
2026-03-03 18:46:09,512 - ✅ Included YEN ERP: grn.grn_to_ap_outgoing
2026-03-03 18:46:09,512 - 🟡 Attempting to import: grn.grn_to_po
2026-03-03 18:46:09,521 - ✅ Successfully imported: grn.grn_to_po
2026-03-03 18:46:09,521 - ✅ Router found in: grn.grn_to_po
2026-03-03 18:46:09,523 - ✅ Included YEN ERP: grn.grn_to_po
2026-03-03 18:46:09,523 - 🟡 Attempting to import: apinvoice.routes
2026-03-03 18:46:09,523 - ✅ Successfully imported: apinvoice.routes
2026-03-03 18:46:09,523 - ✅ Router found in: apinvoice.routes
2026-03-03 18:46:09,577 - ✅ Included YEN ERP: apinvoice.routes
2026-03-03 18:46:09,577 - 🟡 Attempting to import: apinvoice.ap_to_outgoing
2026-03-03 18:46:09,581 - ✅ Successfully imported: apinvoice.ap_to_outgoing
2026-03-03 18:46:09,581 - ✅ Router found in: apinvoice.ap_to_outgoing
2026-03-03 18:46:09,586 - ✅ Included YEN ERP: apinvoice.ap_to_outgoing
2026-03-03 18:46:09,587 - 🟡 Attempting to import: apinvoice.apReturned
2026-03-03 18:46:09,591 - ✅ Successfully imported: apinvoice.apReturned
2026-03-03 18:46:09,591 - ✅ Router found in: apinvoice.apReturned
2026-03-03 18:46:09,593 - ✅ Included YEN ERP: apinvoice.apReturned
2026-03-03 18:46:09,593 - 🟡 Attempting to import: outgoingPayment.routes
2026-03-03 18:46:09,593 - ✅ Successfully imported: outgoingPayment.routes
2026-03-03 18:46:09,594 - ✅ Router found in: outgoingPayment.routes
2026-03-03 18:46:09,664 - ✅ Included YEN ERP: outgoingPayment.routes
2026-03-03 18:46:09,664 - 🟡 Attempting to import: outgoingPayment.bulk_payment
2026-03-03 18:46:09,686 - ✅ Successfully imported: outgoingPayment.bulk_payment
2026-03-03 18:46:09,686 - ✅ Router found in: outgoingPayment.bulk_payment
2026-03-03 18:46:09,691 - ✅ Included YEN ERP: outgoingPayment.bulk_payment
2026-03-03 18:46:09,692 - 🟡 Attempting to import: outgoingPayment.vendor_ledger
2026-03-03 18:46:09,700 - ✅ Successfully imported: outgoingPayment.vendor_ledger
2026-03-03 18:46:09,700 - ✅ Router found in: outgoingPayment.vendor_ledger
2026-03-03 18:46:09,710 - ✅ Included YEN ERP: outgoingPayment.vendor_ledger
2026-03-03 18:46:09,711 - 🟡 Attempting to import: outgoingPayment.single_payment
2026-03-03 18:46:09,724 - ✅ Successfully imported: outgoingPayment.single_payment
2026-03-03 18:46:09,724 - ✅ Router found in: outgoingPayment.single_payment
2026-03-03 18:46:09,728 - ✅ Included YEN ERP: outgoingPayment.single_payment
2026-03-03 18:46:09,728 - 🟡 Attempting to import: outgoingPayment.payment_history
2026-03-03 18:46:09,759 - ✅ Successfully imported: outgoingPayment.payment_history
2026-03-03 18:46:09,759 - ✅ Router found in: outgoingPayment.payment_history
2026-03-03 18:46:09,766 - ✅ Included YEN ERP: outgoingPayment.payment_history
2026-03-03 18:46:09,766 - 🟡 Attempting to import: outgoingPayment.advance_routes
2026-03-03 18:46:09,807 - ✅ Successfully imported: outgoingPayment.advance_routes
2026-03-03 18:46:09,807 - ✅ Router found in: outgoingPayment.advance_routes
2026-03-03 18:46:09,827 - ✅ Included YEN ERP: outgoingPayment.advance_routes
2026-03-03 18:46:09,827 - 🟡 Attempting to import: Business.routes
2026-03-03 18:46:09,853 - ✅ Successfully imported: Business.routes
2026-03-03 18:46:09,854 - ✅ Router found in: Business.routes
2026-03-03 18:46:09,872 - ✅ Included YEN ERP: Business.routes
2026-03-03 18:46:09,873 - 🟡 Attempting to import: Personal.routes
2026-03-03 18:46:09,891 - ✅ Successfully imported: Personal.routes
2026-03-03 18:46:09,891 - ✅ Router found in: Personal.routes
2026-03-03 18:46:09,899 - ✅ Included YEN ERP: Personal.routes
2026-03-03 18:46:09,900 - 🟡 Attempting to import: shippingaddress.routes
2026-03-03 18:46:09,921 - ✅ Successfully imported: shippingaddress.routes
2026-03-03 18:46:09,921 - ✅ Router found in: shippingaddress.routes
2026-03-03 18:46:09,932 - ✅ Included YEN ERP: shippingaddress.routes
2026-03-03 18:46:09,932 - 🟡 Attempting to import: ItemGroup.routes
2026-03-03 18:46:09,965 - ✅ Successfully imported: ItemGroup.routes
2026-03-03 18:46:09,965 - ✅ Router found in: ItemGroup.routes
2026-03-03 18:46:09,984 - ✅ Included YEN ERP: ItemGroup.routes
2026-03-03 18:46:09,985 - 🟡 Attempting to import: FreightMaster.routes
2026-03-03 18:46:10,017 - ✅ Successfully imported: FreightMaster.routes
2026-03-03 18:46:10,017 - ✅ Router found in: FreightMaster.routes
2026-03-03 18:46:10,055 - ✅ Included YEN ERP: FreightMaster.routes
2026-03-03 18:46:10,055 - 🟡 Attempting to import: purchaseOrder.poimport
2026-03-03 18:46:12,266 - ✅ Successfully imported: purchaseOrder.poimport
2026-03-03 18:46:12,266 - ✅ Router found in: purchaseOrder.poimport
2026-03-03 18:46:12,330 - ✅ Included YEN ERP: purchaseOrder.poimport
2026-03-03 18:46:12,330 - 🟡 Attempting to import: ServiceOrder.routes
2026-03-03 18:46:12,847 - ✅ Successfully imported: ServiceOrder.routes
2026-03-03 18:46:12,847 - ✅ Router found in: ServiceOrder.routes
2026-03-03 18:46:13,155 - ✅ Included YEN ERP: ServiceOrder.routes
2026-03-03 18:46:13,156 - 🟡 Attempting to import: Service.serviceSummary
2026-03-03 18:46:13,168 - ✅ Successfully imported: Service.serviceSummary
2026-03-03 18:46:13,169 - ✅ Router found in: Service.serviceSummary
2026-03-03 18:46:13,179 - ✅ Included YEN ERP: Service.serviceSummary
2026-03-03 18:46:13,180 - 🟡 Attempting to import: ServiceOrder.servicelist
2026-03-03 18:46:13,240 - ✅ Successfully imported: ServiceOrder.servicelist
2026-03-03 18:46:13,241 - ✅ Router found in: ServiceOrder.servicelist
2026-03-03 18:46:13,278 - ✅ Included YEN ERP: ServiceOrder.servicelist
2026-03-03 18:46:13,278 - 🟡 Attempting to import: ServiceOrder.filterpatch
2026-03-03 18:46:13,290 - ✅ Successfully imported: ServiceOrder.filterpatch
2026-03-03 18:46:13,290 - ✅ Router found in: ServiceOrder.filterpatch
2026-03-03 18:46:13,299 - ✅ Included YEN ERP: ServiceOrder.filterpatch
2026-03-03 18:46:13,299 - 🟡 Attempting to import: ServiceOrder.service_ap_outgoing
2026-03-03 18:46:13,312 - ✅ Successfully imported: ServiceOrder.service_ap_outgoing
2026-03-03 18:46:13,312 - ✅ Router found in: ServiceOrder.service_ap_outgoing
2026-03-03 18:46:13,322 - ✅ Included YEN ERP: ServiceOrder.service_ap_outgoing
2026-03-03 18:51:03,590 - ✅ Successfully imported: purchaseOrder.po_to_grn
2026-03-03 18:51:03,591 - ✅ Router found in: purchaseOrder.po_to_grn
2026-03-03 18:51:03,594 - ✅ Included YEN ERP: purchaseOrder.po_to_grn
2026-03-03 18:51:03,594 - 🟡 Attempting to import: purchaseOrder.grnConverted
2026-03-03 18:51:03,624 - ✅ Successfully imported: purchaseOrder.grnConverted
2026-03-03 18:51:03,624 - ✅ Router found in: purchaseOrder.grnConverted
2026-03-03 18:51:03,630 - ✅ Included YEN ERP: purchaseOrder.grnConverted
2026-03-03 18:51:03,630 - 🟡 Attempting to import: purchaseOrder.poedit
2026-03-03 18:51:03,637 - ✅ Successfully imported: purchaseOrder.poedit
2026-03-03 18:51:03,637 - ✅ Router found in: purchaseOrder.poedit
2026-03-03 18:51:03,639 - ✅ Included YEN ERP: purchaseOrder.poedit
2026-03-03 18:51:03,639 - 🟡 Attempting to import: purchaseOrder.freightfunction
2026-03-03 18:51:03,653 - ✅ Successfully imported: purchaseOrder.freightfunction
2026-03-03 18:51:03,653 - ✅ Router found in: purchaseOrder.freightfunction
2026-03-03 18:51:03,655 - ✅ Included YEN ERP: purchaseOrder.freightfunction
2026-03-03 18:51:03,656 - 🟡 Attempting to import: purchaseOrder.pending
2026-03-03 18:51:03,687 - ✅ Successfully imported: purchaseOrder.pending
2026-03-03 18:51:03,687 - ✅ Router found in: purchaseOrder.pending
2026-03-03 18:51:03,692 - ✅ Included YEN ERP: purchaseOrder.pending
2026-03-03 18:51:03,693 - 🟡 Attempting to import: grn.routes
2026-03-03 18:51:03,693 - ✅ Successfully imported: grn.routes
2026-03-03 18:51:03,693 - ✅ Router found in: grn.routes
2026-03-03 18:51:03,772 - ✅ Included YEN ERP: grn.routes
2026-03-03 18:51:03,772 - 🟡 Attempting to import: grn.return
2026-03-03 18:51:04,612 - ✅ Successfully imported: grn.return
2026-03-03 18:51:04,612 - ✅ Router found in: grn.return
2026-03-03 18:51:04,623 - ✅ Included YEN ERP: grn.return
2026-03-03 18:51:04,623 - 🟡 Attempting to import: grn.grn_to_ap
2026-03-03 18:51:04,727 - ✅ Successfully imported: grn.grn_to_ap
2026-03-03 18:51:04,727 - ✅ Router found in: grn.grn_to_ap
2026-03-03 18:51:04,730 - ✅ Included YEN ERP: grn.grn_to_ap
2026-03-03 18:51:04,730 - 🟡 Attempting to import: grn.debitnote
2026-03-03 18:51:05,244 - ✅ Successfully imported: grn.debitnote
2026-03-03 18:51:05,244 - ✅ Router found in: grn.debitnote
2026-03-03 18:51:05,339 - ✅ Included YEN ERP: grn.debitnote
2026-03-03 18:51:05,340 - 🟡 Attempting to import: grn.grn_to_ap_outgoing
2026-03-03 18:51:05,655 - ✅ Successfully imported: grn.grn_to_ap_outgoing
2026-03-03 18:51:05,655 - ✅ Router found in: grn.grn_to_ap_outgoing
2026-03-03 18:51:05,658 - ✅ Included YEN ERP: grn.grn_to_ap_outgoing
2026-03-03 18:51:05,658 - 🟡 Attempting to import: grn.grn_to_po
2026-03-03 18:51:05,666 - ✅ Successfully imported: grn.grn_to_po
2026-03-03 18:51:05,666 - ✅ Router found in: grn.grn_to_po
2026-03-03 18:51:05,667 - ✅ Included YEN ERP: grn.grn_to_po
2026-03-03 18:51:05,667 - 🟡 Attempting to import: apinvoice.routes
2026-03-03 18:51:05,667 - ✅ Successfully imported: apinvoice.routes
2026-03-03 18:51:05,668 - ✅ Router found in: apinvoice.routes
2026-03-03 18:51:05,734 - ✅ Included YEN ERP: apinvoice.routes
2026-03-03 18:51:05,734 - 🟡 Attempting to import: apinvoice.ap_to_outgoing
2026-03-03 18:51:05,738 - ✅ Successfully imported: apinvoice.ap_to_outgoing
2026-03-03 18:51:05,738 - ✅ Router found in: apinvoice.ap_to_outgoing
2026-03-03 18:51:05,740 - ✅ Included YEN ERP: apinvoice.ap_to_outgoing
2026-03-03 18:51:05,740 - 🟡 Attempting to import: apinvoice.apReturned
2026-03-03 18:51:05,744 - ✅ Successfully imported: apinvoice.apReturned
2026-03-03 18:51:05,745 - ✅ Router found in: apinvoice.apReturned
2026-03-03 18:51:05,747 - ✅ Included YEN ERP: apinvoice.apReturned
2026-03-03 18:51:05,747 - 🟡 Attempting to import: outgoingPayment.routes
2026-03-03 18:51:05,747 - ✅ Successfully imported: outgoingPayment.routes
2026-03-03 18:51:05,747 - ✅ Router found in: outgoingPayment.routes
2026-03-03 18:51:05,834 - ✅ Included YEN ERP: outgoingPayment.routes
2026-03-03 18:51:05,834 - 🟡 Attempting to import: outgoingPayment.bulk_payment
2026-03-03 18:51:05,858 - ✅ Successfully imported: outgoingPayment.bulk_payment
2026-03-03 18:51:05,858 - ✅ Router found in: outgoingPayment.bulk_payment
2026-03-03 18:51:05,861 - ✅ Included YEN ERP: outgoingPayment.bulk_payment
2026-03-03 18:51:05,861 - 🟡 Attempting to import: outgoingPayment.vendor_ledger
2026-03-03 18:51:05,869 - ✅ Successfully imported: outgoingPayment.vendor_ledger
2026-03-03 18:51:05,869 - ✅ Router found in: outgoingPayment.vendor_ledger
2026-03-03 18:51:05,875 - ✅ Included YEN ERP: outgoingPayment.vendor_ledger
2026-03-03 18:51:05,875 - 🟡 Attempting to import: outgoingPayment.single_payment
2026-03-03 18:51:05,887 - ✅ Successfully imported: outgoingPayment.single_payment
2026-03-03 18:51:05,887 - ✅ Router found in: outgoingPayment.single_payment
2026-03-03 18:51:05,891 - ✅ Included YEN ERP: outgoingPayment.single_payment
2026-03-03 18:51:05,891 - 🟡 Attempting to import: outgoingPayment.payment_history
2026-03-03 18:51:05,912 - ✅ Successfully imported: outgoingPayment.payment_history
2026-03-03 18:51:05,912 - ✅ Router found in: outgoingPayment.payment_history
2026-03-03 18:51:05,920 - ✅ Included YEN ERP: outgoingPayment.payment_history
2026-03-03 18:51:05,920 - 🟡 Attempting to import: outgoingPayment.advance_routes
2026-03-03 18:51:05,955 - ✅ Successfully imported: outgoingPayment.advance_routes
2026-03-03 18:51:05,955 - ✅ Router found in: outgoingPayment.advance_routes
2026-03-03 18:51:05,974 - ✅ Included YEN ERP: outgoingPayment.advance_routes
2026-03-03 18:51:05,974 - 🟡 Attempting to import: Business.routes
2026-03-03 18:51:06,000 - ✅ Successfully imported: Business.routes
2026-03-03 18:51:06,001 - ✅ Router found in: Business.routes
2026-03-03 18:51:06,013 - ✅ Included YEN ERP: Business.routes
2026-03-03 18:51:06,013 - 🟡 Attempting to import: Personal.routes
2026-03-03 18:51:06,029 - ✅ Successfully imported: Personal.routes
2026-03-03 18:51:06,030 - ✅ Router found in: Personal.routes
2026-03-03 18:51:06,036 - ✅ Included YEN ERP: Personal.routes
2026-03-03 18:51:06,037 - 🟡 Attempting to import: shippingaddress.routes
2026-03-03 18:51:06,054 - ✅ Successfully imported: shippingaddress.routes
2026-03-03 18:51:06,055 - ✅ Router found in: shippingaddress.routes
2026-03-03 18:51:06,061 - ✅ Included YEN ERP: shippingaddress.routes
2026-03-03 18:51:06,061 - 🟡 Attempting to import: ItemGroup.routes
2026-03-03 18:51:06,086 - ✅ Successfully imported: ItemGroup.routes
2026-03-03 18:51:06,086 - ✅ Router found in: ItemGroup.routes
2026-03-03 18:51:06,103 - ✅ Included YEN ERP: ItemGroup.routes
2026-03-03 18:51:06,103 - 🟡 Attempting to import: FreightMaster.routes
2026-03-03 18:51:06,127 - ✅ Successfully imported: FreightMaster.routes
2026-03-03 18:51:06,127 - ✅ Router found in: FreightMaster.routes
2026-03-03 18:51:06,146 - ✅ Included YEN ERP: FreightMaster.routes
2026-03-03 18:51:06,146 - 🟡 Attempting to import: purchaseOrder.poimport
2026-03-03 18:51:07,231 - ✅ Successfully imported: purchaseOrder.poimport
2026-03-03 18:51:07,231 - ✅ Router found in: purchaseOrder.poimport
2026-03-03 18:51:07,241 - ✅ Included YEN ERP: purchaseOrder.poimport
2026-03-03 18:51:07,241 - 🟡 Attempting to import: ServiceOrder.routes
2026-03-03 18:51:07,336 - ✅ Successfully imported: ServiceOrder.routes
2026-03-03 18:51:07,336 - ✅ Router found in: ServiceOrder.routes
2026-03-03 18:51:07,372 - ✅ Included YEN ERP: ServiceOrder.routes
2026-03-03 18:51:07,372 - 🟡 Attempting to import: Service.serviceSummary
2026-03-03 18:51:07,378 - ✅ Successfully imported: Service.serviceSummary
2026-03-03 18:51:07,378 - ✅ Router found in: Service.serviceSummary
2026-03-03 18:51:07,382 - ✅ Included YEN ERP: Service.serviceSummary
2026-03-03 18:51:07,382 - 🟡 Attempting to import: ServiceOrder.servicelist
2026-03-03 18:51:07,396 - ✅ Successfully imported: ServiceOrder.servicelist
2026-03-03 18:51:07,396 - ✅ Router found in: ServiceOrder.servicelist
2026-03-03 18:51:07,410 - ✅ Included YEN ERP: ServiceOrder.servicelist
2026-03-03 18:51:07,411 - 🟡 Attempting to import: ServiceOrder.filterpatch
2026-03-03 18:51:07,418 - ✅ Successfully imported: ServiceOrder.filterpatch
2026-03-03 18:51:07,419 - ✅ Router found in: ServiceOrder.filterpatch
2026-03-03 18:51:07,425 - ✅ Included YEN ERP: ServiceOrder.filterpatch
2026-03-03 18:51:07,426 - 🟡 Attempting to import: ServiceOrder.service_ap_outgoing
2026-03-03 18:51:07,434 - ✅ Successfully imported: ServiceOrder.service_ap_outgoing
2026-03-03 18:51:07,435 - ✅ Router found in: ServiceOrder.service_ap_outgoing
2026-03-03 18:51:07,441 - ✅ Included YEN ERP: ServiceOrder.service_ap_outgoing
2026-03-03 18:56:02,470 - ✅ Main sync connection created
2026-03-03 18:56:17,838 - Tenant context set: 698d68b26e0e40f613847b0c -> purchasetest
2026-03-03 18:56:17,966 - ✅ Tenant 698d68b26e0e40f613847b0c sync DB: purchasetest
2026-03-03 18:56:18,915 - Tenant context set: 698d68b26e0e40f613847b0c -> purchasetest
2026-03-03 18:56:19,685 - Tenant context set: 698d68b26e0e40f613847b0c -> purchasetest
2026-03-03 18:58:33,142 - Tenant context set: 698d68b26e0e40f613847b0c -> purchasetest
2026-03-03 18:58:43,637 - Tenant context set: 698d68b26e0e40f613847b0c -> purchasetest
2026-03-03 18:58:43,937 - Tenant context set: 698d68b26e0e40f613847b0c -> purchasetest
2026-03-03 18:58:44,440 - Tenant context set: 698d68b26e0e40f613847b0c -> purchasetest
2026-03-03 18:58:44,737 - Tenant context set: 698d68b26e0e40f613847b0c -> purchasetest
2026-03-03 18:58:49,551 - Tenant context set: 698d68b26e0e40f613847b0c -> purchasetest
2026-03-03 18:59:03,438 - Tenant context set: 698d68b26e0e40f613847b0c -> purchasetest
2026-03-03 18:59:03,737 - Tenant context set: 698d68b26e0e40f613847b0c -> purchasetest
2026-03-03 18:59:04,237 - Tenant context set: 698d68b26e0e40f613847b0c -> purchasetest
2026-03-03 18:59:04,337 - Tenant context set: 698d68b26e0e40f613847b0c -> purchasetest
2026-03-03 19:01:30,450 - Tenant context set: 698d68b26e0e40f613847b0c -> purchasetest
2026-03-03 19:01:47,134 - Tenant context set: 698d68b26e0e40f613847b0c -> purchasetest
2026-03-03 19:01:47,232 - Tenant context set: 698d68b26e0e40f613847b0c -> purchasetest
2026-03-03 19:01:47,943 - Tenant context set: 698d68b26e0e40f613847b0c -> purchasetest
2026-03-03 19:01:48,331 - Tenant context set: 698d68b26e0e40f613847b0c -> purchasetest
2026-03-03 19:02:42,740 - Tenant context set: 698d68b26e0e40f613847b0c -> purchasetest
2026-03-03 19:02:43,032 - Tenant context set: 698d68b26e0e40f613847b0c -> purchasetest
2026-03-03 19:02:43,136 - Tenant context set: 698d68b26e0e40f613847b0c -> purchasetest
2026-03-03 19:02:43,253 - Tenant context set: 698d68b26e0e40f613847b0c -> purchasetest
2026-03-03 19:02:43,634 - Tenant context set: 698d68b26e0e40f613847b0c -> purchasetest
2026-03-03 19:02:43,733 - Tenant context set: 698d68b26e0e40f613847b0c -> purchasetest
2026-03-03 19:02:45,156 - Tenant context set: 698d68b26e0e40f613847b0c -> purchasetest
2026-03-03 19:02:45,733 - Tenant context set: 698d68b26e0e40f613847b0c -> purchasetest
2026-03-03 19:02:45,836 - Tenant context set: 698d68b26e0e40f613847b0c -> purchasetest
2026-03-03 19:02:46,233 - Tenant context set: 698d68b26e0e40f613847b0c -> purchasetest
2026-03-03 19:02:46,458 - Tenant context set: 698d68b26e0e40f613847b0c -> purchasetest
2026-03-03 19:02:46,645 - Tenant context set: 698d68b26e0e40f613847b0c -> purchasetest
2026-03-03 19:02:48,331 - Tenant context set: 698d68b26e0e40f613847b0c -> purchasetest
2026-03-03 19:02:48,541 - Tenant context set: 698d68b26e0e40f613847b0c -> purchasetest
2026-03-03 19:12:31,390 - ✅ Successfully imported: purchaseOrder.po_to_grn
2026-03-03 19:12:31,390 - ✅ Router found in: purchaseOrder.po_to_grn
2026-03-03 19:12:31,394 - ✅ Included YEN ERP: purchaseOrder.po_to_grn
2026-03-03 19:12:31,395 - 🟡 Attempting to import: purchaseOrder.grnConverted
2026-03-03 19:12:31,413 - ✅ Successfully imported: purchaseOrder.grnConverted
2026-03-03 19:12:31,413 - ✅ Router found in: purchaseOrder.grnConverted
2026-03-03 19:12:31,418 - ✅ Included YEN ERP: purchaseOrder.grnConverted
2026-03-03 19:12:31,418 - 🟡 Attempting to import: purchaseOrder.poedit
2026-03-03 19:12:31,420 - ✅ Successfully imported: purchaseOrder.poedit
2026-03-03 19:12:31,420 - ✅ Router found in: purchaseOrder.poedit
2026-03-03 19:12:31,422 - ✅ Included YEN ERP: purchaseOrder.poedit
2026-03-03 19:12:31,423 - 🟡 Attempting to import: purchaseOrder.freightfunction
2026-03-03 19:12:31,434 - ✅ Successfully imported: purchaseOrder.freightfunction
2026-03-03 19:12:31,434 - ✅ Router found in: purchaseOrder.freightfunction
2026-03-03 19:12:31,437 - ✅ Included YEN ERP: purchaseOrder.freightfunction
2026-03-03 19:12:31,437 - 🟡 Attempting to import: purchaseOrder.pending
2026-03-03 19:12:31,463 - ✅ Successfully imported: purchaseOrder.pending
2026-03-03 19:12:31,464 - ✅ Router found in: purchaseOrder.pending
2026-03-03 19:12:31,469 - ✅ Included YEN ERP: purchaseOrder.pending
2026-03-03 19:12:31,469 - 🟡 Attempting to import: grn.routes
2026-03-03 19:12:31,469 - ✅ Successfully imported: grn.routes
2026-03-03 19:12:31,469 - ✅ Router found in: grn.routes
2026-03-03 19:12:31,526 - ✅ Included YEN ERP: grn.routes
2026-03-03 19:12:31,527 - 🟡 Attempting to import: grn.return
2026-03-03 19:12:32,528 - ✅ Successfully imported: grn.return
2026-03-03 19:12:32,529 - ✅ Router found in: grn.return
2026-03-03 19:12:32,552 - ✅ Included YEN ERP: grn.return
2026-03-03 19:12:32,552 - 🟡 Attempting to import: grn.grn_to_ap
2026-03-03 19:12:32,834 - ✅ Successfully imported: grn.grn_to_ap
2026-03-03 19:12:32,834 - ✅ Router found in: grn.grn_to_ap
2026-03-03 19:12:32,840 - ✅ Included YEN ERP: grn.grn_to_ap
2026-03-03 19:12:32,840 - 🟡 Attempting to import: grn.debitnote
2026-03-03 19:12:33,650 - ✅ Successfully imported: grn.debitnote
2026-03-03 19:12:33,651 - ✅ Router found in: grn.debitnote
2026-03-03 19:12:33,683 - ✅ Included YEN ERP: grn.debitnote
2026-03-03 19:12:33,683 - 🟡 Attempting to import: grn.grn_to_ap_outgoing
2026-03-03 19:12:34,123 - ✅ Successfully imported: grn.grn_to_ap_outgoing
2026-03-03 19:12:34,123 - ✅ Router found in: grn.grn_to_ap_outgoing
2026-03-03 19:12:34,129 - ✅ Included YEN ERP: grn.grn_to_ap_outgoing
2026-03-03 19:12:34,130 - 🟡 Attempting to import: grn.grn_to_po
2026-03-03 19:12:34,137 - ✅ Successfully imported: grn.grn_to_po
2026-03-03 19:12:34,137 - ✅ Router found in: grn.grn_to_po
2026-03-03 19:12:34,139 - ✅ Included YEN ERP: grn.grn_to_po
2026-03-03 19:12:34,139 - 🟡 Attempting to import: apinvoice.routes
2026-03-03 19:12:34,140 - ✅ Successfully imported: apinvoice.routes
2026-03-03 19:12:34,140 - ✅ Router found in: apinvoice.routes
2026-03-03 19:12:34,232 - ✅ Included YEN ERP: apinvoice.routes
2026-03-03 19:12:34,232 - 🟡 Attempting to import: apinvoice.ap_to_outgoing
2026-03-03 19:12:34,238 - ✅ Successfully imported: apinvoice.ap_to_outgoing
2026-03-03 19:12:34,238 - ✅ Router found in: apinvoice.ap_to_outgoing
2026-03-03 19:12:34,242 - ✅ Included YEN ERP: apinvoice.ap_to_outgoing
2026-03-03 19:12:34,242 - 🟡 Attempting to import: apinvoice.apReturned
2026-03-03 19:12:34,247 - ✅ Successfully imported: apinvoice.apReturned
2026-03-03 19:12:34,247 - ✅ Router found in: apinvoice.apReturned
2026-03-03 19:12:34,251 - ✅ Included YEN ERP: apinvoice.apReturned
2026-03-03 19:12:34,251 - 🟡 Attempting to import: outgoingPayment.routes
2026-03-03 19:12:34,251 - ✅ Successfully imported: outgoingPayment.routes
2026-03-03 19:12:34,252 - ✅ Router found in: outgoingPayment.routes
2026-03-03 19:12:34,340 - ✅ Included YEN ERP: outgoingPayment.routes
2026-03-03 19:12:34,340 - 🟡 Attempting to import: outgoingPayment.bulk_payment
2026-03-03 19:12:34,367 - ✅ Successfully imported: outgoingPayment.bulk_payment
2026-03-03 19:12:34,367 - ✅ Router found in: outgoingPayment.bulk_payment
2026-03-03 19:12:34,372 - ✅ Included YEN ERP: outgoingPayment.bulk_payment
2026-03-03 19:12:34,372 - 🟡 Attempting to import: outgoingPayment.vendor_ledger
2026-03-03 19:12:34,384 - ✅ Successfully imported: outgoingPayment.vendor_ledger
2026-03-03 19:12:34,384 - ✅ Router found in: outgoingPayment.vendor_ledger
2026-03-03 19:12:34,395 - ✅ Included YEN ERP: outgoingPayment.vendor_ledger
2026-03-03 19:12:34,395 - 🟡 Attempting to import: outgoingPayment.single_payment
2026-03-03 19:12:34,417 - ✅ Successfully imported: outgoingPayment.single_payment
2026-03-03 19:12:34,417 - ✅ Router found in: outgoingPayment.single_payment
2026-03-03 19:12:34,422 - ✅ Included YEN ERP: outgoingPayment.single_payment
2026-03-03 19:12:34,422 - 🟡 Attempting to import: outgoingPayment.payment_history
2026-03-03 19:12:34,466 - ✅ Successfully imported: outgoingPayment.payment_history
2026-03-03 19:12:34,466 - ✅ Router found in: outgoingPayment.payment_history
2026-03-03 19:12:34,481 - ✅ Included YEN ERP: outgoingPayment.payment_history
2026-03-03 19:12:34,481 - 🟡 Attempting to import: outgoingPayment.advance_routes
2026-03-03 19:12:34,545 - ✅ Successfully imported: outgoingPayment.advance_routes
2026-03-03 19:12:34,545 - ✅ Router found in: outgoingPayment.advance_routes
2026-03-03 19:12:34,567 - ✅ Included YEN ERP: outgoingPayment.advance_routes
2026-03-03 19:12:34,567 - 🟡 Attempting to import: Business.routes
2026-03-03 19:12:34,599 - ✅ Successfully imported: Business.routes
2026-03-03 19:12:34,599 - ✅ Router found in: Business.routes
2026-03-03 19:12:34,617 - ✅ Included YEN ERP: Business.routes
2026-03-03 19:12:34,617 - 🟡 Attempting to import: Personal.routes
2026-03-03 19:12:34,637 - ✅ Successfully imported: Personal.routes
2026-03-03 19:12:34,637 - ✅ Router found in: Personal.routes
2026-03-03 19:12:34,650 - ✅ Included YEN ERP: Personal.routes
2026-03-03 19:12:34,650 - 🟡 Attempting to import: shippingaddress.routes
2026-03-03 19:12:34,672 - ✅ Successfully imported: shippingaddress.routes
2026-03-03 19:12:34,673 - ✅ Router found in: shippingaddress.routes
2026-03-03 19:12:34,684 - ✅ Included YEN ERP: shippingaddress.routes
2026-03-03 19:12:34,684 - 🟡 Attempting to import: ItemGroup.routes
2026-03-03 19:12:34,724 - ✅ Successfully imported: ItemGroup.routes
2026-03-03 19:12:34,724 - ✅ Router found in: ItemGroup.routes
2026-03-03 19:12:34,857 - ✅ Included YEN ERP: ItemGroup.routes
2026-03-03 19:12:34,857 - 🟡 Attempting to import: FreightMaster.routes
2026-03-03 19:12:34,932 - ✅ Successfully imported: FreightMaster.routes
2026-03-03 19:12:34,932 - ✅ Router found in: FreightMaster.routes
2026-03-03 19:12:34,970 - ✅ Included YEN ERP: FreightMaster.routes
2026-03-03 19:12:34,970 - 🟡 Attempting to import: purchaseOrder.poimport
2026-03-03 19:12:36,874 - ✅ Successfully imported: purchaseOrder.poimport
2026-03-03 19:12:36,874 - ✅ Router found in: purchaseOrder.poimport
2026-03-03 19:12:36,887 - ✅ Included YEN ERP: purchaseOrder.poimport
2026-03-03 19:12:36,887 - 🟡 Attempting to import: ServiceOrder.routes
2026-03-03 19:12:37,049 - ✅ Successfully imported: ServiceOrder.routes
2026-03-03 19:12:37,049 - ✅ Router found in: ServiceOrder.routes
2026-03-03 19:12:37,120 - ✅ Included YEN ERP: ServiceOrder.routes
2026-03-03 19:12:37,120 - 🟡 Attempting to import: Service.serviceSummary
2026-03-03 19:12:37,132 - ✅ Successfully imported: Service.serviceSummary
2026-03-03 19:12:37,133 - ✅ Router found in: Service.serviceSummary
2026-03-03 19:12:37,138 - ✅ Included YEN ERP: Service.serviceSummary
2026-03-03 19:12:37,138 - 🟡 Attempting to import: ServiceOrder.servicelist
2026-03-03 19:12:37,172 - ✅ Successfully imported: ServiceOrder.servicelist
2026-03-03 19:12:37,172 - ✅ Router found in: ServiceOrder.servicelist
2026-03-03 19:12:37,195 - ✅ Included YEN ERP: ServiceOrder.servicelist
2026-03-03 19:12:37,196 - 🟡 Attempting to import: ServiceOrder.filterpatch
2026-03-03 19:12:37,206 - ✅ Successfully imported: ServiceOrder.filterpatch
2026-03-03 19:12:37,207 - ✅ Router found in: ServiceOrder.filterpatch
2026-03-03 19:12:37,217 - ✅ Included YEN ERP: ServiceOrder.filterpatch
2026-03-03 19:12:37,217 - 🟡 Attempting to import: ServiceOrder.service_ap_outgoing
2026-03-03 19:12:37,231 - ✅ Successfully imported: ServiceOrder.service_ap_outgoing
2026-03-03 19:12:37,231 - ✅ Router found in: ServiceOrder.service_ap_outgoing
2026-03-03 19:12:37,238 - ✅ Included YEN ERP: ServiceOrder.service_ap_outgoing
2026-03-03 19:12:42,541 - ✅ Successfully imported: purchaseOrder.po_to_grn
2026-03-03 19:12:42,541 - ✅ Router found in: purchaseOrder.po_to_grn
2026-03-03 19:12:42,545 - ✅ Included YEN ERP: purchaseOrder.po_to_grn
2026-03-03 19:12:42,545 - 🟡 Attempting to import: purchaseOrder.grnConverted
2026-03-03 19:12:42,566 - ✅ Successfully imported: purchaseOrder.grnConverted
2026-03-03 19:12:42,566 - ✅ Router found in: purchaseOrder.grnConverted
2026-03-03 19:12:42,576 - ✅ Included YEN ERP: purchaseOrder.grnConverted
2026-03-03 19:12:42,576 - 🟡 Attempting to import: purchaseOrder.poedit
2026-03-03 19:12:42,579 - ✅ Successfully imported: purchaseOrder.poedit
2026-03-03 19:12:42,579 - ✅ Router found in: purchaseOrder.poedit
2026-03-03 19:12:42,582 - ✅ Included YEN ERP: purchaseOrder.poedit
2026-03-03 19:12:42,582 - 🟡 Attempting to import: purchaseOrder.freightfunction
2026-03-03 19:12:42,595 - ✅ Successfully imported: purchaseOrder.freightfunction
2026-03-03 19:12:42,595 - ✅ Router found in: purchaseOrder.freightfunction
2026-03-03 19:12:42,599 - ✅ Included YEN ERP: purchaseOrder.freightfunction
2026-03-03 19:12:42,599 - 🟡 Attempting to import: purchaseOrder.pending
2026-03-03 19:12:42,627 - ✅ Successfully imported: purchaseOrder.pending
2026-03-03 19:12:42,627 - ✅ Router found in: purchaseOrder.pending
2026-03-03 19:12:42,634 - ✅ Included YEN ERP: purchaseOrder.pending
2026-03-03 19:12:42,634 - 🟡 Attempting to import: grn.routes
2026-03-03 19:12:42,634 - ✅ Successfully imported: grn.routes
2026-03-03 19:12:42,634 - ✅ Router found in: grn.routes
2026-03-03 19:12:42,701 - ✅ Included YEN ERP: grn.routes
2026-03-03 19:12:42,701 - 🟡 Attempting to import: grn.return
2026-03-03 19:12:43,426 - ✅ Successfully imported: grn.return
2026-03-03 19:12:43,426 - ✅ Router found in: grn.return
2026-03-03 19:12:43,434 - ✅ Included YEN ERP: grn.return
2026-03-03 19:12:43,435 - 🟡 Attempting to import: grn.grn_to_ap
2026-03-03 19:12:43,541 - ✅ Successfully imported: grn.grn_to_ap
2026-03-03 19:12:43,541 - ✅ Router found in: grn.grn_to_ap
2026-03-03 19:12:43,544 - ✅ Included YEN ERP: grn.grn_to_ap
2026-03-03 19:12:43,544 - 🟡 Attempting to import: grn.debitnote
2026-03-03 19:12:43,830 - ✅ Successfully imported: grn.debitnote
2026-03-03 19:12:43,830 - ✅ Router found in: grn.debitnote
2026-03-03 19:12:43,852 - ✅ Included YEN ERP: grn.debitnote
2026-03-03 19:12:43,852 - 🟡 Attempting to import: grn.grn_to_ap_outgoing
2026-03-03 19:12:43,983 - ✅ Successfully imported: grn.grn_to_ap_outgoing
2026-03-03 19:12:43,983 - ✅ Router found in: grn.grn_to_ap_outgoing
2026-03-03 19:12:43,987 - ✅ Included YEN ERP: grn.grn_to_ap_outgoing
2026-03-03 19:12:43,988 - 🟡 Attempting to import: grn.grn_to_po
2026-03-03 19:12:43,992 - ✅ Successfully imported: grn.grn_to_po
2026-03-03 19:12:43,992 - ✅ Router found in: grn.grn_to_po
2026-03-03 19:12:43,993 - ✅ Included YEN ERP: grn.grn_to_po
2026-03-03 19:12:43,994 - 🟡 Attempting to import: apinvoice.routes
2026-03-03 19:12:43,994 - ✅ Successfully imported: apinvoice.routes
2026-03-03 19:12:43,994 - ✅ Router found in: apinvoice.routes
2026-03-03 19:12:44,043 - ✅ Included YEN ERP: apinvoice.routes
2026-03-03 19:12:44,043 - 🟡 Attempting to import: apinvoice.ap_to_outgoing
2026-03-03 19:12:44,047 - ✅ Successfully imported: apinvoice.ap_to_outgoing
2026-03-03 19:12:44,047 - ✅ Router found in: apinvoice.ap_to_outgoing
2026-03-03 19:12:44,049 - ✅ Included YEN ERP: apinvoice.ap_to_outgoing
2026-03-03 19:12:44,049 - 🟡 Attempting to import: apinvoice.apReturned
2026-03-03 19:12:44,052 - ✅ Successfully imported: apinvoice.apReturned
2026-03-03 19:12:44,053 - ✅ Router found in: apinvoice.apReturned
2026-03-03 19:12:44,055 - ✅ Included YEN ERP: apinvoice.apReturned
2026-03-03 19:12:44,055 - 🟡 Attempting to import: outgoingPayment.routes
2026-03-03 19:12:44,055 - ✅ Successfully imported: outgoingPayment.routes
2026-03-03 19:12:44,055 - ✅ Router found in: outgoingPayment.routes
2026-03-03 19:12:44,098 - ✅ Included YEN ERP: outgoingPayment.routes
2026-03-03 19:12:44,098 - 🟡 Attempting to import: outgoingPayment.bulk_payment
2026-03-03 19:12:44,113 - ✅ Successfully imported: outgoingPayment.bulk_payment
2026-03-03 19:12:44,113 - ✅ Router found in: outgoingPayment.bulk_payment
2026-03-03 19:12:44,115 - ✅ Included YEN ERP: outgoingPayment.bulk_payment
2026-03-03 19:12:44,116 - 🟡 Attempting to import: outgoingPayment.vendor_ledger
2026-03-03 19:12:44,123 - ✅ Successfully imported: outgoingPayment.vendor_ledger
2026-03-03 19:12:44,123 - ✅ Router found in: outgoingPayment.vendor_ledger
2026-03-03 19:12:44,128 - ✅ Included YEN ERP: outgoingPayment.vendor_ledger
2026-03-03 19:12:44,128 - 🟡 Attempting to import: outgoingPayment.single_payment
2026-03-03 19:12:44,135 - ✅ Successfully imported: outgoingPayment.single_payment
2026-03-03 19:12:44,136 - ✅ Router found in: outgoingPayment.single_payment
2026-03-03 19:12:44,138 - ✅ Included YEN ERP: outgoingPayment.single_payment
2026-03-03 19:12:44,138 - 🟡 Attempting to import: outgoingPayment.payment_history
2026-03-03 19:12:44,153 - ✅ Successfully imported: outgoingPayment.payment_history
2026-03-03 19:12:44,153 - ✅ Router found in: outgoingPayment.payment_history
2026-03-03 19:12:44,163 - ✅ Included YEN ERP: outgoingPayment.payment_history
2026-03-03 19:12:44,163 - 🟡 Attempting to import: outgoingPayment.advance_routes
2026-03-03 19:12:44,194 - ✅ Successfully imported: outgoingPayment.advance_routes
2026-03-03 19:12:44,194 - ✅ Router found in: outgoingPayment.advance_routes
2026-03-03 19:12:44,207 - ✅ Included YEN ERP: outgoingPayment.advance_routes
2026-03-03 19:12:44,207 - 🟡 Attempting to import: Business.routes
2026-03-03 19:12:44,226 - ✅ Successfully imported: Business.routes
2026-03-03 19:12:44,226 - ✅ Router found in: Business.routes
2026-03-03 19:12:44,237 - ✅ Included YEN ERP: Business.routes
2026-03-03 19:12:44,237 - 🟡 Attempting to import: Personal.routes
2026-03-03 19:12:44,249 - ✅ Successfully imported: Personal.routes
2026-03-03 19:12:44,249 - ✅ Router found in: Personal.routes
2026-03-03 19:12:44,256 - ✅ Included YEN ERP: Personal.routes
2026-03-03 19:12:44,256 - 🟡 Attempting to import: shippingaddress.routes
2026-03-03 19:12:44,268 - ✅ Successfully imported: shippingaddress.routes
2026-03-03 19:12:44,268 - ✅ Router found in: shippingaddress.routes
2026-03-03 19:12:44,277 - ✅ Included YEN ERP: shippingaddress.routes
2026-03-03 19:12:44,277 - 🟡 Attempting to import: ItemGroup.routes
2026-03-03 19:12:44,297 - ✅ Successfully imported: ItemGroup.routes
2026-03-03 19:12:44,297 - ✅ Router found in: ItemGroup.routes
2026-03-03 19:12:44,312 - ✅ Included YEN ERP: ItemGroup.routes
2026-03-03 19:12:44,312 - 🟡 Attempting to import: FreightMaster.routes
2026-03-03 19:12:44,335 - ✅ Successfully imported: FreightMaster.routes
2026-03-03 19:12:44,335 - ✅ Router found in: FreightMaster.routes
2026-03-03 19:12:44,352 - ✅ Included YEN ERP: FreightMaster.routes
2026-03-03 19:12:44,352 - 🟡 Attempting to import: purchaseOrder.poimport
2026-03-03 19:12:45,248 - ✅ Successfully imported: purchaseOrder.poimport
2026-03-03 19:12:45,249 - ✅ Router found in: purchaseOrder.poimport
2026-03-03 19:12:45,262 - ✅ Included YEN ERP: purchaseOrder.poimport
2026-03-03 19:12:45,262 - 🟡 Attempting to import: ServiceOrder.routes
2026-03-03 19:12:45,389 - ✅ Successfully imported: ServiceOrder.routes
2026-03-03 19:12:45,389 - ✅ Router found in: ServiceOrder.routes
2026-03-03 19:12:45,438 - ✅ Included YEN ERP: ServiceOrder.routes
2026-03-03 19:12:45,439 - 🟡 Attempting to import: Service.serviceSummary
2026-03-03 19:12:45,444 - ✅ Successfully imported: Service.serviceSummary
2026-03-03 19:12:45,444 - ✅ Router found in: Service.serviceSummary
2026-03-03 19:12:45,449 - ✅ Included YEN ERP: Service.serviceSummary
2026-03-03 19:12:45,449 - 🟡 Attempting to import: ServiceOrder.servicelist
2026-03-03 19:12:45,466 - ✅ Successfully imported: ServiceOrder.servicelist
2026-03-03 19:12:45,466 - ✅ Router found in: ServiceOrder.servicelist
2026-03-03 19:12:45,480 - ✅ Included YEN ERP: ServiceOrder.servicelist
2026-03-03 19:12:45,481 - 🟡 Attempting to import: ServiceOrder.filterpatch
2026-03-03 19:12:45,488 - ✅ Successfully imported: ServiceOrder.filterpatch
2026-03-03 19:12:45,488 - ✅ Router found in: ServiceOrder.filterpatch
2026-03-03 19:12:45,495 - ✅ Included YEN ERP: ServiceOrder.filterpatch
2026-03-03 19:12:45,495 - 🟡 Attempting to import: ServiceOrder.service_ap_outgoing
2026-03-03 19:12:45,503 - ✅ Successfully imported: ServiceOrder.service_ap_outgoing
2026-03-03 19:12:45,503 - ✅ Router found in: ServiceOrder.service_ap_outgoing
2026-03-03 19:12:45,511 - ✅ Included YEN ERP: ServiceOrder.service_ap_outgoing
2026-03-03 19:14:30,093 - ✅ Main sync connection created
2026-03-03 19:14:30,920 - Tenant context set: 698d68b26e0e40f613847b0c -> purchasetest
2026-03-03 19:14:31,030 - Tenant context set: 698d68b26e0e40f613847b0c -> purchasetest
2026-03-03 19:14:31,434 - ✅ Tenant 698d68b26e0e40f613847b0c sync DB: purchasetest
2026-03-03 19:14:32,225 - Tenant context set: 698d68b26e0e40f613847b0c -> purchasetest
2026-03-03 19:14:32,727 - Tenant context set: 698d68b26e0e40f613847b0c -> purchasetest
2026-03-03 19:14:33,440 - Tenant context set: 698d68b26e0e40f613847b0c -> purchasetest
2026-03-03 19:14:33,732 - Tenant context set: 698d68b26e0e40f613847b0c -> purchasetest
2026-03-03 19:14:33,821 - Tenant context set: 698d68b26e0e40f613847b0c -> purchasetest
2026-03-03 19:14:34,529 - Tenant context set: 698d68b26e0e40f613847b0c -> purchasetest
2026-03-03 19:14:34,926 - Tenant context set: 698d68b26e0e40f613847b0c -> purchasetest
2026-03-03 19:14:35,024 - Tenant context set: 698d68b26e0e40f613847b0c -> purchasetest
2026-03-03 19:14:35,224 - Tenant context set: 698d68b26e0e40f613847b0c -> purchasetest
2026-03-03 19:14:35,829 - Tenant context set: 698d68b26e0e40f613847b0c -> purchasetest
2026-03-03 19:14:37,721 - Tenant context set: 698d68b26e0e40f613847b0c -> purchasetest
2026-03-03 19:14:38,021 - Tenant context set: 698d68b26e0e40f613847b0c -> purchasetest
2026-03-03 19:15:03,536 - Tenant context set: 698d68b26e0e40f613847b0c -> purchasetest
2026-03-03 19:15:03,921 - Tenant context set: 698d68b26e0e40f613847b0c -> purchasetest
2026-03-03 19:15:04,130 - Tenant context set: 698d68b26e0e40f613847b0c -> purchasetest
2026-03-03 19:15:04,236 - Tenant context set: 698d68b26e0e40f613847b0c -> purchasetest
2026-03-03 19:15:04,722 - Tenant context set: 698d68b26e0e40f613847b0c -> purchasetest
2026-03-03 19:15:06,328 - Tenant context set: 698d68b26e0e40f613847b0c -> purchasetest
2026-03-03 19:15:06,627 - Tenant context set: 698d68b26e0e40f613847b0c -> purchasetest
2026-03-03 19:15:06,937 - Tenant context set: 698d68b26e0e40f613847b0c -> purchasetest
2026-03-03 19:15:20,127 - Tenant context set: 698d68b26e0e40f613847b0c -> purchasetest
2026-03-03 19:15:21,662 - ✅ Inventory connection created
2026-03-03 19:15:23,334 - Tenant context set: 698d68b26e0e40f613847b0c -> purchasetest
2026-03-03 19:15:42,434 - Tenant context set: 698d68b26e0e40f613847b0c -> purchasetest
2026-03-03 19:15:42,822 - Tenant context set: 698d68b26e0e40f613847b0c -> purchasetest
2026-03-03 19:15:42,925 - Tenant context set: 698d68b26e0e40f613847b0c -> purchasetest
2026-03-03 19:15:43,527 - Tenant context set: 698d68b26e0e40f613847b0c -> purchasetest
2026-03-03 19:15:43,832 - Tenant context set: 698d68b26e0e40f613847b0c -> purchasetest
2026-03-03 19:15:43,947 - Tenant context set: 698d68b26e0e40f613847b0c -> purchasetest
2026-03-03 19:15:44,839 - Full MongoDB query: {'status': {'$in': ['Active', 'active', 'Partially Returned', 'PartiallyReturned']}}
2026-03-03 19:15:44,930 - Raw total matching GRNs: 26
2026-03-03 19:15:45,434 - Fetched 26 raw GRNs from cursor
2026-03-03 19:15:45,649 - GRN 69a55dc001f46a13838de527: vendorName raw='SHRI MURUGU ECO PRODUCTS', stripped='SHRI MURUGU ECO PRODUCTS', filter='None'
2026-03-03 19:15:45,650 - Matched GRN 69a55dc001f46a13838de527: vendorName='SHRI MURUGU ECO PRODUCTS'
2026-03-03 19:15:45,663 - GRN 69a5591b77c7901bdec2c03d: vendorName raw='SHRI MURUGU ECO PRODUCTS', stripped='SHRI MURUGU ECO PRODUCTS', filter='None'
2026-03-03 19:15:45,664 - Matched GRN 69a5591b77c7901bdec2c03d: vendorName='SHRI MURUGU ECO PRODUCTS'
2026-03-03 19:15:45,664 - GRN 69a186ea949dd5b1b7486e4d: vendorName raw='SRINIVAS COLOUR PACK', stripped='SRINIVAS COLOUR PACK', filter='None'
2026-03-03 19:15:45,665 - Matched GRN 69a186ea949dd5b1b7486e4d: vendorName='SRINIVAS COLOUR PACK'
2026-03-03 19:15:45,665 - GRN 69a135c5a9765cd70cbb736b: vendorName raw='SS AGENCY', stripped='SS AGENCY', filter='None'
2026-03-03 19:15:45,665 - Matched GRN 69a135c5a9765cd70cbb736b: vendorName='SS AGENCY'
2026-03-03 19:15:45,667 - GRN 699d99d56a6f9d358c97d8f5: vendorName raw='SRI BALAJI TRADERS', stripped='SRI BALAJI TRADERS', filter='None'
2026-03-03 19:15:45,667 - Matched GRN 699d99d56a6f9d358c97d8f5: vendorName='SRI BALAJI TRADERS'
2026-03-03 19:15:45,667 - GRN 699d915b6a6f9d358c97d8ea: vendorName raw='HANISH FOODS SHOP', stripped='HANISH FOODS SHOP', filter='None'
2026-03-03 19:15:45,668 - Matched GRN 699d915b6a6f9d358c97d8ea: vendorName='HANISH FOODS SHOP'
2026-03-03 19:15:45,668 - GRN 699d91386a6f9d358c97d8e6: vendorName raw='HANISH FOODS SHOP', stripped='HANISH FOODS SHOP', filter='None'
2026-03-03 19:15:45,668 - Matched GRN 699d91386a6f9d358c97d8e6: vendorName='HANISH FOODS SHOP'
2026-03-03 19:15:45,669 - GRN 699d8e0c9f900005f1e3c18e: vendorName raw='MAHIDARSHAN DAIRY FARM', stripped='MAHIDARSHAN DAIRY FARM', filter='None'
2026-03-03 19:15:45,669 - Matched GRN 699d8e0c9f900005f1e3c18e: vendorName='MAHIDARSHAN DAIRY FARM'
2026-03-03 19:15:45,669 - GRN 699d8dd39f900005f1e3c188: vendorName raw='MAHIDARSHAN DAIRY FARM', stripped='MAHIDARSHAN DAIRY FARM', filter='None'
2026-03-03 19:15:45,669 - Matched GRN 699d8dd39f900005f1e3c188: vendorName='MAHIDARSHAN DAIRY FARM'
2026-03-03 19:15:45,670 - GRN 699bfc4463679f169b7ef568: vendorName raw='MURUGAN STORE', stripped='MURUGAN STORE', filter='None'
2026-03-03 19:15:45,670 - Matched GRN 699bfc4463679f169b7ef568: vendorName='MURUGAN STORE'
2026-03-03 19:15:45,671 - GRN 699991b68c3eb2c19a18ef01: vendorName raw='NAMMAKADAI', stripped='NAMMAKADAI', filter='None'
2026-03-03 19:15:45,671 - Matched GRN 699991b68c3eb2c19a18ef01: vendorName='NAMMAKADAI'
2026-03-03 19:15:45,673 - GRN 69980a50167dfac83f79cef5: vendorName raw='RAJ PRINTING SOLUTION', stripped='RAJ PRINTING SOLUTION', filter='None'
2026-03-03 19:15:45,673 - Matched GRN 69980a50167dfac83f79cef5: vendorName='RAJ PRINTING SOLUTION'
2026-03-03 19:15:45,673 - GRN 6996b5ba29a5f78e456adaac: vendorName raw='SRI JANANI AGENCIES', stripped='SRI JANANI AGENCIES', filter='None'
2026-03-03 19:15:45,673 - Matched GRN 6996b5ba29a5f78e456adaac: vendorName='SRI JANANI AGENCIES'
2026-03-03 19:15:45,674 - GRN 6996b59629a5f78e456adaa1: vendorName raw='SRI JANANI AGENCIES', stripped='SRI JANANI AGENCIES', filter='None'
2026-03-03 19:15:45,674 - Matched GRN 6996b59629a5f78e456adaa1: vendorName='SRI JANANI AGENCIES'
2026-03-03 19:15:45,676 - GRN 6996b2e829a5f78e456ada8e: vendorName raw='SRI JANANI AGENCIES', stripped='SRI JANANI AGENCIES', filter='None'
2026-03-03 19:15:45,677 - Matched GRN 6996b2e829a5f78e456ada8e: vendorName='SRI JANANI AGENCIES'
2026-03-03 19:15:45,678 - GRN 6996aee74c33ae4c560a6466: vendorName raw='SRI JANANI AGENCIES', stripped='SRI JANANI AGENCIES', filter='None'
2026-03-03 19:15:45,679 - Matched GRN 6996aee74c33ae4c560a6466: vendorName='SRI JANANI AGENCIES'
2026-03-03 19:15:45,680 - GRN 6996a25cd099fcddeb14359e: vendorName raw='SRI JANANI AGENCIES', stripped='SRI JANANI AGENCIES', filter='None'
2026-03-03 19:15:45,680 - Matched GRN 6996a25cd099fcddeb14359e: vendorName='SRI JANANI AGENCIES'
2026-03-03 19:15:45,681 - GRN 6996a024d099fcddeb143598: vendorName raw='SRI JANANI AGENCIES', stripped='SRI JANANI AGENCIES', filter='None'
2026-03-03 19:15:45,681 - Matched GRN 6996a024d099fcddeb143598: vendorName='SRI JANANI AGENCIES'
2026-03-03 19:15:45,681 - GRN 69969afa63eff5b997ff6b98: vendorName raw='SRI JANANI AGENCIES', stripped='SRI JANANI AGENCIES', filter='None'
2026-03-03 19:15:45,681 - Matched GRN 69969afa63eff5b997ff6b98: vendorName='SRI JANANI AGENCIES'
2026-03-03 19:15:45,681 - GRN 69969a0263eff5b997ff6b92: vendorName raw='SRI JANANI AGENCIES', stripped='SRI JANANI AGENCIES', filter='None'
2026-03-03 19:15:45,683 - Matched GRN 69969a0263eff5b997ff6b92: vendorName='SRI JANANI AGENCIES'
2026-03-03 19:15:45,683 - GRN 6996978063eff5b997ff6b84: vendorName raw='SRI JANANI AGENCIES', stripped='SRI JANANI AGENCIES', filter='None'
2026-03-03 19:15:45,684 - Matched GRN 6996978063eff5b997ff6b84: vendorName='SRI JANANI AGENCIES'
2026-03-03 19:15:45,685 - GRN 6995afb6449649e8663db557: vendorName raw='SRI JANANI AGENCIES', stripped='SRI JANANI AGENCIES', filter='None'
2026-03-03 19:15:45,685 - Matched GRN 6995afb6449649e8663db557: vendorName='SRI JANANI AGENCIES'
2026-03-03 19:15:45,685 - GRN 6995ae2f449649e8663db53f: vendorName raw='ARR AGENCIES', stripped='ARR AGENCIES', filter='None'
2026-03-03 19:15:45,685 - Matched GRN 6995ae2f449649e8663db53f: vendorName='ARR AGENCIES'
2026-03-03 19:15:45,685 - GRN 69944345ddbb591e2d47c124: vendorName raw='MURUGAN STORE', stripped='MURUGAN STORE', filter='None'
2026-03-03 19:15:45,685 - Matched GRN 69944345ddbb591e2d47c124: vendorName='MURUGAN STORE'
2026-03-03 19:15:45,685 - GRN 6992d97d826cd1300a5f0cce: vendorName raw='SRI JANANI AGENCIES', stripped='SRI JANANI AGENCIES', filter='None'
2026-03-03 19:15:45,686 - Matched GRN 6992d97d826cd1300a5f0cce: vendorName='SRI JANANI AGENCIES'
2026-03-03 19:15:45,686 - GRN 69943ef3f3254ba5acb94d26: vendorName raw='HANISH FOODS SHOP', stripped='HANISH FOODS SHOP', filter='None'
2026-03-03 19:15:45,686 - Matched GRN 69943ef3f3254ba5acb94d26: vendorName='HANISH FOODS SHOP'
2026-03-03 19:15:45,686 - Final filtered GRNs: 26 (skipped: 0 total fetched: 26)
2026-03-03 19:15:45,832 - Tenant context set: 698d68b26e0e40f613847b0c -> purchasetest
2026-03-03 19:15:46,134 - Tenant context set: 698d68b26e0e40f613847b0c -> purchasetest
2026-03-03 19:15:46,227 - Tenant context set: 698d68b26e0e40f613847b0c -> purchasetest
2026-03-03 19:15:46,527 - Tenant context set: 698d68b26e0e40f613847b0c -> purchasetest
2026-03-03 19:15:46,934 - Full MongoDB query: {'status': {'$in': ['Active', 'active', 'Partially Returned', 'PartiallyReturned']}}
2026-03-03 19:15:47,027 - Raw total matching GRNs: 26
2026-03-03 19:15:47,556 - Fetched 26 raw GRNs from cursor
2026-03-03 19:15:47,830 - GRN 69a55dc001f46a13838de527: vendorName raw='SHRI MURUGU ECO PRODUCTS', stripped='SHRI MURUGU ECO PRODUCTS', filter='None'
2026-03-03 19:15:47,830 - Matched GRN 69a55dc001f46a13838de527: vendorName='SHRI MURUGU ECO PRODUCTS'
2026-03-03 19:15:47,831 - GRN 69a5591b77c7901bdec2c03d: vendorName raw='SHRI MURUGU ECO PRODUCTS', stripped='SHRI MURUGU ECO PRODUCTS', filter='None'
2026-03-03 19:15:47,831 - Matched GRN 69a5591b77c7901bdec2c03d: vendorName='SHRI MURUGU ECO PRODUCTS'
2026-03-03 19:15:47,831 - GRN 69a186ea949dd5b1b7486e4d: vendorName raw='SRINIVAS COLOUR PACK', stripped='SRINIVAS COLOUR PACK', filter='None'
2026-03-03 19:15:47,831 - Matched GRN 69a186ea949dd5b1b7486e4d: vendorName='SRINIVAS COLOUR PACK'
2026-03-03 19:15:47,831 - GRN 69a135c5a9765cd70cbb736b: vendorName raw='SS AGENCY', stripped='SS AGENCY', filter='None'
2026-03-03 19:15:47,831 - Matched GRN 69a135c5a9765cd70cbb736b: vendorName='SS AGENCY'
2026-03-03 19:15:47,832 - GRN 699d99d56a6f9d358c97d8f5: vendorName raw='SRI BALAJI TRADERS', stripped='SRI BALAJI TRADERS', filter='None'
2026-03-03 19:15:47,832 - Matched GRN 699d99d56a6f9d358c97d8f5: vendorName='SRI BALAJI TRADERS'
2026-03-03 19:15:47,832 - GRN 699d915b6a6f9d358c97d8ea: vendorName raw='HANISH FOODS SHOP', stripped='HANISH FOODS SHOP', filter='None'
2026-03-03 19:15:47,832 - Matched GRN 699d915b6a6f9d358c97d8ea: vendorName='HANISH FOODS SHOP'
2026-03-03 19:15:47,832 - GRN 699d91386a6f9d358c97d8e6: vendorName raw='HANISH FOODS SHOP', stripped='HANISH FOODS SHOP', filter='None'
2026-03-03 19:15:47,832 - Matched GRN 699d91386a6f9d358c97d8e6: vendorName='HANISH FOODS SHOP'
2026-03-03 19:15:47,832 - GRN 699d8e0c9f900005f1e3c18e: vendorName raw='MAHIDARSHAN DAIRY FARM', stripped='MAHIDARSHAN DAIRY FARM', filter='None'
2026-03-03 19:15:47,832 - Matched GRN 699d8e0c9f900005f1e3c18e: vendorName='MAHIDARSHAN DAIRY FARM'
2026-03-03 19:15:47,833 - GRN 699d8dd39f900005f1e3c188: vendorName raw='MAHIDARSHAN DAIRY FARM', stripped='MAHIDARSHAN DAIRY FARM', filter='None'
2026-03-03 19:15:47,833 - Matched GRN 699d8dd39f900005f1e3c188: vendorName='MAHIDARSHAN DAIRY FARM'
2026-03-03 19:15:47,833 - GRN 699bfc4463679f169b7ef568: vendorName raw='MURUGAN STORE', stripped='MURUGAN STORE', filter='None'
2026-03-03 19:15:47,833 - Matched GRN 699bfc4463679f169b7ef568: vendorName='MURUGAN STORE'
2026-03-03 19:15:47,833 - GRN 699991b68c3eb2c19a18ef01: vendorName raw='NAMMAKADAI', stripped='NAMMAKADAI', filter='None'
2026-03-03 19:15:47,833 - Matched GRN 699991b68c3eb2c19a18ef01: vendorName='NAMMAKADAI'
2026-03-03 19:15:47,835 - GRN 69980a50167dfac83f79cef5: vendorName raw='RAJ PRINTING SOLUTION', stripped='RAJ PRINTING SOLUTION', filter='None'
2026-03-03 19:15:47,835 - Matched GRN 69980a50167dfac83f79cef5: vendorName='RAJ PRINTING SOLUTION'
2026-03-03 19:15:47,835 - GRN 6996b5ba29a5f78e456adaac: vendorName raw='SRI JANANI AGENCIES', stripped='SRI JANANI AGENCIES', filter='None'
2026-03-03 19:15:47,836 - Matched GRN 6996b5ba29a5f78e456adaac: vendorName='SRI JANANI AGENCIES'
2026-03-03 19:15:47,836 - GRN 6996b59629a5f78e456adaa1: vendorName raw='SRI JANANI AGENCIES', stripped='SRI JANANI AGENCIES', filter='None'
2026-03-03 19:15:47,836 - Matched GRN 6996b59629a5f78e456adaa1: vendorName='SRI JANANI AGENCIES'
2026-03-03 19:15:47,836 - GRN 6996b2e829a5f78e456ada8e: vendorName raw='SRI JANANI AGENCIES', stripped='SRI JANANI AGENCIES', filter='None'
2026-03-03 19:15:47,836 - Matched GRN 6996b2e829a5f78e456ada8e: vendorName='SRI JANANI AGENCIES'
2026-03-03 19:15:47,836 - GRN 6996aee74c33ae4c560a6466: vendorName raw='SRI JANANI AGENCIES', stripped='SRI JANANI AGENCIES', filter='None'
2026-03-03 19:15:47,836 - Matched GRN 6996aee74c33ae4c560a6466: vendorName='SRI JANANI AGENCIES'
2026-03-03 19:15:47,837 - GRN 6996a25cd099fcddeb14359e: vendorName raw='SRI JANANI AGENCIES', stripped='SRI JANANI AGENCIES', filter='None'
2026-03-03 19:15:47,837 - Matched GRN 6996a25cd099fcddeb14359e: vendorName='SRI JANANI AGENCIES'
2026-03-03 19:15:47,837 - GRN 6996a024d099fcddeb143598: vendorName raw='SRI JANANI AGENCIES', stripped='SRI JANANI AGENCIES', filter='None'
2026-03-03 19:15:47,837 - Matched GRN 6996a024d099fcddeb143598: vendorName='SRI JANANI AGENCIES'
2026-03-03 19:15:47,837 - GRN 69969afa63eff5b997ff6b98: vendorName raw='SRI JANANI AGENCIES', stripped='SRI JANANI AGENCIES', filter='None'
2026-03-03 19:15:47,837 - Matched GRN 69969afa63eff5b997ff6b98: vendorName='SRI JANANI AGENCIES'
2026-03-03 19:15:47,837 - GRN 69969a0263eff5b997ff6b92: vendorName raw='SRI JANANI AGENCIES', stripped='SRI JANANI AGENCIES', filter='None'
2026-03-03 19:15:47,838 - Matched GRN 69969a0263eff5b997ff6b92: vendorName='SRI JANANI AGENCIES'
2026-03-03 19:15:47,838 - GRN 6996978063eff5b997ff6b84: vendorName raw='SRI JANANI AGENCIES', stripped='SRI JANANI AGENCIES', filter='None'
2026-03-03 19:15:47,838 - Matched GRN 6996978063eff5b997ff6b84: vendorName='SRI JANANI AGENCIES'
2026-03-03 19:15:47,838 - GRN 6995afb6449649e8663db557: vendorName raw='SRI JANANI AGENCIES', stripped='SRI JANANI AGENCIES', filter='None'
2026-03-03 19:15:47,838 - Matched GRN 6995afb6449649e8663db557: vendorName='SRI JANANI AGENCIES'
2026-03-03 19:15:47,838 - GRN 6995ae2f449649e8663db53f: vendorName raw='ARR AGENCIES', stripped='ARR AGENCIES', filter='None'
2026-03-03 19:15:47,838 - Matched GRN 6995ae2f449649e8663db53f: vendorName='ARR AGENCIES'
2026-03-03 19:15:47,839 - GRN 69944345ddbb591e2d47c124: vendorName raw='MURUGAN STORE', stripped='MURUGAN STORE', filter='None'
2026-03-03 19:15:47,839 - Matched GRN 69944345ddbb591e2d47c124: vendorName='MURUGAN STORE'
2026-03-03 19:15:47,839 - GRN 6992d97d826cd1300a5f0cce: vendorName raw='SRI JANANI AGENCIES', stripped='SRI JANANI AGENCIES', filter='None'
2026-03-03 19:15:47,839 - Matched GRN 6992d97d826cd1300a5f0cce: vendorName='SRI JANANI AGENCIES'
2026-03-03 19:15:47,839 - GRN 69943ef3f3254ba5acb94d26: vendorName raw='HANISH FOODS SHOP', stripped='HANISH FOODS SHOP', filter='None'
2026-03-03 19:15:47,839 - Matched GRN 69943ef3f3254ba5acb94d26: vendorName='HANISH FOODS SHOP'
2026-03-03 19:15:47,839 - Final filtered GRNs: 26 (skipped: 0 total fetched: 26)
2026-03-03 19:16:11,240 - Tenant context set: 698d68b26e0e40f613847b0c -> purchasetest
2026-03-03 19:16:11,629 - ====================================================================================================
2026-03-03 19:16:11,630 - 🔄 INITIATING GRN REVERT - GRN ID: 69a55dc001f46a13838de527
2026-03-03 19:16:11,631 - Associated PO ID: 69a55396b219fc3140be4443
2026-03-03 19:16:11,631 - ====================================================================================================
2026-03-03 19:16:11,631 - GRN_REVERT_START|grn_id=69a55dc001f46a13838de527|po_id=69a55396b219fc3140be4443
2026-03-03 19:16:11,645 - Reversed GRN for item 69a55396b219fc3140be4442: totalReceivedQuantity now 0.00, pending 15.00, expiryDate cleared
2026-03-03 19:16:11,645 - PO_ITEM_REVERT|item_id=69a55396b219fc3140be4442|randomId=PI1218|qty_removed=7.00|new_total=0.00
2026-03-03 19:16:11,651 - ✅ Step 1: PO items updated - 1 items reversed
2026-03-03 19:16:11,654 - ====================================================================================================
2026-03-03 19:16:11,654 - STOCK UPDATE - REVERT (SUBTRACT)
2026-03-03 19:16:11,654 - Timestamp: 2026-03-03 19:16:11.653930+05:30
2026-03-03 19:16:11,654 - Total items to process: 1
2026-03-03 19:16:11,654 - ====================================================================================================
2026-03-03 19:16:11,654 - 
--- Processing Item 1/1 ---
2026-03-03 19:16:11,654 - Item RandomId: PI1218
2026-03-03 19:16:11,654 - Item Name: AMUL CHEESE SILCES 100 GM
2026-03-03 19:16:11,654 - Location: WH001
2026-03-03 19:16:11,656 - Quantity Change: -7.00 (SUBTRACT 7.0)
2026-03-03 19:16:11,838 - Item Master Stock Calculation: 51.00 + (-7.00) = 44.00
2026-03-03 19:16:12,044 - ✅ PURCHASEITEM UPDATED - Total Stock: 51.00 -> 44.00 (Change: -7.00)
2026-03-03 19:16:12,124 - ⚠️ No existing inventory record for location WH001. Creating with 0 stock.
2026-03-03 19:16:12,225 - ✅ INVENTORY CREATED for Location WH001 with stock: 0.00
2026-03-03 19:16:12,234 - ====================================================================================================
📊 STOCK UPDATE COMPLETE SUMMARY
====================================================================================================
Operation Type: REVERT (SUBTRACT)
Total Items Processed: 1
Successful: 1
Failed: 0

📦 PURCHASEITEM UPDATES (Item Master):
   - Total Stock Updates: 1

📍 INVENTORY UPDATES (Location-Based):
   - Location Updates: 0
   - Location Creates: 1
   - Errors: 0
====================================================================================================
2026-03-03 19:16:12,234 - ✅ Step 2: Stock quantities reversed in purchaseitem and inventory
2026-03-03 19:16:12,234 -    - PurchaseItem updates: 1
2026-03-03 19:16:12,234 -    - Inventory updates: 0
2026-03-03 19:16:12,234 -    - Inventory creates: 1
2026-03-03 19:16:12,239 - ✅ Step 3: PO totals recalculated
2026-03-03 19:16:12,258 - ✅ Step 4: Status determined - PO Status: Approved, Item Status: Pending
2026-03-03 19:16:12,531 - ✅ Step 5: GRN marked as reverted with canBeReUpdated=True
2026-03-03 19:16:12,721 - ✅ Step 6: PO updated successfully
2026-03-03 19:16:12,722 - 
====================================================================================================
✅ GRN REVERT COMPLETED SUCCESSFULLY
====================================================================================================
GRN ID: 69a55dc001f46a13838de527
PO ID: 69a55396b219fc3140be4443
New PO Status: Approved
Items Reversed: 1
Stock Updates:
  - PurchaseItem Updates: 1
  - Inventory Updates: 0
  - Inventory Creates: 1
Total Order Amount: 0.00
Pending Order Amount: 1131.64
Can Be Re-Updated: True
====================================================================================================
        
2026-03-03 19:16:12,722 - GRN_REVERT_COMPLETE|grn_id=69a55dc001f46a13838de527|po_id=69a55396b219fc3140be4443|status=Approved|items_reversed=1|stock_updates={'success': True, 'totalProcessed': 1, 'successful': 1, 'failed': 0, 'items': [{'randomId': 'PI1218', 'itemName': 'AMUL CHEESE SILCES 100 GM', 'stockChange': -7.0, 'newStock': 44.0, 'locationStockChange': 0, 'newLocationStock': 0, 'locationId': 'WH001', 'priceUpdated': False, 'status': 'success', 'reason': None}], 'timestamp': '2026-03-03T19:16:11.653930+05:30', 'purchaseitem_updates': 1, 'inventory_updates': 0, 'inventory_creates': 1, 'errors': 0}
2026-03-03 19:16:12,739 - GRN_REVERT|grn_id=69a55dc001f46a13838de527|po_id=69a55396b219fc3140be4443|timestamp=2026-03-03 19:16:12.259309+05:30
2026-03-03 19:16:13,525 - Tenant context set: 698d68b26e0e40f613847b0c -> purchasetest
2026-03-03 19:16:13,929 - Full MongoDB query: {'status': {'$in': ['Active', 'active', 'Partially Returned', 'PartiallyReturned']}}
2026-03-03 19:16:14,022 - Raw total matching GRNs: 25
2026-03-03 19:16:14,446 - Fetched 25 raw GRNs from cursor
2026-03-03 19:16:14,633 - GRN 69a5591b77c7901bdec2c03d: vendorName raw='SHRI MURUGU ECO PRODUCTS', stripped='SHRI MURUGU ECO PRODUCTS', filter='None'
2026-03-03 19:16:14,633 - Matched GRN 69a5591b77c7901bdec2c03d: vendorName='SHRI MURUGU ECO PRODUCTS'
2026-03-03 19:16:14,633 - GRN 69a186ea949dd5b1b7486e4d: vendorName raw='SRINIVAS COLOUR PACK', stripped='SRINIVAS COLOUR PACK', filter='None'
2026-03-03 19:16:14,634 - Matched GRN 69a186ea949dd5b1b7486e4d: vendorName='SRINIVAS COLOUR PACK'
2026-03-03 19:16:14,634 - GRN 69a135c5a9765cd70cbb736b: vendorName raw='SS AGENCY', stripped='SS AGENCY', filter='None'
2026-03-03 19:16:14,635 - Matched GRN 69a135c5a9765cd70cbb736b: vendorName='SS AGENCY'
2026-03-03 19:16:14,635 - GRN 699d99d56a6f9d358c97d8f5: vendorName raw='SRI BALAJI TRADERS', stripped='SRI BALAJI TRADERS', filter='None'
2026-03-03 19:16:14,635 - Matched GRN 699d99d56a6f9d358c97d8f5: vendorName='SRI BALAJI TRADERS'
2026-03-03 19:16:14,635 - GRN 699d915b6a6f9d358c97d8ea: vendorName raw='HANISH FOODS SHOP', stripped='HANISH FOODS SHOP', filter='None'
2026-03-03 19:16:14,635 - Matched GRN 699d915b6a6f9d358c97d8ea: vendorName='HANISH FOODS SHOP'
2026-03-03 19:16:14,635 - GRN 699d91386a6f9d358c97d8e6: vendorName raw='HANISH FOODS SHOP', stripped='HANISH FOODS SHOP', filter='None'
2026-03-03 19:16:14,635 - Matched GRN 699d91386a6f9d358c97d8e6: vendorName='HANISH FOODS SHOP'
2026-03-03 19:16:14,635 - GRN 699d8e0c9f900005f1e3c18e: vendorName raw='MAHIDARSHAN DAIRY FARM', stripped='MAHIDARSHAN DAIRY FARM', filter='None'
2026-03-03 19:16:14,635 - Matched GRN 699d8e0c9f900005f1e3c18e: vendorName='MAHIDARSHAN DAIRY FARM'
2026-03-03 19:16:14,635 - GRN 699d8dd39f900005f1e3c188: vendorName raw='MAHIDARSHAN DAIRY FARM', stripped='MAHIDARSHAN DAIRY FARM', filter='None'
2026-03-03 19:16:14,636 - Matched GRN 699d8dd39f900005f1e3c188: vendorName='MAHIDARSHAN DAIRY FARM'
2026-03-03 19:16:14,636 - GRN 699bfc4463679f169b7ef568: vendorName raw='MURUGAN STORE', stripped='MURUGAN STORE', filter='None'
2026-03-03 19:16:14,636 - Matched GRN 699bfc4463679f169b7ef568: vendorName='MURUGAN STORE'
2026-03-03 19:16:14,636 - GRN 699991b68c3eb2c19a18ef01: vendorName raw='NAMMAKADAI', stripped='NAMMAKADAI', filter='None'
2026-03-03 19:16:14,636 - Matched GRN 699991b68c3eb2c19a18ef01: vendorName='NAMMAKADAI'
2026-03-03 19:16:14,636 - GRN 69980a50167dfac83f79cef5: vendorName raw='RAJ PRINTING SOLUTION', stripped='RAJ PRINTING SOLUTION', filter='None'
2026-03-03 19:16:14,636 - Matched GRN 69980a50167dfac83f79cef5: vendorName='RAJ PRINTING SOLUTION'
2026-03-03 19:16:14,636 - GRN 6996b5ba29a5f78e456adaac: vendorName raw='SRI JANANI AGENCIES', stripped='SRI JANANI AGENCIES', filter='None'
2026-03-03 19:16:14,637 - Matched GRN 6996b5ba29a5f78e456adaac: vendorName='SRI JANANI AGENCIES'
2026-03-03 19:16:14,637 - GRN 6996b59629a5f78e456adaa1: vendorName raw='SRI JANANI AGENCIES', stripped='SRI JANANI AGENCIES', filter='None'
2026-03-03 19:16:14,637 - Matched GRN 6996b59629a5f78e456adaa1: vendorName='SRI JANANI AGENCIES'
2026-03-03 19:16:14,637 - GRN 6996b2e829a5f78e456ada8e: vendorName raw='SRI JANANI AGENCIES', stripped='SRI JANANI AGENCIES', filter='None'
2026-03-03 19:16:14,638 - Matched GRN 6996b2e829a5f78e456ada8e: vendorName='SRI JANANI AGENCIES'
2026-03-03 19:16:14,638 - GRN 6996aee74c33ae4c560a6466: vendorName raw='SRI JANANI AGENCIES', stripped='SRI JANANI AGENCIES', filter='None'
2026-03-03 19:16:14,638 - Matched GRN 6996aee74c33ae4c560a6466: vendorName='SRI JANANI AGENCIES'
2026-03-03 19:16:14,638 - GRN 6996a25cd099fcddeb14359e: vendorName raw='SRI JANANI AGENCIES', stripped='SRI JANANI AGENCIES', filter='None'
2026-03-03 19:16:14,638 - Matched GRN 6996a25cd099fcddeb14359e: vendorName='SRI JANANI AGENCIES'
2026-03-03 19:16:14,639 - GRN 6996a024d099fcddeb143598: vendorName raw='SRI JANANI AGENCIES', stripped='SRI JANANI AGENCIES', filter='None'
2026-03-03 19:16:14,639 - Matched GRN 6996a024d099fcddeb143598: vendorName='SRI JANANI AGENCIES'
2026-03-03 19:16:14,639 - GRN 69969afa63eff5b997ff6b98: vendorName raw='SRI JANANI AGENCIES', stripped='SRI JANANI AGENCIES', filter='None'
2026-03-03 19:16:14,639 - Matched GRN 69969afa63eff5b997ff6b98: vendorName='SRI JANANI AGENCIES'
2026-03-03 19:16:14,639 - GRN 69969a0263eff5b997ff6b92: vendorName raw='SRI JANANI AGENCIES', stripped='SRI JANANI AGENCIES', filter='None'
2026-03-03 19:16:14,639 - Matched GRN 69969a0263eff5b997ff6b92: vendorName='SRI JANANI AGENCIES'
2026-03-03 19:16:14,639 - GRN 6996978063eff5b997ff6b84: vendorName raw='SRI JANANI AGENCIES', stripped='SRI JANANI AGENCIES', filter='None'
2026-03-03 19:16:14,639 - Matched GRN 6996978063eff5b997ff6b84: vendorName='SRI JANANI AGENCIES'
2026-03-03 19:16:14,640 - GRN 6995afb6449649e8663db557: vendorName raw='SRI JANANI AGENCIES', stripped='SRI JANANI AGENCIES', filter='None'
2026-03-03 19:16:14,640 - Matched GRN 6995afb6449649e8663db557: vendorName='SRI JANANI AGENCIES'
2026-03-03 19:16:14,640 - GRN 6995ae2f449649e8663db53f: vendorName raw='ARR AGENCIES', stripped='ARR AGENCIES', filter='None'
2026-03-03 19:16:14,640 - Matched GRN 6995ae2f449649e8663db53f: vendorName='ARR AGENCIES'
2026-03-03 19:16:14,640 - GRN 69944345ddbb591e2d47c124: vendorName raw='MURUGAN STORE', stripped='MURUGAN STORE', filter='None'
2026-03-03 19:16:14,640 - Matched GRN 69944345ddbb591e2d47c124: vendorName='MURUGAN STORE'
2026-03-03 19:16:14,640 - GRN 6992d97d826cd1300a5f0cce: vendorName raw='SRI JANANI AGENCIES', stripped='SRI JANANI AGENCIES', filter='None'
2026-03-03 19:16:14,640 - Matched GRN 6992d97d826cd1300a5f0cce: vendorName='SRI JANANI AGENCIES'
2026-03-03 19:16:14,640 - GRN 69943ef3f3254ba5acb94d26: vendorName raw='HANISH FOODS SHOP', stripped='HANISH FOODS SHOP', filter='None'
2026-03-03 19:16:14,640 - Matched GRN 69943ef3f3254ba5acb94d26: vendorName='HANISH FOODS SHOP'
2026-03-03 19:16:14,641 - Final filtered GRNs: 25 (skipped: 0 total fetched: 25)
2026-03-03 19:16:21,122 - Tenant context set: 698d68b26e0e40f613847b0c -> purchasetest
2026-03-03 19:16:21,329 - Tenant context set: 698d68b26e0e40f613847b0c -> purchasetest
2026-03-03 19:16:21,425 - Tenant context set: 698d68b26e0e40f613847b0c -> purchasetest
2026-03-03 19:16:21,537 - Tenant context set: 698d68b26e0e40f613847b0c -> purchasetest
2026-03-03 19:16:22,335 - Tenant context set: 698d68b26e0e40f613847b0c -> purchasetest
2026-03-03 19:16:22,933 - Tenant context set: 698d68b26e0e40f613847b0c -> purchasetest
2026-03-03 19:16:23,021 - Tenant context set: 698d68b26e0e40f613847b0c -> purchasetest
2026-03-03 19:16:23,633 - Tenant context set: 698d68b26e0e40f613847b0c -> purchasetest
2026-03-03 19:16:23,837 - Tenant context set: 698d68b26e0e40f613847b0c -> purchasetest
2026-03-03 19:16:24,029 - Tenant context set: 698d68b26e0e40f613847b0c -> purchasetest
2026-03-03 19:16:24,120 - Tenant context set: 698d68b26e0e40f613847b0c -> purchasetest
2026-03-03 19:16:24,341 - Tenant context set: 698d68b26e0e40f613847b0c -> purchasetest
2026-03-03 19:16:26,336 - Tenant context set: 698d68b26e0e40f613847b0c -> purchasetest
2026-03-03 19:16:26,421 - Tenant context set: 698d68b26e0e40f613847b0c -> purchasetest
2026-03-03 19:16:27,055 - Tenant context set: 698d68b26e0e40f613847b0c -> purchasetest
2026-03-03 19:16:27,227 - Tenant context set: 698d68b26e0e40f613847b0c -> purchasetest
2026-03-03 19:16:27,535 - Tenant context set: 698d68b26e0e40f613847b0c -> purchasetest
2026-03-03 19:16:27,821 - Tenant context set: 698d68b26e0e40f613847b0c -> purchasetest
2026-03-03 19:16:29,321 - Tenant context set: 698d68b26e0e40f613847b0c -> purchasetest
2026-03-03 19:16:29,645 - Tenant context set: 698d68b26e0e40f613847b0c -> purchasetest
2026-03-03 19:16:51,619 - Tenant context set: 698d68b26e0e40f613847b0c -> purchasetest
2026-03-03 19:16:51,922 - Tenant context set: 698d68b26e0e40f613847b0c -> purchasetest
2026-03-03 19:16:52,019 - Tenant context set: 698d68b26e0e40f613847b0c -> purchasetest
2026-03-03 19:16:52,126 - Tenant context set: 698d68b26e0e40f613847b0c -> purchasetest
2026-03-03 19:16:52,617 - Tenant context set: 698d68b26e0e40f613847b0c -> purchasetest
2026-03-03 19:16:53,120 - Full MongoDB query: {'status': {'$in': ['Active', 'active', 'Partially Returned', 'PartiallyReturned']}}
2026-03-03 19:16:53,238 - Raw total matching GRNs: 25
2026-03-03 19:16:54,004 - Fetched 25 raw GRNs from cursor
2026-03-03 19:16:54,230 - GRN 69a5591b77c7901bdec2c03d: vendorName raw='SHRI MURUGU ECO PRODUCTS', stripped='SHRI MURUGU ECO PRODUCTS', filter='None'
2026-03-03 19:16:54,231 - Matched GRN 69a5591b77c7901bdec2c03d: vendorName='SHRI MURUGU ECO PRODUCTS'
2026-03-03 19:16:54,231 - GRN 69a186ea949dd5b1b7486e4d: vendorName raw='SRINIVAS COLOUR PACK', stripped='SRINIVAS COLOUR PACK', filter='None'
2026-03-03 19:16:54,231 - Matched GRN 69a186ea949dd5b1b7486e4d: vendorName='SRINIVAS COLOUR PACK'
2026-03-03 19:16:54,232 - GRN 69a135c5a9765cd70cbb736b: vendorName raw='SS AGENCY', stripped='SS AGENCY', filter='None'
2026-03-03 19:16:54,232 - Matched GRN 69a135c5a9765cd70cbb736b: vendorName='SS AGENCY'
2026-03-03 19:16:54,232 - GRN 699d99d56a6f9d358c97d8f5: vendorName raw='SRI BALAJI TRADERS', stripped='SRI BALAJI TRADERS', filter='None'
2026-03-03 19:16:54,232 - Matched GRN 699d99d56a6f9d358c97d8f5: vendorName='SRI BALAJI TRADERS'
2026-03-03 19:16:54,233 - GRN 699d915b6a6f9d358c97d8ea: vendorName raw='HANISH FOODS SHOP', stripped='HANISH FOODS SHOP', filter='None'
2026-03-03 19:16:54,233 - Matched GRN 699d915b6a6f9d358c97d8ea: vendorName='HANISH FOODS SHOP'
2026-03-03 19:16:54,233 - GRN 699d91386a6f9d358c97d8e6: vendorName raw='HANISH FOODS SHOP', stripped='HANISH FOODS SHOP', filter='None'
2026-03-03 19:16:54,233 - Matched GRN 699d91386a6f9d358c97d8e6: vendorName='HANISH FOODS SHOP'
2026-03-03 19:16:54,234 - GRN 699d8e0c9f900005f1e3c18e: vendorName raw='MAHIDARSHAN DAIRY FARM', stripped='MAHIDARSHAN DAIRY FARM', filter='None'
2026-03-03 19:16:54,234 - Matched GRN 699d8e0c9f900005f1e3c18e: vendorName='MAHIDARSHAN DAIRY FARM'
2026-03-03 19:16:54,234 - GRN 699d8dd39f900005f1e3c188: vendorName raw='MAHIDARSHAN DAIRY FARM', stripped='MAHIDARSHAN DAIRY FARM', filter='None'
2026-03-03 19:16:54,234 - Matched GRN 699d8dd39f900005f1e3c188: vendorName='MAHIDARSHAN DAIRY FARM'
2026-03-03 19:16:54,234 - GRN 699bfc4463679f169b7ef568: vendorName raw='MURUGAN STORE', stripped='MURUGAN STORE', filter='None'
2026-03-03 19:16:54,235 - Matched GRN 699bfc4463679f169b7ef568: vendorName='MURUGAN STORE'
2026-03-03 19:16:54,236 - GRN 699991b68c3eb2c19a18ef01: vendorName raw='NAMMAKADAI', stripped='NAMMAKADAI', filter='None'
2026-03-03 19:16:54,236 - Matched GRN 699991b68c3eb2c19a18ef01: vendorName='NAMMAKADAI'
2026-03-03 19:16:54,237 - GRN 69980a50167dfac83f79cef5: vendorName raw='RAJ PRINTING SOLUTION', stripped='RAJ PRINTING SOLUTION', filter='None'
2026-03-03 19:16:54,237 - Matched GRN 69980a50167dfac83f79cef5: vendorName='RAJ PRINTING SOLUTION'
2026-03-03 19:16:54,237 - GRN 6996b5ba29a5f78e456adaac: vendorName raw='SRI JANANI AGENCIES', stripped='SRI JANANI AGENCIES', filter='None'
2026-03-03 19:16:54,237 - Matched GRN 6996b5ba29a5f78e456adaac: vendorName='SRI JANANI AGENCIES'
2026-03-03 19:16:54,238 - GRN 6996b59629a5f78e456adaa1: vendorName raw='SRI JANANI AGENCIES', stripped='SRI JANANI AGENCIES', filter='None'
2026-03-03 19:16:54,238 - Matched GRN 6996b59629a5f78e456adaa1: vendorName='SRI JANANI AGENCIES'
2026-03-03 19:16:54,242 - GRN 6996b2e829a5f78e456ada8e: vendorName raw='SRI JANANI AGENCIES', stripped='SRI JANANI AGENCIES', filter='None'
2026-03-03 19:16:54,242 - Matched GRN 6996b2e829a5f78e456ada8e: vendorName='SRI JANANI AGENCIES'
2026-03-03 19:16:54,243 - GRN 6996aee74c33ae4c560a6466: vendorName raw='SRI JANANI AGENCIES', stripped='SRI JANANI AGENCIES', filter='None'
2026-03-03 19:16:54,243 - Matched GRN 6996aee74c33ae4c560a6466: vendorName='SRI JANANI AGENCIES'
2026-03-03 19:16:54,244 - GRN 6996a25cd099fcddeb14359e: vendorName raw='SRI JANANI AGENCIES', stripped='SRI JANANI AGENCIES', filter='None'
2026-03-03 19:16:54,244 - Matched GRN 6996a25cd099fcddeb14359e: vendorName='SRI JANANI AGENCIES'
2026-03-03 19:16:54,245 - GRN 6996a024d099fcddeb143598: vendorName raw='SRI JANANI AGENCIES', stripped='SRI JANANI AGENCIES', filter='None'
2026-03-03 19:16:54,245 - Matched GRN 6996a024d099fcddeb143598: vendorName='SRI JANANI AGENCIES'
2026-03-03 19:16:54,245 - GRN 69969afa63eff5b997ff6b98: vendorName raw='SRI JANANI AGENCIES', stripped='SRI JANANI AGENCIES', filter='None'
2026-03-03 19:16:54,245 - Matched GRN 69969afa63eff5b997ff6b98: vendorName='SRI JANANI AGENCIES'
2026-03-03 19:16:54,246 - GRN 69969a0263eff5b997ff6b92: vendorName raw='SRI JANANI AGENCIES', stripped='SRI JANANI AGENCIES', filter='None'
2026-03-03 19:16:54,246 - Matched GRN 69969a0263eff5b997ff6b92: vendorName='SRI JANANI AGENCIES'
2026-03-03 19:16:54,246 - GRN 6996978063eff5b997ff6b84: vendorName raw='SRI JANANI AGENCIES', stripped='SRI JANANI AGENCIES', filter='None'
2026-03-03 19:16:54,246 - Matched GRN 6996978063eff5b997ff6b84: vendorName='SRI JANANI AGENCIES'
2026-03-03 19:16:54,247 - GRN 6995afb6449649e8663db557: vendorName raw='SRI JANANI AGENCIES', stripped='SRI JANANI AGENCIES', filter='None'
2026-03-03 19:16:54,247 - Matched GRN 6995afb6449649e8663db557: vendorName='SRI JANANI AGENCIES'
2026-03-03 19:16:54,247 - GRN 6995ae2f449649e8663db53f: vendorName raw='ARR AGENCIES', stripped='ARR AGENCIES', filter='None'
2026-03-03 19:16:54,247 - Matched GRN 6995ae2f449649e8663db53f: vendorName='ARR AGENCIES'
2026-03-03 19:16:54,248 - GRN 69944345ddbb591e2d47c124: vendorName raw='MURUGAN STORE', stripped='MURUGAN STORE', filter='None'
2026-03-03 19:16:54,248 - Matched GRN 69944345ddbb591e2d47c124: vendorName='MURUGAN STORE'
2026-03-03 19:16:54,249 - GRN 6992d97d826cd1300a5f0cce: vendorName raw='SRI JANANI AGENCIES', stripped='SRI JANANI AGENCIES', filter='None'
2026-03-03 19:16:54,249 - Matched GRN 6992d97d826cd1300a5f0cce: vendorName='SRI JANANI AGENCIES'
2026-03-03 19:16:54,249 - GRN 69943ef3f3254ba5acb94d26: vendorName raw='HANISH FOODS SHOP', stripped='HANISH FOODS SHOP', filter='None'
2026-03-03 19:16:54,249 - Matched GRN 69943ef3f3254ba5acb94d26: vendorName='HANISH FOODS SHOP'
2026-03-03 19:16:54,249 - Final filtered GRNs: 25 (skipped: 0 total fetched: 25)
2026-03-03 19:16:54,438 - Tenant context set: 698d68b26e0e40f613847b0c -> purchasetest
2026-03-03 19:16:54,721 - Tenant context set: 698d68b26e0e40f613847b0c -> purchasetest
2026-03-03 19:16:55,024 - Tenant context set: 698d68b26e0e40f613847b0c -> purchasetest
2026-03-03 19:16:55,229 - Tenant context set: 698d68b26e0e40f613847b0c -> purchasetest
2026-03-03 19:16:55,321 - Tenant context set: 698d68b26e0e40f613847b0c -> purchasetest
2026-03-03 19:16:55,923 - Full MongoDB query: {'status': {'$in': ['Active', 'active', 'Partially Returned', 'PartiallyReturned']}}
2026-03-03 19:16:56,018 - Raw total matching GRNs: 25
2026-03-03 19:16:56,369 - Fetched 25 raw GRNs from cursor
2026-03-03 19:16:56,533 - GRN 69a5591b77c7901bdec2c03d: vendorName raw='SHRI MURUGU ECO PRODUCTS', stripped='SHRI MURUGU ECO PRODUCTS', filter='None'
2026-03-03 19:16:56,533 - Matched GRN 69a5591b77c7901bdec2c03d: vendorName='SHRI MURUGU ECO PRODUCTS'
2026-03-03 19:16:56,533 - GRN 69a186ea949dd5b1b7486e4d: vendorName raw='SRINIVAS COLOUR PACK', stripped='SRINIVAS COLOUR PACK', filter='None'
2026-03-03 19:16:56,534 - Matched GRN 69a186ea949dd5b1b7486e4d: vendorName='SRINIVAS COLOUR PACK'
2026-03-03 19:16:56,534 - GRN 69a135c5a9765cd70cbb736b: vendorName raw='SS AGENCY', stripped='SS AGENCY', filter='None'
2026-03-03 19:16:56,534 - Matched GRN 69a135c5a9765cd70cbb736b: vendorName='SS AGENCY'
2026-03-03 19:16:56,534 - GRN 699d99d56a6f9d358c97d8f5: vendorName raw='SRI BALAJI TRADERS', stripped='SRI BALAJI TRADERS', filter='None'
2026-03-03 19:16:56,534 - Matched GRN 699d99d56a6f9d358c97d8f5: vendorName='SRI BALAJI TRADERS'
2026-03-03 19:16:56,534 - GRN 699d915b6a6f9d358c97d8ea: vendorName raw='HANISH FOODS SHOP', stripped='HANISH FOODS SHOP', filter='None'
2026-03-03 19:16:56,534 - Matched GRN 699d915b6a6f9d358c97d8ea: vendorName='HANISH FOODS SHOP'
2026-03-03 19:16:56,534 - GRN 699d91386a6f9d358c97d8e6: vendorName raw='HANISH FOODS SHOP', stripped='HANISH FOODS SHOP', filter='None'
2026-03-03 19:16:56,534 - Matched GRN 699d91386a6f9d358c97d8e6: vendorName='HANISH FOODS SHOP'
2026-03-03 19:16:56,535 - GRN 699d8e0c9f900005f1e3c18e: vendorName raw='MAHIDARSHAN DAIRY FARM', stripped='MAHIDARSHAN DAIRY FARM', filter='None'
2026-03-03 19:16:56,535 - Matched GRN 699d8e0c9f900005f1e3c18e: vendorName='MAHIDARSHAN DAIRY FARM'
2026-03-03 19:16:56,535 - GRN 699d8dd39f900005f1e3c188: vendorName raw='MAHIDARSHAN DAIRY FARM', stripped='MAHIDARSHAN DAIRY FARM', filter='None'
2026-03-03 19:16:56,535 - Matched GRN 699d8dd39f900005f1e3c188: vendorName='MAHIDARSHAN DAIRY FARM'
2026-03-03 19:16:56,535 - GRN 699bfc4463679f169b7ef568: vendorName raw='MURUGAN STORE', stripped='MURUGAN STORE', filter='None'
2026-03-03 19:16:56,535 - Matched GRN 699bfc4463679f169b7ef568: vendorName='MURUGAN STORE'
2026-03-03 19:16:56,536 - GRN 699991b68c3eb2c19a18ef01: vendorName raw='NAMMAKADAI', stripped='NAMMAKADAI', filter='None'
2026-03-03 19:16:56,536 - Matched GRN 699991b68c3eb2c19a18ef01: vendorName='NAMMAKADAI'
2026-03-03 19:16:56,536 - GRN 69980a50167dfac83f79cef5: vendorName raw='RAJ PRINTING SOLUTION', stripped='RAJ PRINTING SOLUTION', filter='None'
2026-03-03 19:16:56,536 - Matched GRN 69980a50167dfac83f79cef5: vendorName='RAJ PRINTING SOLUTION'
2026-03-03 19:16:56,536 - GRN 6996b5ba29a5f78e456adaac: vendorName raw='SRI JANANI AGENCIES', stripped='SRI JANANI AGENCIES', filter='None'
2026-03-03 19:16:56,536 - Matched GRN 6996b5ba29a5f78e456adaac: vendorName='SRI JANANI AGENCIES'
2026-03-03 19:16:56,537 - GRN 6996b59629a5f78e456adaa1: vendorName raw='SRI JANANI AGENCIES', stripped='SRI JANANI AGENCIES', filter='None'
2026-03-03 19:16:56,537 - Matched GRN 6996b59629a5f78e456adaa1: vendorName='SRI JANANI AGENCIES'
2026-03-03 19:16:56,537 - GRN 6996b2e829a5f78e456ada8e: vendorName raw='SRI JANANI AGENCIES', stripped='SRI JANANI AGENCIES', filter='None'
2026-03-03 19:16:56,537 - Matched GRN 6996b2e829a5f78e456ada8e: vendorName='SRI JANANI AGENCIES'
2026-03-03 19:16:56,537 - GRN 6996aee74c33ae4c560a6466: vendorName raw='SRI JANANI AGENCIES', stripped='SRI JANANI AGENCIES', filter='None'
2026-03-03 19:16:56,537 - Matched GRN 6996aee74c33ae4c560a6466: vendorName='SRI JANANI AGENCIES'
2026-03-03 19:16:56,537 - GRN 6996a25cd099fcddeb14359e: vendorName raw='SRI JANANI AGENCIES', stripped='SRI JANANI AGENCIES', filter='None'
2026-03-03 19:16:56,538 - Matched GRN 6996a25cd099fcddeb14359e: vendorName='SRI JANANI AGENCIES'
2026-03-03 19:16:56,538 - GRN 6996a024d099fcddeb143598: vendorName raw='SRI JANANI AGENCIES', stripped='SRI JANANI AGENCIES', filter='None'
2026-03-03 19:16:56,538 - Matched GRN 6996a024d099fcddeb143598: vendorName='SRI JANANI AGENCIES'
2026-03-03 19:16:56,538 - GRN 69969afa63eff5b997ff6b98: vendorName raw='SRI JANANI AGENCIES', stripped='SRI JANANI AGENCIES', filter='None'
2026-03-03 19:16:56,538 - Matched GRN 69969afa63eff5b997ff6b98: vendorName='SRI JANANI AGENCIES'
2026-03-03 19:16:56,539 - GRN 69969a0263eff5b997ff6b92: vendorName raw='SRI JANANI AGENCIES', stripped='SRI JANANI AGENCIES', filter='None'
2026-03-03 19:16:56,539 - Matched GRN 69969a0263eff5b997ff6b92: vendorName='SRI JANANI AGENCIES'
2026-03-03 19:16:56,539 - GRN 6996978063eff5b997ff6b84: vendorName raw='SRI JANANI AGENCIES', stripped='SRI JANANI AGENCIES', filter='None'
2026-03-03 19:16:56,539 - Matched GRN 6996978063eff5b997ff6b84: vendorName='SRI JANANI AGENCIES'
2026-03-03 19:16:56,539 - GRN 6995afb6449649e8663db557: vendorName raw='SRI JANANI AGENCIES', stripped='SRI JANANI AGENCIES', filter='None'
2026-03-03 19:16:56,540 - Matched GRN 6995afb6449649e8663db557: vendorName='SRI JANANI AGENCIES'
2026-03-03 19:16:56,540 - GRN 6995ae2f449649e8663db53f: vendorName raw='ARR AGENCIES', stripped='ARR AGENCIES', filter='None'
2026-03-03 19:16:56,540 - Matched GRN 6995ae2f449649e8663db53f: vendorName='ARR AGENCIES'
2026-03-03 19:16:56,540 - GRN 69944345ddbb591e2d47c124: vendorName raw='MURUGAN STORE', stripped='MURUGAN STORE', filter='None'
2026-03-03 19:16:56,540 - Matched GRN 69944345ddbb591e2d47c124: vendorName='MURUGAN STORE'
2026-03-03 19:16:56,541 - GRN 6992d97d826cd1300a5f0cce: vendorName raw='SRI JANANI AGENCIES', stripped='SRI JANANI AGENCIES', filter='None'
2026-03-03 19:16:56,541 - Matched GRN 6992d97d826cd1300a5f0cce: vendorName='SRI JANANI AGENCIES'
2026-03-03 19:16:56,541 - GRN 69943ef3f3254ba5acb94d26: vendorName raw='HANISH FOODS SHOP', stripped='HANISH FOODS SHOP', filter='None'
2026-03-03 19:16:56,541 - Matched GRN 69943ef3f3254ba5acb94d26: vendorName='HANISH FOODS SHOP'
2026-03-03 19:16:56,541 - Final filtered GRNs: 25 (skipped: 0 total fetched: 25)
2026-03-03 19:17:01,824 - Tenant context set: 698d68b26e0e40f613847b0c -> purchasetest
2026-03-03 19:17:02,222 - ====================================================================================================
2026-03-03 19:17:02,222 - 🔄 INITIATING GRN REVERT - GRN ID: 69a5591b77c7901bdec2c03d
2026-03-03 19:17:02,222 - Associated PO ID: 69a55396b219fc3140be4443
2026-03-03 19:17:02,223 - ====================================================================================================
2026-03-03 19:17:02,223 - GRN_REVERT_START|grn_id=69a5591b77c7901bdec2c03d|po_id=69a55396b219fc3140be4443
2026-03-03 19:17:02,225 - Reversed GRN for item 69a55396b219fc3140be4442: totalReceivedQuantity now -5.00, pending 20.00, expiryDate cleared
2026-03-03 19:17:02,226 - PO_ITEM_REVERT|item_id=69a55396b219fc3140be4442|randomId=PI1218|qty_removed=5.00|new_total=-5.00
2026-03-03 19:17:02,229 - ✅ Step 1: PO items updated - 1 items reversed
2026-03-03 19:17:02,230 - ====================================================================================================
2026-03-03 19:17:02,230 - STOCK UPDATE - REVERT (SUBTRACT)
2026-03-03 19:17:02,231 - Timestamp: 2026-03-03 19:17:02.230610+05:30
2026-03-03 19:17:02,231 - Total items to process: 1
2026-03-03 19:17:02,231 - ====================================================================================================
2026-03-03 19:17:02,232 - 
--- Processing Item 1/1 ---
2026-03-03 19:17:02,233 - Item RandomId: PI1218
2026-03-03 19:17:02,233 - Item Name: AMUL CHEESE SILCES 100 GM
2026-03-03 19:17:02,234 - Location: WH001
2026-03-03 19:17:02,234 - Quantity Change: -5.00 (SUBTRACT 5.0)
2026-03-03 19:17:02,418 - Item Master Stock Calculation: 44.00 + (-5.00) = 39.00
2026-03-03 19:17:02,637 - ✅ PURCHASEITEM UPDATED - Total Stock: 44.00 -> 39.00 (Change: -5.00)
2026-03-03 19:17:02,736 - Location Stock Calculation: 0.00 + (-5.00) = -5.00
2026-03-03 19:17:02,737 - ⚠️ Location stock would become negative. Capping at 0. Actual removed: 0.00
2026-03-03 19:17:02,843 - ✅ INVENTORY UPDATED for Location WH001: 0.00 -> 0.00 (Change: +0.00)
2026-03-03 19:17:02,844 - ====================================================================================================
📊 STOCK UPDATE COMPLETE SUMMARY
====================================================================================================
Operation Type: REVERT (SUBTRACT)
Total Items Processed: 1
Successful: 1
Failed: 0

📦 PURCHASEITEM UPDATES (Item Master):
   - Total Stock Updates: 1

📍 INVENTORY UPDATES (Location-Based):
   - Location Updates: 1
   - Location Creates: 0
   - Errors: 0
====================================================================================================
2026-03-03 19:17:02,845 - ✅ Step 2: Stock quantities reversed in purchaseitem and inventory
2026-03-03 19:17:02,846 -    - PurchaseItem updates: 1
2026-03-03 19:17:02,846 -    - Inventory updates: 1
2026-03-03 19:17:02,846 -    - Inventory creates: 0
2026-03-03 19:17:02,847 - ✅ Step 3: PO totals recalculated
2026-03-03 19:17:02,847 - ✅ Step 4: Status determined - PO Status: Approved, Item Status: Pending
2026-03-03 19:17:03,135 - ✅ Step 5: GRN marked as reverted with canBeReUpdated=True
2026-03-03 19:17:03,338 - ✅ Step 6: PO updated successfully
2026-03-03 19:17:03,339 - 
====================================================================================================
✅ GRN REVERT COMPLETED SUCCESSFULLY
====================================================================================================
GRN ID: 69a5591b77c7901bdec2c03d
PO ID: 69a55396b219fc3140be4443
New PO Status: Approved
Items Reversed: 1
Stock Updates:
  - PurchaseItem Updates: 1
  - Inventory Updates: 1
  - Inventory Creates: 0
Total Order Amount: 0.00
Pending Order Amount: 1508.85
Can Be Re-Updated: True
====================================================================================================
        
2026-03-03 19:17:03,339 - GRN_REVERT_COMPLETE|grn_id=69a5591b77c7901bdec2c03d|po_id=69a55396b219fc3140be4443|status=Approved|items_reversed=1|stock_updates={'success': True, 'totalProcessed': 1, 'successful': 1, 'failed': 0, 'items': [{'randomId': 'PI1218', 'itemName': 'AMUL CHEESE SILCES 100 GM', 'stockChange': -5.0, 'newStock': 39.0, 'locationStockChange': 0, 'newLocationStock': 0, 'locationId': 'WH001', 'priceUpdated': False, 'status': 'success', 'reason': 'Location stock capped at 0'}], 'timestamp': '2026-03-03T19:17:02.230610+05:30', 'purchaseitem_updates': 1, 'inventory_updates': 1, 'inventory_creates': 0, 'errors': 0}
2026-03-03 19:17:03,344 - GRN_REVERT|grn_id=69a5591b77c7901bdec2c03d|po_id=69a55396b219fc3140be4443|timestamp=2026-03-03 19:17:02.847459+05:30
2026-03-03 19:17:03,727 - Tenant context set: 698d68b26e0e40f613847b0c -> purchasetest
2026-03-03 19:17:04,145 - Full MongoDB query: {'status': {'$in': ['Active', 'active', 'Partially Returned', 'PartiallyReturned']}}
2026-03-03 19:17:04,225 - Raw total matching GRNs: 24
2026-03-03 19:17:04,645 - Fetched 24 raw GRNs from cursor
2026-03-03 19:17:04,823 - GRN 69a186ea949dd5b1b7486e4d: vendorName raw='SRINIVAS COLOUR PACK', stripped='SRINIVAS COLOUR PACK', filter='None'
2026-03-03 19:17:04,824 - Matched GRN 69a186ea949dd5b1b7486e4d: vendorName='SRINIVAS COLOUR PACK'
2026-03-03 19:17:04,824 - GRN 69a135c5a9765cd70cbb736b: vendorName raw='SS AGENCY', stripped='SS AGENCY', filter='None'
2026-03-03 19:17:04,825 - Matched GRN 69a135c5a9765cd70cbb736b: vendorName='SS AGENCY'
2026-03-03 19:17:04,825 - GRN 699d99d56a6f9d358c97d8f5: vendorName raw='SRI BALAJI TRADERS', stripped='SRI BALAJI TRADERS', filter='None'
2026-03-03 19:17:04,825 - Matched GRN 699d99d56a6f9d358c97d8f5: vendorName='SRI BALAJI TRADERS'
2026-03-03 19:17:04,826 - GRN 699d915b6a6f9d358c97d8ea: vendorName raw='HANISH FOODS SHOP', stripped='HANISH FOODS SHOP', filter='None'
2026-03-03 19:17:04,826 - Matched GRN 699d915b6a6f9d358c97d8ea: vendorName='HANISH FOODS SHOP'
2026-03-03 19:17:04,826 - GRN 699d91386a6f9d358c97d8e6: vendorName raw='HANISH FOODS SHOP', stripped='HANISH FOODS SHOP', filter='None'
2026-03-03 19:17:04,827 - Matched GRN 699d91386a6f9d358c97d8e6: vendorName='HANISH FOODS SHOP'
2026-03-03 19:17:04,827 - GRN 699d8e0c9f900005f1e3c18e: vendorName raw='MAHIDARSHAN DAIRY FARM', stripped='MAHIDARSHAN DAIRY FARM', filter='None'
2026-03-03 19:17:04,827 - Matched GRN 699d8e0c9f900005f1e3c18e: vendorName='MAHIDARSHAN DAIRY FARM'
2026-03-03 19:17:04,828 - GRN 699d8dd39f900005f1e3c188: vendorName raw='MAHIDARSHAN DAIRY FARM', stripped='MAHIDARSHAN DAIRY FARM', filter='None'
2026-03-03 19:17:04,828 - Matched GRN 699d8dd39f900005f1e3c188: vendorName='MAHIDARSHAN DAIRY FARM'
2026-03-03 19:17:04,828 - GRN 699bfc4463679f169b7ef568: vendorName raw='MURUGAN STORE', stripped='MURUGAN STORE', filter='None'
2026-03-03 19:17:04,829 - Matched GRN 699bfc4463679f169b7ef568: vendorName='MURUGAN STORE'
2026-03-03 19:17:04,829 - GRN 699991b68c3eb2c19a18ef01: vendorName raw='NAMMAKADAI', stripped='NAMMAKADAI', filter='None'
2026-03-03 19:17:04,830 - Matched GRN 699991b68c3eb2c19a18ef01: vendorName='NAMMAKADAI'
2026-03-03 19:17:04,831 - GRN 69980a50167dfac83f79cef5: vendorName raw='RAJ PRINTING SOLUTION', stripped='RAJ PRINTING SOLUTION', filter='None'
2026-03-03 19:17:04,831 - Matched GRN 69980a50167dfac83f79cef5: vendorName='RAJ PRINTING SOLUTION'
2026-03-03 19:17:04,831 - GRN 6996b5ba29a5f78e456adaac: vendorName raw='SRI JANANI AGENCIES', stripped='SRI JANANI AGENCIES', filter='None'
2026-03-03 19:17:04,831 - Matched GRN 6996b5ba29a5f78e456adaac: vendorName='SRI JANANI AGENCIES'
2026-03-03 19:17:04,832 - GRN 6996b59629a5f78e456adaa1: vendorName raw='SRI JANANI AGENCIES', stripped='SRI JANANI AGENCIES', filter='None'
2026-03-03 19:17:04,832 - Matched GRN 6996b59629a5f78e456adaa1: vendorName='SRI JANANI AGENCIES'
2026-03-03 19:17:04,833 - GRN 6996b2e829a5f78e456ada8e: vendorName raw='SRI JANANI AGENCIES', stripped='SRI JANANI AGENCIES', filter='None'
2026-03-03 19:17:04,833 - Matched GRN 6996b2e829a5f78e456ada8e: vendorName='SRI JANANI AGENCIES'
2026-03-03 19:17:04,835 - GRN 6996aee74c33ae4c560a6466: vendorName raw='SRI JANANI AGENCIES', stripped='SRI JANANI AGENCIES', filter='None'
2026-03-03 19:17:04,836 - Matched GRN 6996aee74c33ae4c560a6466: vendorName='SRI JANANI AGENCIES'
2026-03-03 19:17:04,838 - GRN 6996a25cd099fcddeb14359e: vendorName raw='SRI JANANI AGENCIES', stripped='SRI JANANI AGENCIES', filter='None'
2026-03-03 19:17:04,838 - Matched GRN 6996a25cd099fcddeb14359e: vendorName='SRI JANANI AGENCIES'
2026-03-03 19:17:04,839 - GRN 6996a024d099fcddeb143598: vendorName raw='SRI JANANI AGENCIES', stripped='SRI JANANI AGENCIES', filter='None'
2026-03-03 19:17:04,839 - Matched GRN 6996a024d099fcddeb143598: vendorName='SRI JANANI AGENCIES'
2026-03-03 19:17:04,839 - GRN 69969afa63eff5b997ff6b98: vendorName raw='SRI JANANI AGENCIES', stripped='SRI JANANI AGENCIES', filter='None'
2026-03-03 19:17:04,839 - Matched GRN 69969afa63eff5b997ff6b98: vendorName='SRI JANANI AGENCIES'
2026-03-03 19:17:04,842 - GRN 69969a0263eff5b997ff6b92: vendorName raw='SRI JANANI AGENCIES', stripped='SRI JANANI AGENCIES', filter='None'
2026-03-03 19:17:04,842 - Matched GRN 69969a0263eff5b997ff6b92: vendorName='SRI JANANI AGENCIES'
2026-03-03 19:17:04,843 - GRN 6996978063eff5b997ff6b84: vendorName raw='SRI JANANI AGENCIES', stripped='SRI JANANI AGENCIES', filter='None'
2026-03-03 19:17:04,843 - Matched GRN 6996978063eff5b997ff6b84: vendorName='SRI JANANI AGENCIES'
2026-03-03 19:17:04,844 - GRN 6995afb6449649e8663db557: vendorName raw='SRI JANANI AGENCIES', stripped='SRI JANANI AGENCIES', filter='None'
2026-03-03 19:17:04,844 - Matched GRN 6995afb6449649e8663db557: vendorName='SRI JANANI AGENCIES'
2026-03-03 19:17:04,845 - GRN 6995ae2f449649e8663db53f: vendorName raw='ARR AGENCIES', stripped='ARR AGENCIES', filter='None'
2026-03-03 19:17:04,845 - Matched GRN 6995ae2f449649e8663db53f: vendorName='ARR AGENCIES'
2026-03-03 19:17:04,845 - GRN 69944345ddbb591e2d47c124: vendorName raw='MURUGAN STORE', stripped='MURUGAN STORE', filter='None'
2026-03-03 19:17:04,846 - Matched GRN 69944345ddbb591e2d47c124: vendorName='MURUGAN STORE'
2026-03-03 19:17:04,846 - GRN 6992d97d826cd1300a5f0cce: vendorName raw='SRI JANANI AGENCIES', stripped='SRI JANANI AGENCIES', filter='None'
2026-03-03 19:17:04,846 - Matched GRN 6992d97d826cd1300a5f0cce: vendorName='SRI JANANI AGENCIES'
2026-03-03 19:17:04,847 - GRN 69943ef3f3254ba5acb94d26: vendorName raw='HANISH FOODS SHOP', stripped='HANISH FOODS SHOP', filter='None'
2026-03-03 19:17:04,847 - Matched GRN 69943ef3f3254ba5acb94d26: vendorName='HANISH FOODS SHOP'
2026-03-03 19:17:04,847 - Final filtered GRNs: 24 (skipped: 0 total fetched: 24)
2026-03-03 19:17:10,848 - Tenant context set: 698d68b26e0e40f613847b0c -> purchasetest
2026-03-03 19:17:11,028 - Tenant context set: 698d68b26e0e40f613847b0c -> purchasetest
2026-03-03 19:17:11,126 - Tenant context set: 698d68b26e0e40f613847b0c -> purchasetest
2026-03-03 19:17:11,221 - Tenant context set: 698d68b26e0e40f613847b0c -> purchasetest
2026-03-03 19:17:12,025 - Tenant context set: 698d68b26e0e40f613847b0c -> purchasetest
2026-03-03 19:17:12,320 - Tenant context set: 698d68b26e0e40f613847b0c -> purchasetest
2026-03-03 19:17:12,421 - Tenant context set: 698d68b26e0e40f613847b0c -> purchasetest
2026-03-03 19:17:13,344 - Tenant context set: 698d68b26e0e40f613847b0c -> purchasetest
2026-03-03 19:17:13,619 - Tenant context set: 698d68b26e0e40f613847b0c -> purchasetest
2026-03-03 19:17:13,817 - Tenant context set: 698d68b26e0e40f613847b0c -> purchasetest
2026-03-03 19:17:13,917 - Tenant context set: 698d68b26e0e40f613847b0c -> purchasetest
2026-03-03 19:17:14,021 - Tenant context set: 698d68b26e0e40f613847b0c -> purchasetest
2026-03-03 19:17:22,389 - Tenant context set: 698d68b26e0e40f613847b0c -> purchasetest
2026-03-03 19:17:22,821 - Tenant context set: 698d68b26e0e40f613847b0c -> purchasetest
2026-03-03 19:17:22,942 - Tenant context set: 698d68b26e0e40f613847b0c -> purchasetest
2026-03-03 19:17:23,031 - Tenant context set: 698d68b26e0e40f613847b0c -> purchasetest
2026-03-03 19:17:23,548 - Tenant context set: 698d68b26e0e40f613847b0c -> purchasetest
2026-03-03 19:17:23,934 - Tenant context set: 698d68b26e0e40f613847b0c -> purchasetest
2026-03-03 19:17:25,269 - Tenant context set: 698d68b26e0e40f613847b0c -> purchasetest
2026-03-03 19:17:25,629 - Tenant context set: 698d68b26e0e40f613847b0c -> purchasetest
2026-03-03 19:17:34,722 - Tenant context set: 698d68b26e0e40f613847b0c -> purchasetest
2026-03-03 19:17:35,021 - Tenant context set: 698d68b26e0e40f613847b0c -> purchasetest
2026-03-03 19:17:35,125 - Tenant context set: 698d68b26e0e40f613847b0c -> purchasetest
2026-03-03 19:17:35,420 - Tenant context set: 698d68b26e0e40f613847b0c -> purchasetest
2026-03-03 19:17:35,821 - Tenant context set: 698d68b26e0e40f613847b0c -> purchasetest
2026-03-03 19:17:36,320 - Full MongoDB query: {'status': {'$in': ['Active', 'active', 'Partially Returned', 'PartiallyReturned']}}
2026-03-03 19:17:36,419 - Raw total matching GRNs: 24
2026-03-03 19:17:36,736 - Fetched 24 raw GRNs from cursor
2026-03-03 19:17:36,920 - GRN 69a186ea949dd5b1b7486e4d: vendorName raw='SRINIVAS COLOUR PACK', stripped='SRINIVAS COLOUR PACK', filter='None'
2026-03-03 19:17:36,920 - Matched GRN 69a186ea949dd5b1b7486e4d: vendorName='SRINIVAS COLOUR PACK'
2026-03-03 19:17:36,920 - GRN 69a135c5a9765cd70cbb736b: vendorName raw='SS AGENCY', stripped='SS AGENCY', filter='None'
2026-03-03 19:17:36,920 - Matched GRN 69a135c5a9765cd70cbb736b: vendorName='SS AGENCY'
2026-03-03 19:17:36,921 - GRN 699d99d56a6f9d358c97d8f5: vendorName raw='SRI BALAJI TRADERS', stripped='SRI BALAJI TRADERS', filter='None'
2026-03-03 19:17:36,921 - Matched GRN 699d99d56a6f9d358c97d8f5: vendorName='SRI BALAJI TRADERS'
2026-03-03 19:17:36,922 - GRN 699d915b6a6f9d358c97d8ea: vendorName raw='HANISH FOODS SHOP', stripped='HANISH FOODS SHOP', filter='None'
2026-03-03 19:17:36,922 - Matched GRN 699d915b6a6f9d358c97d8ea: vendorName='HANISH FOODS SHOP'
2026-03-03 19:17:36,922 - GRN 699d91386a6f9d358c97d8e6: vendorName raw='HANISH FOODS SHOP', stripped='HANISH FOODS SHOP', filter='None'
2026-03-03 19:17:36,923 - Matched GRN 699d91386a6f9d358c97d8e6: vendorName='HANISH FOODS SHOP'
2026-03-03 19:17:36,923 - GRN 699d8e0c9f900005f1e3c18e: vendorName raw='MAHIDARSHAN DAIRY FARM', stripped='MAHIDARSHAN DAIRY FARM', filter='None'
2026-03-03 19:17:36,923 - Matched GRN 699d8e0c9f900005f1e3c18e: vendorName='MAHIDARSHAN DAIRY FARM'
2026-03-03 19:17:36,923 - GRN 699d8dd39f900005f1e3c188: vendorName raw='MAHIDARSHAN DAIRY FARM', stripped='MAHIDARSHAN DAIRY FARM', filter='None'
2026-03-03 19:17:36,924 - Matched GRN 699d8dd39f900005f1e3c188: vendorName='MAHIDARSHAN DAIRY FARM'
2026-03-03 19:17:36,924 - GRN 699bfc4463679f169b7ef568: vendorName raw='MURUGAN STORE', stripped='MURUGAN STORE', filter='None'
2026-03-03 19:17:36,924 - Matched GRN 699bfc4463679f169b7ef568: vendorName='MURUGAN STORE'
2026-03-03 19:17:36,925 - GRN 699991b68c3eb2c19a18ef01: vendorName raw='NAMMAKADAI', stripped='NAMMAKADAI', filter='None'
2026-03-03 19:17:36,925 - Matched GRN 699991b68c3eb2c19a18ef01: vendorName='NAMMAKADAI'
2026-03-03 19:17:36,926 - GRN 69980a50167dfac83f79cef5: vendorName raw='RAJ PRINTING SOLUTION', stripped='RAJ PRINTING SOLUTION', filter='None'
2026-03-03 19:17:36,926 - Matched GRN 69980a50167dfac83f79cef5: vendorName='RAJ PRINTING SOLUTION'
2026-03-03 19:17:36,926 - GRN 6996b5ba29a5f78e456adaac: vendorName raw='SRI JANANI AGENCIES', stripped='SRI JANANI AGENCIES', filter='None'
2026-03-03 19:17:36,926 - Matched GRN 6996b5ba29a5f78e456adaac: vendorName='SRI JANANI AGENCIES'
2026-03-03 19:17:36,926 - GRN 6996b59629a5f78e456adaa1: vendorName raw='SRI JANANI AGENCIES', stripped='SRI JANANI AGENCIES', filter='None'
2026-03-03 19:17:36,926 - Matched GRN 6996b59629a5f78e456adaa1: vendorName='SRI JANANI AGENCIES'
2026-03-03 19:17:36,927 - GRN 6996b2e829a5f78e456ada8e: vendorName raw='SRI JANANI AGENCIES', stripped='SRI JANANI AGENCIES', filter='None'
2026-03-03 19:17:36,927 - Matched GRN 6996b2e829a5f78e456ada8e: vendorName='SRI JANANI AGENCIES'
2026-03-03 19:17:36,927 - GRN 6996aee74c33ae4c560a6466: vendorName raw='SRI JANANI AGENCIES', stripped='SRI JANANI AGENCIES', filter='None'
2026-03-03 19:17:36,927 - Matched GRN 6996aee74c33ae4c560a6466: vendorName='SRI JANANI AGENCIES'
2026-03-03 19:17:36,928 - GRN 6996a25cd099fcddeb14359e: vendorName raw='SRI JANANI AGENCIES', stripped='SRI JANANI AGENCIES', filter='None'
2026-03-03 19:17:36,928 - Matched GRN 6996a25cd099fcddeb14359e: vendorName='SRI JANANI AGENCIES'
2026-03-03 19:17:36,928 - GRN 6996a024d099fcddeb143598: vendorName raw='SRI JANANI AGENCIES', stripped='SRI JANANI AGENCIES', filter='None'
2026-03-03 19:17:36,928 - Matched GRN 6996a024d099fcddeb143598: vendorName='SRI JANANI AGENCIES'
2026-03-03 19:17:36,929 - GRN 69969afa63eff5b997ff6b98: vendorName raw='SRI JANANI AGENCIES', stripped='SRI JANANI AGENCIES', filter='None'
2026-03-03 19:17:36,929 - Matched GRN 69969afa63eff5b997ff6b98: vendorName='SRI JANANI AGENCIES'
2026-03-03 19:17:36,929 - GRN 69969a0263eff5b997ff6b92: vendorName raw='SRI JANANI AGENCIES', stripped='SRI JANANI AGENCIES', filter='None'
2026-03-03 19:17:36,929 - Matched GRN 69969a0263eff5b997ff6b92: vendorName='SRI JANANI AGENCIES'
2026-03-03 19:17:36,929 - GRN 6996978063eff5b997ff6b84: vendorName raw='SRI JANANI AGENCIES', stripped='SRI JANANI AGENCIES', filter='None'
2026-03-03 19:17:36,929 - Matched GRN 6996978063eff5b997ff6b84: vendorName='SRI JANANI AGENCIES'
2026-03-03 19:17:36,930 - GRN 6995afb6449649e8663db557: vendorName raw='SRI JANANI AGENCIES', stripped='SRI JANANI AGENCIES', filter='None'
2026-03-03 19:17:36,930 - Matched GRN 6995afb6449649e8663db557: vendorName='SRI JANANI AGENCIES'
2026-03-03 19:17:36,930 - GRN 6995ae2f449649e8663db53f: vendorName raw='ARR AGENCIES', stripped='ARR AGENCIES', filter='None'
2026-03-03 19:17:36,930 - Matched GRN 6995ae2f449649e8663db53f: vendorName='ARR AGENCIES'
2026-03-03 19:17:36,930 - GRN 69944345ddbb591e2d47c124: vendorName raw='MURUGAN STORE', stripped='MURUGAN STORE', filter='None'
2026-03-03 19:17:36,931 - Matched GRN 69944345ddbb591e2d47c124: vendorName='MURUGAN STORE'
2026-03-03 19:17:36,931 - GRN 6992d97d826cd1300a5f0cce: vendorName raw='SRI JANANI AGENCIES', stripped='SRI JANANI AGENCIES', filter='None'
2026-03-03 19:17:36,931 - Matched GRN 6992d97d826cd1300a5f0cce: vendorName='SRI JANANI AGENCIES'
2026-03-03 19:17:36,931 - GRN 69943ef3f3254ba5acb94d26: vendorName raw='HANISH FOODS SHOP', stripped='HANISH FOODS SHOP', filter='None'
2026-03-03 19:17:36,931 - Matched GRN 69943ef3f3254ba5acb94d26: vendorName='HANISH FOODS SHOP'
2026-03-03 19:17:36,932 - Final filtered GRNs: 24 (skipped: 0 total fetched: 24)
2026-03-03 19:17:37,043 - Tenant context set: 698d68b26e0e40f613847b0c -> purchasetest
2026-03-03 19:17:37,341 - Tenant context set: 698d68b26e0e40f613847b0c -> purchasetest
2026-03-03 19:17:37,438 - Tenant context set: 698d68b26e0e40f613847b0c -> purchasetest
2026-03-03 19:17:37,719 - Tenant context set: 698d68b26e0e40f613847b0c -> purchasetest
2026-03-03 19:17:37,922 - Tenant context set: 698d68b26e0e40f613847b0c -> purchasetest
2026-03-03 19:17:38,636 - Full MongoDB query: {'status': {'$in': ['Active', 'active', 'Partially Returned', 'PartiallyReturned']}}
2026-03-03 19:17:38,735 - Raw total matching GRNs: 24
2026-03-03 19:17:39,142 - Fetched 24 raw GRNs from cursor
2026-03-03 19:17:39,419 - GRN 69a186ea949dd5b1b7486e4d: vendorName raw='SRINIVAS COLOUR PACK', stripped='SRINIVAS COLOUR PACK', filter='None'
2026-03-03 19:17:39,419 - Matched GRN 69a186ea949dd5b1b7486e4d: vendorName='SRINIVAS COLOUR PACK'
2026-03-03 19:17:39,420 - GRN 69a135c5a9765cd70cbb736b: vendorName raw='SS AGENCY', stripped='SS AGENCY', filter='None'
2026-03-03 19:17:39,420 - Matched GRN 69a135c5a9765cd70cbb736b: vendorName='SS AGENCY'
2026-03-03 19:17:39,421 - GRN 699d99d56a6f9d358c97d8f5: vendorName raw='SRI BALAJI TRADERS', stripped='SRI BALAJI TRADERS', filter='None'
2026-03-03 19:17:39,421 - Matched GRN 699d99d56a6f9d358c97d8f5: vendorName='SRI BALAJI TRADERS'
2026-03-03 19:17:39,422 - GRN 699d915b6a6f9d358c97d8ea: vendorName raw='HANISH FOODS SHOP', stripped='HANISH FOODS SHOP', filter='None'
2026-03-03 19:17:39,422 - Matched GRN 699d915b6a6f9d358c97d8ea: vendorName='HANISH FOODS SHOP'
2026-03-03 19:17:39,423 - GRN 699d91386a6f9d358c97d8e6: vendorName raw='HANISH FOODS SHOP', stripped='HANISH FOODS SHOP', filter='None'
2026-03-03 19:17:39,423 - Matched GRN 699d91386a6f9d358c97d8e6: vendorName='HANISH FOODS SHOP'
2026-03-03 19:17:39,423 - GRN 699d8e0c9f900005f1e3c18e: vendorName raw='MAHIDARSHAN DAIRY FARM', stripped='MAHIDARSHAN DAIRY FARM', filter='None'
2026-03-03 19:17:39,424 - Matched GRN 699d8e0c9f900005f1e3c18e: vendorName='MAHIDARSHAN DAIRY FARM'
2026-03-03 19:17:39,424 - GRN 699d8dd39f900005f1e3c188: vendorName raw='MAHIDARSHAN DAIRY FARM', stripped='MAHIDARSHAN DAIRY FARM', filter='None'
2026-03-03 19:17:39,425 - Matched GRN 699d8dd39f900005f1e3c188: vendorName='MAHIDARSHAN DAIRY FARM'
2026-03-03 19:17:39,425 - GRN 699bfc4463679f169b7ef568: vendorName raw='MURUGAN STORE', stripped='MURUGAN STORE', filter='None'
2026-03-03 19:17:39,425 - Matched GRN 699bfc4463679f169b7ef568: vendorName='MURUGAN STORE'
2026-03-03 19:17:39,427 - GRN 699991b68c3eb2c19a18ef01: vendorName raw='NAMMAKADAI', stripped='NAMMAKADAI', filter='None'
2026-03-03 19:17:39,427 - Matched GRN 699991b68c3eb2c19a18ef01: vendorName='NAMMAKADAI'
2026-03-03 19:17:39,428 - GRN 69980a50167dfac83f79cef5: vendorName raw='RAJ PRINTING SOLUTION', stripped='RAJ PRINTING SOLUTION', filter='None'
2026-03-03 19:17:39,428 - Matched GRN 69980a50167dfac83f79cef5: vendorName='RAJ PRINTING SOLUTION'
2026-03-03 19:17:39,429 - GRN 6996b5ba29a5f78e456adaac: vendorName raw='SRI JANANI AGENCIES', stripped='SRI JANANI AGENCIES', filter='None'
2026-03-03 19:17:39,429 - Matched GRN 6996b5ba29a5f78e456adaac: vendorName='SRI JANANI AGENCIES'
2026-03-03 19:17:39,431 - GRN 6996b59629a5f78e456adaa1: vendorName raw='SRI JANANI AGENCIES', stripped='SRI JANANI AGENCIES', filter='None'
2026-03-03 19:17:39,431 - Matched GRN 6996b59629a5f78e456adaa1: vendorName='SRI JANANI AGENCIES'
2026-03-03 19:17:39,432 - GRN 6996b2e829a5f78e456ada8e: vendorName raw='SRI JANANI AGENCIES', stripped='SRI JANANI AGENCIES', filter='None'
2026-03-03 19:17:39,432 - Matched GRN 6996b2e829a5f78e456ada8e: vendorName='SRI JANANI AGENCIES'
2026-03-03 19:17:39,433 - GRN 6996aee74c33ae4c560a6466: vendorName raw='SRI JANANI AGENCIES', stripped='SRI JANANI AGENCIES', filter='None'
2026-03-03 19:17:39,433 - Matched GRN 6996aee74c33ae4c560a6466: vendorName='SRI JANANI AGENCIES'
2026-03-03 19:17:39,434 - GRN 6996a25cd099fcddeb14359e: vendorName raw='SRI JANANI AGENCIES', stripped='SRI JANANI AGENCIES', filter='None'
2026-03-03 19:17:39,435 - Matched GRN 6996a25cd099fcddeb14359e: vendorName='SRI JANANI AGENCIES'
2026-03-03 19:17:39,435 - GRN 6996a024d099fcddeb143598: vendorName raw='SRI JANANI AGENCIES', stripped='SRI JANANI AGENCIES', filter='None'
2026-03-03 19:17:39,435 - Matched GRN 6996a024d099fcddeb143598: vendorName='SRI JANANI AGENCIES'
2026-03-03 19:17:39,436 - GRN 69969afa63eff5b997ff6b98: vendorName raw='SRI JANANI AGENCIES', stripped='SRI JANANI AGENCIES', filter='None'
2026-03-03 19:17:39,436 - Matched GRN 69969afa63eff5b997ff6b98: vendorName='SRI JANANI AGENCIES'
2026-03-03 19:17:39,437 - GRN 69969a0263eff5b997ff6b92: vendorName raw='SRI JANANI AGENCIES', stripped='SRI JANANI AGENCIES', filter='None'
2026-03-03 19:17:39,437 - Matched GRN 69969a0263eff5b997ff6b92: vendorName='SRI JANANI AGENCIES'
2026-03-03 19:17:39,438 - GRN 6996978063eff5b997ff6b84: vendorName raw='SRI JANANI AGENCIES', stripped='SRI JANANI AGENCIES', filter='None'
2026-03-03 19:17:39,438 - Matched GRN 6996978063eff5b997ff6b84: vendorName='SRI JANANI AGENCIES'
2026-03-03 19:17:39,438 - GRN 6995afb6449649e8663db557: vendorName raw='SRI JANANI AGENCIES', stripped='SRI JANANI AGENCIES', filter='None'
2026-03-03 19:17:39,439 - Matched GRN 6995afb6449649e8663db557: vendorName='SRI JANANI AGENCIES'
2026-03-03 19:17:39,439 - GRN 6995ae2f449649e8663db53f: vendorName raw='ARR AGENCIES', stripped='ARR AGENCIES', filter='None'
2026-03-03 19:17:39,439 - Matched GRN 6995ae2f449649e8663db53f: vendorName='ARR AGENCIES'
2026-03-03 19:17:39,439 - GRN 69944345ddbb591e2d47c124: vendorName raw='MURUGAN STORE', stripped='MURUGAN STORE', filter='None'
2026-03-03 19:17:39,439 - Matched GRN 69944345ddbb591e2d47c124: vendorName='MURUGAN STORE'
2026-03-03 19:17:39,440 - GRN 6992d97d826cd1300a5f0cce: vendorName raw='SRI JANANI AGENCIES', stripped='SRI JANANI AGENCIES', filter='None'
2026-03-03 19:17:39,440 - Matched GRN 6992d97d826cd1300a5f0cce: vendorName='SRI JANANI AGENCIES'
2026-03-03 19:17:39,440 - GRN 69943ef3f3254ba5acb94d26: vendorName raw='HANISH FOODS SHOP', stripped='HANISH FOODS SHOP', filter='None'
2026-03-03 19:17:39,441 - Matched GRN 69943ef3f3254ba5acb94d26: vendorName='HANISH FOODS SHOP'
2026-03-03 19:17:39,441 - Final filtered GRNs: 24 (skipped: 0 total fetched: 24)
2026-03-03 19:17:46,739 - Tenant context set: 698d68b26e0e40f613847b0c -> purchasetest
2026-03-03 19:17:47,140 - ====================================================================================================
2026-03-03 19:17:47,140 - 🔄 INITIATING GRN REVERT - GRN ID: 69a186ea949dd5b1b7486e4d
2026-03-03 19:17:47,141 - Associated PO ID: 69a1387cd00ef0e7e222a42f
2026-03-03 19:17:47,141 - ====================================================================================================
2026-03-03 19:17:47,142 - GRN_REVERT_START|grn_id=69a186ea949dd5b1b7486e4d|po_id=69a1387cd00ef0e7e222a42f
2026-03-03 19:17:47,144 - Reversed GRN for item 69a1387cd00ef0e7e222a42e: totalReceivedQuantity now 0.00, pending 5.00, expiryDate cleared
2026-03-03 19:17:47,145 - PO_ITEM_REVERT|item_id=69a1387cd00ef0e7e222a42e|randomId=PI663|qty_removed=5.00|new_total=0.00
2026-03-03 19:17:47,149 - ✅ Step 1: PO items updated - 1 items reversed
2026-03-03 19:17:47,150 - ====================================================================================================
2026-03-03 19:17:47,151 - STOCK UPDATE - REVERT (SUBTRACT)
2026-03-03 19:17:47,152 - Timestamp: 2026-03-03 19:17:47.150310+05:30
2026-03-03 19:17:47,152 - Total items to process: 1
2026-03-03 19:17:47,153 - ====================================================================================================
2026-03-03 19:17:47,154 - 
--- Processing Item 1/1 ---
2026-03-03 19:17:47,155 - Item RandomId: PI663
2026-03-03 19:17:47,155 - Item Name: COLOR KESHARI PREMIUM
2026-03-03 19:17:47,156 - Location: WH001
2026-03-03 19:17:47,157 - Quantity Change: -5.00 (SUBTRACT 5.0)
2026-03-03 19:17:47,331 - Item Master Stock Calculation: 17.00 + (-5.00) = 12.00
2026-03-03 19:17:47,524 - ✅ PURCHASEITEM UPDATED - Total Stock: 17.00 -> 12.00 (Change: -5.00)
2026-03-03 19:17:47,621 - ⚠️ No existing inventory record for location WH001. Creating with 0 stock.
2026-03-03 19:17:47,724 - ✅ INVENTORY CREATED for Location WH001 with stock: 0.00
2026-03-03 19:17:47,724 - ====================================================================================================
📊 STOCK UPDATE COMPLETE SUMMARY
====================================================================================================
Operation Type: REVERT (SUBTRACT)
Total Items Processed: 1
Successful: 1
Failed: 0

📦 PURCHASEITEM UPDATES (Item Master):
   - Total Stock Updates: 1

📍 INVENTORY UPDATES (Location-Based):
   - Location Updates: 0
   - Location Creates: 1
   - Errors: 0
====================================================================================================
2026-03-03 19:17:47,725 - ✅ Step 2: Stock quantities reversed in purchaseitem and inventory
2026-03-03 19:17:47,725 -    - PurchaseItem updates: 1
2026-03-03 19:17:47,725 -    - Inventory updates: 0
2026-03-03 19:17:47,726 -    - Inventory creates: 1
2026-03-03 19:17:47,726 - ✅ Step 3: PO totals recalculated
2026-03-03 19:17:47,726 - ✅ Step 4: Status determined - PO Status: Approved, Item Status: Pending
2026-03-03 19:17:47,943 - ✅ Step 5: GRN marked as reverted with canBeReUpdated=True
2026-03-03 19:17:48,222 - ✅ Step 6: PO updated successfully
2026-03-03 19:17:48,223 - 
====================================================================================================
✅ GRN REVERT COMPLETED SUCCESSFULLY
====================================================================================================
GRN ID: 69a186ea949dd5b1b7486e4d
PO ID: 69a1387cd00ef0e7e222a42f
New PO Status: Approved
Items Reversed: 1
Stock Updates:
  - PurchaseItem Updates: 1
  - Inventory Updates: 0
  - Inventory Creates: 1
Total Order Amount: 0.00
Pending Order Amount: 1440.01
Can Be Re-Updated: True
====================================================================================================
        
2026-03-03 19:17:48,223 - GRN_REVERT_COMPLETE|grn_id=69a186ea949dd5b1b7486e4d|po_id=69a1387cd00ef0e7e222a42f|status=Approved|items_reversed=1|stock_updates={'success': True, 'totalProcessed': 1, 'successful': 1, 'failed': 0, 'items': [{'randomId': 'PI663', 'itemName': 'COLOR KESHARI PREMIUM', 'stockChange': -5.0, 'newStock': 12.0, 'locationStockChange': 0, 'newLocationStock': 0, 'locationId': 'WH001', 'priceUpdated': False, 'status': 'success', 'reason': None}], 'timestamp': '2026-03-03T19:17:47.150310+05:30', 'purchaseitem_updates': 1, 'inventory_updates': 0, 'inventory_creates': 1, 'errors': 0}
2026-03-03 19:17:48,225 - GRN_REVERT|grn_id=69a186ea949dd5b1b7486e4d|po_id=69a1387cd00ef0e7e222a42f|timestamp=2026-03-03 19:17:47.727017+05:30
2026-03-03 19:17:48,822 - Tenant context set: 698d68b26e0e40f613847b0c -> purchasetest
2026-03-03 19:17:49,342 - Full MongoDB query: {'status': {'$in': ['Active', 'active', 'Partially Returned', 'PartiallyReturned']}}
2026-03-03 19:17:49,437 - Raw total matching GRNs: 23
2026-03-03 19:17:49,880 - Fetched 23 raw GRNs from cursor
2026-03-03 19:17:50,219 - GRN 69a135c5a9765cd70cbb736b: vendorName raw='SS AGENCY', stripped='SS AGENCY', filter='None'
2026-03-03 19:17:50,219 - Matched GRN 69a135c5a9765cd70cbb736b: vendorName='SS AGENCY'
2026-03-03 19:17:50,219 - GRN 699d99d56a6f9d358c97d8f5: vendorName raw='SRI BALAJI TRADERS', stripped='SRI BALAJI TRADERS', filter='None'
2026-03-03 19:17:50,219 - Matched GRN 699d99d56a6f9d358c97d8f5: vendorName='SRI BALAJI TRADERS'
2026-03-03 19:17:50,220 - GRN 699d915b6a6f9d358c97d8ea: vendorName raw='HANISH FOODS SHOP', stripped='HANISH FOODS SHOP', filter='None'
2026-03-03 19:17:50,220 - Matched GRN 699d915b6a6f9d358c97d8ea: vendorName='HANISH FOODS SHOP'
2026-03-03 19:17:50,220 - GRN 699d91386a6f9d358c97d8e6: vendorName raw='HANISH FOODS SHOP', stripped='HANISH FOODS SHOP', filter='None'
2026-03-03 19:17:50,220 - Matched GRN 699d91386a6f9d358c97d8e6: vendorName='HANISH FOODS SHOP'
2026-03-03 19:17:50,220 - GRN 699d8e0c9f900005f1e3c18e: vendorName raw='MAHIDARSHAN DAIRY FARM', stripped='MAHIDARSHAN DAIRY FARM', filter='None'
2026-03-03 19:17:50,220 - Matched GRN 699d8e0c9f900005f1e3c18e: vendorName='MAHIDARSHAN DAIRY FARM'
2026-03-03 19:17:50,220 - GRN 699d8dd39f900005f1e3c188: vendorName raw='MAHIDARSHAN DAIRY FARM', stripped='MAHIDARSHAN DAIRY FARM', filter='None'
2026-03-03 19:17:50,220 - Matched GRN 699d8dd39f900005f1e3c188: vendorName='MAHIDARSHAN DAIRY FARM'
2026-03-03 19:17:50,221 - GRN 699bfc4463679f169b7ef568: vendorName raw='MURUGAN STORE', stripped='MURUGAN STORE', filter='None'
2026-03-03 19:17:50,221 - Matched GRN 699bfc4463679f169b7ef568: vendorName='MURUGAN STORE'
2026-03-03 19:17:50,221 - GRN 699991b68c3eb2c19a18ef01: vendorName raw='NAMMAKADAI', stripped='NAMMAKADAI', filter='None'
2026-03-03 19:17:50,221 - Matched GRN 699991b68c3eb2c19a18ef01: vendorName='NAMMAKADAI'
2026-03-03 19:17:50,221 - GRN 69980a50167dfac83f79cef5: vendorName raw='RAJ PRINTING SOLUTION', stripped='RAJ PRINTING SOLUTION', filter='None'
2026-03-03 19:17:50,222 - Matched GRN 69980a50167dfac83f79cef5: vendorName='RAJ PRINTING SOLUTION'
2026-03-03 19:17:50,222 - GRN 6996b5ba29a5f78e456adaac: vendorName raw='SRI JANANI AGENCIES', stripped='SRI JANANI AGENCIES', filter='None'
2026-03-03 19:17:50,222 - Matched GRN 6996b5ba29a5f78e456adaac: vendorName='SRI JANANI AGENCIES'
2026-03-03 19:17:50,222 - GRN 6996b59629a5f78e456adaa1: vendorName raw='SRI JANANI AGENCIES', stripped='SRI JANANI AGENCIES', filter='None'
2026-03-03 19:17:50,222 - Matched GRN 6996b59629a5f78e456adaa1: vendorName='SRI JANANI AGENCIES'
2026-03-03 19:17:50,222 - GRN 6996b2e829a5f78e456ada8e: vendorName raw='SRI JANANI AGENCIES', stripped='SRI JANANI AGENCIES', filter='None'
2026-03-03 19:17:50,222 - Matched GRN 6996b2e829a5f78e456ada8e: vendorName='SRI JANANI AGENCIES'
2026-03-03 19:17:50,223 - GRN 6996aee74c33ae4c560a6466: vendorName raw='SRI JANANI AGENCIES', stripped='SRI JANANI AGENCIES', filter='None'
2026-03-03 19:17:50,223 - Matched GRN 6996aee74c33ae4c560a6466: vendorName='SRI JANANI AGENCIES'
2026-03-03 19:17:50,223 - GRN 6996a25cd099fcddeb14359e: vendorName raw='SRI JANANI AGENCIES', stripped='SRI JANANI AGENCIES', filter='None'
2026-03-03 19:17:50,223 - Matched GRN 6996a25cd099fcddeb14359e: vendorName='SRI JANANI AGENCIES'
2026-03-03 19:17:50,224 - GRN 6996a024d099fcddeb143598: vendorName raw='SRI JANANI AGENCIES', stripped='SRI JANANI AGENCIES', filter='None'
2026-03-03 19:17:50,224 - Matched GRN 6996a024d099fcddeb143598: vendorName='SRI JANANI AGENCIES'
2026-03-03 19:17:50,224 - GRN 69969afa63eff5b997ff6b98: vendorName raw='SRI JANANI AGENCIES', stripped='SRI JANANI AGENCIES', filter='None'
2026-03-03 19:17:50,224 - Matched GRN 69969afa63eff5b997ff6b98: vendorName='SRI JANANI AGENCIES'
2026-03-03 19:17:50,224 - GRN 69969a0263eff5b997ff6b92: vendorName raw='SRI JANANI AGENCIES', stripped='SRI JANANI AGENCIES', filter='None'
2026-03-03 19:17:50,224 - Matched GRN 69969a0263eff5b997ff6b92: vendorName='SRI JANANI AGENCIES'
2026-03-03 19:17:50,224 - GRN 6996978063eff5b997ff6b84: vendorName raw='SRI JANANI AGENCIES', stripped='SRI JANANI AGENCIES', filter='None'
2026-03-03 19:17:50,225 - Matched GRN 6996978063eff5b997ff6b84: vendorName='SRI JANANI AGENCIES'
2026-03-03 19:17:50,225 - GRN 6995afb6449649e8663db557: vendorName raw='SRI JANANI AGENCIES', stripped='SRI JANANI AGENCIES', filter='None'
2026-03-03 19:17:50,225 - Matched GRN 6995afb6449649e8663db557: vendorName='SRI JANANI AGENCIES'
2026-03-03 19:17:50,225 - GRN 6995ae2f449649e8663db53f: vendorName raw='ARR AGENCIES', stripped='ARR AGENCIES', filter='None'
2026-03-03 19:17:50,225 - Matched GRN 6995ae2f449649e8663db53f: vendorName='ARR AGENCIES'
2026-03-03 19:17:50,225 - GRN 69944345ddbb591e2d47c124: vendorName raw='MURUGAN STORE', stripped='MURUGAN STORE', filter='None'
2026-03-03 19:17:50,225 - Matched GRN 69944345ddbb591e2d47c124: vendorName='MURUGAN STORE'
2026-03-03 19:17:50,226 - GRN 6992d97d826cd1300a5f0cce: vendorName raw='SRI JANANI AGENCIES', stripped='SRI JANANI AGENCIES', filter='None'
2026-03-03 19:17:50,226 - Matched GRN 6992d97d826cd1300a5f0cce: vendorName='SRI JANANI AGENCIES'
2026-03-03 19:17:50,226 - GRN 69943ef3f3254ba5acb94d26: vendorName raw='HANISH FOODS SHOP', stripped='HANISH FOODS SHOP', filter='None'
2026-03-03 19:17:50,226 - Matched GRN 69943ef3f3254ba5acb94d26: vendorName='HANISH FOODS SHOP'
2026-03-03 19:17:50,226 - Final filtered GRNs: 23 (skipped: 0 total fetched: 23)
2026-03-03 19:18:15,221 - Tenant context set: 698d68b26e0e40f613847b0c -> purchasetest
2026-03-03 19:20:05,243 - Tenant context set: 698d68b26e0e40f613847b0c -> purchasetest
2026-03-03 19:20:05,639 - Tenant context set: 698d68b26e0e40f613847b0c -> purchasetest
2026-03-03 19:20:05,748 - Tenant context set: 698d68b26e0e40f613847b0c -> purchasetest
2026-03-03 19:20:05,917 - Tenant context set: 698d68b26e0e40f613847b0c -> purchasetest
2026-03-03 19:20:06,515 - Tenant context set: 698d68b26e0e40f613847b0c -> purchasetest
2026-03-03 19:20:06,821 - Full MongoDB query: {'status': {'$in': ['Active', 'active', 'Partially Returned', 'PartiallyReturned']}}
2026-03-03 19:20:06,921 - Raw total matching GRNs: 23
2026-03-03 19:20:07,322 - Fetched 23 raw GRNs from cursor
2026-03-03 19:20:07,527 - GRN 69a135c5a9765cd70cbb736b: vendorName raw='SS AGENCY', stripped='SS AGENCY', filter='None'
2026-03-03 19:20:07,528 - Matched GRN 69a135c5a9765cd70cbb736b: vendorName='SS AGENCY'
2026-03-03 19:20:07,528 - GRN 699d99d56a6f9d358c97d8f5: vendorName raw='SRI BALAJI TRADERS', stripped='SRI BALAJI TRADERS', filter='None'
2026-03-03 19:20:07,529 - Matched GRN 699d99d56a6f9d358c97d8f5: vendorName='SRI BALAJI TRADERS'
2026-03-03 19:20:07,529 - GRN 699d915b6a6f9d358c97d8ea: vendorName raw='HANISH FOODS SHOP', stripped='HANISH FOODS SHOP', filter='None'
2026-03-03 19:20:07,529 - Matched GRN 699d915b6a6f9d358c97d8ea: vendorName='HANISH FOODS SHOP'
2026-03-03 19:20:07,530 - GRN 699d91386a6f9d358c97d8e6: vendorName raw='HANISH FOODS SHOP', stripped='HANISH FOODS SHOP', filter='None'
2026-03-03 19:20:07,530 - Matched GRN 699d91386a6f9d358c97d8e6: vendorName='HANISH FOODS SHOP'
2026-03-03 19:20:07,530 - GRN 699d8e0c9f900005f1e3c18e: vendorName raw='MAHIDARSHAN DAIRY FARM', stripped='MAHIDARSHAN DAIRY FARM', filter='None'
2026-03-03 19:20:07,531 - Matched GRN 699d8e0c9f900005f1e3c18e: vendorName='MAHIDARSHAN DAIRY FARM'
2026-03-03 19:20:07,531 - GRN 699d8dd39f900005f1e3c188: vendorName raw='MAHIDARSHAN DAIRY FARM', stripped='MAHIDARSHAN DAIRY FARM', filter='None'
2026-03-03 19:20:07,531 - Matched GRN 699d8dd39f900005f1e3c188: vendorName='MAHIDARSHAN DAIRY FARM'
2026-03-03 19:20:07,532 - GRN 699bfc4463679f169b7ef568: vendorName raw='MURUGAN STORE', stripped='MURUGAN STORE', filter='None'
2026-03-03 19:20:07,532 - Matched GRN 699bfc4463679f169b7ef568: vendorName='MURUGAN STORE'
2026-03-03 19:20:07,533 - GRN 699991b68c3eb2c19a18ef01: vendorName raw='NAMMAKADAI', stripped='NAMMAKADAI', filter='None'
2026-03-03 19:20:07,533 - Matched GRN 699991b68c3eb2c19a18ef01: vendorName='NAMMAKADAI'
2026-03-03 19:20:07,536 - GRN 69980a50167dfac83f79cef5: vendorName raw='RAJ PRINTING SOLUTION', stripped='RAJ PRINTING SOLUTION', filter='None'
2026-03-03 19:20:07,536 - Matched GRN 69980a50167dfac83f79cef5: vendorName='RAJ PRINTING SOLUTION'
2026-03-03 19:20:07,536 - GRN 6996b5ba29a5f78e456adaac: vendorName raw='SRI JANANI AGENCIES', stripped='SRI JANANI AGENCIES', filter='None'
2026-03-03 19:20:07,537 - Matched GRN 6996b5ba29a5f78e456adaac: vendorName='SRI JANANI AGENCIES'
2026-03-03 19:20:07,537 - GRN 6996b59629a5f78e456adaa1: vendorName raw='SRI JANANI AGENCIES', stripped='SRI JANANI AGENCIES', filter='None'
2026-03-03 19:20:07,537 - Matched GRN 6996b59629a5f78e456adaa1: vendorName='SRI JANANI AGENCIES'
2026-03-03 19:20:07,540 - GRN 6996b2e829a5f78e456ada8e: vendorName raw='SRI JANANI AGENCIES', stripped='SRI JANANI AGENCIES', filter='None'
2026-03-03 19:20:07,541 - Matched GRN 6996b2e829a5f78e456ada8e: vendorName='SRI JANANI AGENCIES'
2026-03-03 19:20:07,542 - GRN 6996aee74c33ae4c560a6466: vendorName raw='SRI JANANI AGENCIES', stripped='SRI JANANI AGENCIES', filter='None'
2026-03-03 19:20:07,543 - Matched GRN 6996aee74c33ae4c560a6466: vendorName='SRI JANANI AGENCIES'
2026-03-03 19:20:07,544 - GRN 6996a25cd099fcddeb14359e: vendorName raw='SRI JANANI AGENCIES', stripped='SRI JANANI AGENCIES', filter='None'
2026-03-03 19:20:07,544 - Matched GRN 6996a25cd099fcddeb14359e: vendorName='SRI JANANI AGENCIES'
2026-03-03 19:20:07,545 - GRN 6996a024d099fcddeb143598: vendorName raw='SRI JANANI AGENCIES', stripped='SRI JANANI AGENCIES', filter='None'
2026-03-03 19:20:07,545 - Matched GRN 6996a024d099fcddeb143598: vendorName='SRI JANANI AGENCIES'
2026-03-03 19:20:07,546 - GRN 69969afa63eff5b997ff6b98: vendorName raw='SRI JANANI AGENCIES', stripped='SRI JANANI AGENCIES', filter='None'
2026-03-03 19:20:07,546 - Matched GRN 69969afa63eff5b997ff6b98: vendorName='SRI JANANI AGENCIES'
2026-03-03 19:20:07,547 - GRN 69969a0263eff5b997ff6b92: vendorName raw='SRI JANANI AGENCIES', stripped='SRI JANANI AGENCIES', filter='None'
2026-03-03 19:20:07,547 - Matched GRN 69969a0263eff5b997ff6b92: vendorName='SRI JANANI AGENCIES'
2026-03-03 19:20:07,548 - GRN 6996978063eff5b997ff6b84: vendorName raw='SRI JANANI AGENCIES', stripped='SRI JANANI AGENCIES', filter='None'
2026-03-03 19:20:07,548 - Matched GRN 6996978063eff5b997ff6b84: vendorName='SRI JANANI AGENCIES'
2026-03-03 19:20:07,549 - GRN 6995afb6449649e8663db557: vendorName raw='SRI JANANI AGENCIES', stripped='SRI JANANI AGENCIES', filter='None'
2026-03-03 19:20:07,549 - Matched GRN 6995afb6449649e8663db557: vendorName='SRI JANANI AGENCIES'
2026-03-03 19:20:07,550 - GRN 6995ae2f449649e8663db53f: vendorName raw='ARR AGENCIES', stripped='ARR AGENCIES', filter='None'
2026-03-03 19:20:07,550 - Matched GRN 6995ae2f449649e8663db53f: vendorName='ARR AGENCIES'
2026-03-03 19:20:07,550 - GRN 69944345ddbb591e2d47c124: vendorName raw='MURUGAN STORE', stripped='MURUGAN STORE', filter='None'
2026-03-03 19:20:07,550 - Matched GRN 69944345ddbb591e2d47c124: vendorName='MURUGAN STORE'
2026-03-03 19:20:07,551 - GRN 6992d97d826cd1300a5f0cce: vendorName raw='SRI JANANI AGENCIES', stripped='SRI JANANI AGENCIES', filter='None'
2026-03-03 19:20:07,551 - Matched GRN 6992d97d826cd1300a5f0cce: vendorName='SRI JANANI AGENCIES'
2026-03-03 19:20:07,551 - GRN 69943ef3f3254ba5acb94d26: vendorName raw='HANISH FOODS SHOP', stripped='HANISH FOODS SHOP', filter='None'
2026-03-03 19:20:07,552 - Matched GRN 69943ef3f3254ba5acb94d26: vendorName='HANISH FOODS SHOP'
2026-03-03 19:20:07,552 - Final filtered GRNs: 23 (skipped: 0 total fetched: 23)
2026-03-03 19:20:07,718 - Tenant context set: 698d68b26e0e40f613847b0c -> purchasetest
2026-03-03 19:20:08,188 - Tenant context set: 698d68b26e0e40f613847b0c -> purchasetest
2026-03-03 19:20:08,522 - Tenant context set: 698d68b26e0e40f613847b0c -> purchasetest
2026-03-03 19:20:09,040 - Tenant context set: 698d68b26e0e40f613847b0c -> purchasetest
2026-03-03 19:20:09,426 - Tenant context set: 698d68b26e0e40f613847b0c -> purchasetest
2026-03-03 19:20:09,917 - Full MongoDB query: {'status': {'$in': ['Active', 'active', 'Partially Returned', 'PartiallyReturned']}}
2026-03-03 19:20:10,016 - Raw total matching GRNs: 23
2026-03-03 19:20:10,431 - Fetched 23 raw GRNs from cursor
2026-03-03 19:20:10,818 - GRN 69a135c5a9765cd70cbb736b: vendorName raw='SS AGENCY', stripped='SS AGENCY', filter='None'
2026-03-03 19:20:10,818 - Matched GRN 69a135c5a9765cd70cbb736b: vendorName='SS AGENCY'
2026-03-03 19:20:10,818 - GRN 699d99d56a6f9d358c97d8f5: vendorName raw='SRI BALAJI TRADERS', stripped='SRI BALAJI TRADERS', filter='None'
2026-03-03 19:20:10,819 - Matched GRN 699d99d56a6f9d358c97d8f5: vendorName='SRI BALAJI TRADERS'
2026-03-03 19:20:10,819 - GRN 699d915b6a6f9d358c97d8ea: vendorName raw='HANISH FOODS SHOP', stripped='HANISH FOODS SHOP', filter='None'
2026-03-03 19:20:10,819 - Matched GRN 699d915b6a6f9d358c97d8ea: vendorName='HANISH FOODS SHOP'
2026-03-03 19:20:10,820 - GRN 699d91386a6f9d358c97d8e6: vendorName raw='HANISH FOODS SHOP', stripped='HANISH FOODS SHOP', filter='None'
2026-03-03 19:20:10,821 - Matched GRN 699d91386a6f9d358c97d8e6: vendorName='HANISH FOODS SHOP'
2026-03-03 19:20:10,822 - GRN 699d8e0c9f900005f1e3c18e: vendorName raw='MAHIDARSHAN DAIRY FARM', stripped='MAHIDARSHAN DAIRY FARM', filter='None'
2026-03-03 19:20:10,822 - Matched GRN 699d8e0c9f900005f1e3c18e: vendorName='MAHIDARSHAN DAIRY FARM'
2026-03-03 19:20:10,824 - GRN 699d8dd39f900005f1e3c188: vendorName raw='MAHIDARSHAN DAIRY FARM', stripped='MAHIDARSHAN DAIRY FARM', filter='None'
2026-03-03 19:20:10,824 - Matched GRN 699d8dd39f900005f1e3c188: vendorName='MAHIDARSHAN DAIRY FARM'
2026-03-03 19:20:10,825 - GRN 699bfc4463679f169b7ef568: vendorName raw='MURUGAN STORE', stripped='MURUGAN STORE', filter='None'
2026-03-03 19:20:10,825 - Matched GRN 699bfc4463679f169b7ef568: vendorName='MURUGAN STORE'
2026-03-03 19:20:10,827 - GRN 699991b68c3eb2c19a18ef01: vendorName raw='NAMMAKADAI', stripped='NAMMAKADAI', filter='None'
2026-03-03 19:20:10,827 - Matched GRN 699991b68c3eb2c19a18ef01: vendorName='NAMMAKADAI'
2026-03-03 19:20:10,829 - GRN 69980a50167dfac83f79cef5: vendorName raw='RAJ PRINTING SOLUTION', stripped='RAJ PRINTING SOLUTION', filter='None'
2026-03-03 19:20:10,829 - Matched GRN 69980a50167dfac83f79cef5: vendorName='RAJ PRINTING SOLUTION'
2026-03-03 19:20:10,830 - GRN 6996b5ba29a5f78e456adaac: vendorName raw='SRI JANANI AGENCIES', stripped='SRI JANANI AGENCIES', filter='None'
2026-03-03 19:20:10,830 - Matched GRN 6996b5ba29a5f78e456adaac: vendorName='SRI JANANI AGENCIES'
2026-03-03 19:20:10,830 - GRN 6996b59629a5f78e456adaa1: vendorName raw='SRI JANANI AGENCIES', stripped='SRI JANANI AGENCIES', filter='None'
2026-03-03 19:20:10,830 - Matched GRN 6996b59629a5f78e456adaa1: vendorName='SRI JANANI AGENCIES'
2026-03-03 19:20:10,831 - GRN 6996b2e829a5f78e456ada8e: vendorName raw='SRI JANANI AGENCIES', stripped='SRI JANANI AGENCIES', filter='None'
2026-03-03 19:20:10,832 - Matched GRN 6996b2e829a5f78e456ada8e: vendorName='SRI JANANI AGENCIES'
2026-03-03 19:20:10,832 - GRN 6996aee74c33ae4c560a6466: vendorName raw='SRI JANANI AGENCIES', stripped='SRI JANANI AGENCIES', filter='None'
2026-03-03 19:20:10,832 - Matched GRN 6996aee74c33ae4c560a6466: vendorName='SRI JANANI AGENCIES'
2026-03-03 19:20:10,833 - GRN 6996a25cd099fcddeb14359e: vendorName raw='SRI JANANI AGENCIES', stripped='SRI JANANI AGENCIES', filter='None'
2026-03-03 19:20:10,833 - Matched GRN 6996a25cd099fcddeb14359e: vendorName='SRI JANANI AGENCIES'
2026-03-03 19:20:10,834 - GRN 6996a024d099fcddeb143598: vendorName raw='SRI JANANI AGENCIES', stripped='SRI JANANI AGENCIES', filter='None'
2026-03-03 19:20:10,834 - Matched GRN 6996a024d099fcddeb143598: vendorName='SRI JANANI AGENCIES'
2026-03-03 19:20:10,834 - GRN 69969afa63eff5b997ff6b98: vendorName raw='SRI JANANI AGENCIES', stripped='SRI JANANI AGENCIES', filter='None'
2026-03-03 19:20:10,834 - Matched GRN 69969afa63eff5b997ff6b98: vendorName='SRI JANANI AGENCIES'
2026-03-03 19:20:10,835 - GRN 69969a0263eff5b997ff6b92: vendorName raw='SRI JANANI AGENCIES', stripped='SRI JANANI AGENCIES', filter='None'
2026-03-03 19:20:10,835 - Matched GRN 69969a0263eff5b997ff6b92: vendorName='SRI JANANI AGENCIES'
2026-03-03 19:20:10,835 - GRN 6996978063eff5b997ff6b84: vendorName raw='SRI JANANI AGENCIES', stripped='SRI JANANI AGENCIES', filter='None'
2026-03-03 19:20:10,835 - Matched GRN 6996978063eff5b997ff6b84: vendorName='SRI JANANI AGENCIES'
2026-03-03 19:20:10,836 - GRN 6995afb6449649e8663db557: vendorName raw='SRI JANANI AGENCIES', stripped='SRI JANANI AGENCIES', filter='None'
2026-03-03 19:20:10,837 - Matched GRN 6995afb6449649e8663db557: vendorName='SRI JANANI AGENCIES'
2026-03-03 19:20:10,839 - GRN 6995ae2f449649e8663db53f: vendorName raw='ARR AGENCIES', stripped='ARR AGENCIES', filter='None'
2026-03-03 19:20:10,840 - Matched GRN 6995ae2f449649e8663db53f: vendorName='ARR AGENCIES'
2026-03-03 19:20:10,840 - GRN 69944345ddbb591e2d47c124: vendorName raw='MURUGAN STORE', stripped='MURUGAN STORE', filter='None'
2026-03-03 19:20:10,841 - Matched GRN 69944345ddbb591e2d47c124: vendorName='MURUGAN STORE'
2026-03-03 19:20:10,841 - GRN 6992d97d826cd1300a5f0cce: vendorName raw='SRI JANANI AGENCIES', stripped='SRI JANANI AGENCIES', filter='None'
2026-03-03 19:20:10,842 - Matched GRN 6992d97d826cd1300a5f0cce: vendorName='SRI JANANI AGENCIES'
2026-03-03 19:20:10,842 - GRN 69943ef3f3254ba5acb94d26: vendorName raw='HANISH FOODS SHOP', stripped='HANISH FOODS SHOP', filter='None'
2026-03-03 19:20:10,842 - Matched GRN 69943ef3f3254ba5acb94d26: vendorName='HANISH FOODS SHOP'
2026-03-03 19:20:10,842 - Final filtered GRNs: 23 (skipped: 0 total fetched: 23)
2026-03-03 19:20:33,620 - Tenant context set: 698d68b26e0e40f613847b0c -> purchasetest
2026-03-03 19:20:33,830 - Tenant context set: 698d68b26e0e40f613847b0c -> purchasetest
2026-03-03 19:20:34,114 - Tenant context set: 698d68b26e0e40f613847b0c -> purchasetest
2026-03-03 19:20:34,216 - Tenant context set: 698d68b26e0e40f613847b0c -> purchasetest
2026-03-03 19:20:35,218 - Tenant context set: 698d68b26e0e40f613847b0c -> purchasetest
2026-03-03 19:20:35,514 - Tenant context set: 698d68b26e0e40f613847b0c -> purchasetest
2026-03-03 19:20:35,816 - Tenant context set: 698d68b26e0e40f613847b0c -> purchasetest
2026-03-03 19:20:35,919 - Tenant context set: 698d68b26e0e40f613847b0c -> purchasetest
2026-03-03 19:20:36,024 - Tenant context set: 698d68b26e0e40f613847b0c -> purchasetest
2026-03-03 19:20:36,415 - Tenant context set: 698d68b26e0e40f613847b0c -> purchasetest
2026-03-03 19:20:36,622 - Tenant context set: 698d68b26e0e40f613847b0c -> purchasetest
2026-03-03 19:20:38,230 - Tenant context set: 698d68b26e0e40f613847b0c -> purchasetest
2026-03-03 19:20:38,423 - Tenant context set: 698d68b26e0e40f613847b0c -> purchasetest
2026-03-03 19:20:38,826 - Tenant context set: 698d68b26e0e40f613847b0c -> purchasetest
2026-03-03 19:20:39,126 - Tenant context set: 698d68b26e0e40f613847b0c -> purchasetest
2026-03-03 19:20:39,916 - Tenant context set: 698d68b26e0e40f613847b0c -> purchasetest
2026-03-03 19:20:40,147 - Tenant context set: 698d68b26e0e40f613847b0c -> purchasetest
2026-03-03 19:20:40,620 - Tenant context set: 698d68b26e0e40f613847b0c -> purchasetest
2026-03-03 19:20:41,914 - Tenant context set: 698d68b26e0e40f613847b0c -> purchasetest
2026-03-03 19:20:42,221 - Tenant context set: 698d68b26e0e40f613847b0c -> purchasetest
2026-03-03 19:20:53,527 - Tenant context set: 698d68b26e0e40f613847b0c -> purchasetest
2026-03-03 19:20:56,416 - Tenant context set: 698d68b26e0e40f613847b0c -> purchasetest
2026-03-03 19:21:01,621 - Tenant context set: 698d68b26e0e40f613847b0c -> purchasetest
2026-03-03 19:21:01,917 - Tenant context set: 698d68b26e0e40f613847b0c -> purchasetest
2026-03-03 19:21:02,022 - Tenant context set: 698d68b26e0e40f613847b0c -> purchasetest
2026-03-03 19:21:02,132 - Tenant context set: 698d68b26e0e40f613847b0c -> purchasetest
2026-03-03 19:21:02,749 - Tenant context set: 698d68b26e0e40f613847b0c -> purchasetest
2026-03-03 19:21:03,035 - Full MongoDB query: {'status': {'$in': ['Active', 'active', 'Partially Returned', 'PartiallyReturned']}}
2026-03-03 19:21:03,144 - Raw total matching GRNs: 23
2026-03-03 19:21:03,524 - Fetched 23 raw GRNs from cursor
2026-03-03 19:21:03,732 - GRN 69a135c5a9765cd70cbb736b: vendorName raw='SS AGENCY', stripped='SS AGENCY', filter='None'
2026-03-03 19:21:03,732 - Matched GRN 69a135c5a9765cd70cbb736b: vendorName='SS AGENCY'
2026-03-03 19:21:03,733 - GRN 699d99d56a6f9d358c97d8f5: vendorName raw='SRI BALAJI TRADERS', stripped='SRI BALAJI TRADERS', filter='None'
2026-03-03 19:21:03,733 - Matched GRN 699d99d56a6f9d358c97d8f5: vendorName='SRI BALAJI TRADERS'
2026-03-03 19:21:03,734 - GRN 699d915b6a6f9d358c97d8ea: vendorName raw='HANISH FOODS SHOP', stripped='HANISH FOODS SHOP', filter='None'
2026-03-03 19:21:03,734 - Matched GRN 699d915b6a6f9d358c97d8ea: vendorName='HANISH FOODS SHOP'
2026-03-03 19:21:03,735 - GRN 699d91386a6f9d358c97d8e6: vendorName raw='HANISH FOODS SHOP', stripped='HANISH FOODS SHOP', filter='None'
2026-03-03 19:21:03,735 - Matched GRN 699d91386a6f9d358c97d8e6: vendorName='HANISH FOODS SHOP'
2026-03-03 19:21:03,736 - GRN 699d8e0c9f900005f1e3c18e: vendorName raw='MAHIDARSHAN DAIRY FARM', stripped='MAHIDARSHAN DAIRY FARM', filter='None'
2026-03-03 19:21:03,736 - Matched GRN 699d8e0c9f900005f1e3c18e: vendorName='MAHIDARSHAN DAIRY FARM'
2026-03-03 19:21:03,737 - GRN 699d8dd39f900005f1e3c188: vendorName raw='MAHIDARSHAN DAIRY FARM', stripped='MAHIDARSHAN DAIRY FARM', filter='None'
2026-03-03 19:21:03,737 - Matched GRN 699d8dd39f900005f1e3c188: vendorName='MAHIDARSHAN DAIRY FARM'
2026-03-03 19:21:03,738 - GRN 699bfc4463679f169b7ef568: vendorName raw='MURUGAN STORE', stripped='MURUGAN STORE', filter='None'
2026-03-03 19:21:03,738 - Matched GRN 699bfc4463679f169b7ef568: vendorName='MURUGAN STORE'
2026-03-03 19:21:03,739 - GRN 699991b68c3eb2c19a18ef01: vendorName raw='NAMMAKADAI', stripped='NAMMAKADAI', filter='None'
2026-03-03 19:21:03,739 - Matched GRN 699991b68c3eb2c19a18ef01: vendorName='NAMMAKADAI'
2026-03-03 19:21:03,741 - GRN 69980a50167dfac83f79cef5: vendorName raw='RAJ PRINTING SOLUTION', stripped='RAJ PRINTING SOLUTION', filter='None'
2026-03-03 19:21:03,741 - Matched GRN 69980a50167dfac83f79cef5: vendorName='RAJ PRINTING SOLUTION'
2026-03-03 19:21:03,742 - GRN 6996b5ba29a5f78e456adaac: vendorName raw='SRI JANANI AGENCIES', stripped='SRI JANANI AGENCIES', filter='None'
2026-03-03 19:21:03,743 - Matched GRN 6996b5ba29a5f78e456adaac: vendorName='SRI JANANI AGENCIES'
2026-03-03 19:21:03,745 - GRN 6996b59629a5f78e456adaa1: vendorName raw='SRI JANANI AGENCIES', stripped='SRI JANANI AGENCIES', filter='None'
2026-03-03 19:21:03,746 - Matched GRN 6996b59629a5f78e456adaa1: vendorName='SRI JANANI AGENCIES'
2026-03-03 19:21:03,747 - GRN 6996b2e829a5f78e456ada8e: vendorName raw='SRI JANANI AGENCIES', stripped='SRI JANANI AGENCIES', filter='None'
2026-03-03 19:21:03,747 - Matched GRN 6996b2e829a5f78e456ada8e: vendorName='SRI JANANI AGENCIES'
2026-03-03 19:21:03,748 - GRN 6996aee74c33ae4c560a6466: vendorName raw='SRI JANANI AGENCIES', stripped='SRI JANANI AGENCIES', filter='None'
2026-03-03 19:21:03,748 - Matched GRN 6996aee74c33ae4c560a6466: vendorName='SRI JANANI AGENCIES'
2026-03-03 19:21:03,749 - GRN 6996a25cd099fcddeb14359e: vendorName raw='SRI JANANI AGENCIES', stripped='SRI JANANI AGENCIES', filter='None'
2026-03-03 19:21:03,749 - Matched GRN 6996a25cd099fcddeb14359e: vendorName='SRI JANANI AGENCIES'
2026-03-03 19:21:03,749 - GRN 6996a024d099fcddeb143598: vendorName raw='SRI JANANI AGENCIES', stripped='SRI JANANI AGENCIES', filter='None'
2026-03-03 19:21:03,750 - Matched GRN 6996a024d099fcddeb143598: vendorName='SRI JANANI AGENCIES'
2026-03-03 19:21:03,750 - GRN 69969afa63eff5b997ff6b98: vendorName raw='SRI JANANI AGENCIES', stripped='SRI JANANI AGENCIES', filter='None'
2026-03-03 19:21:03,750 - Matched GRN 69969afa63eff5b997ff6b98: vendorName='SRI JANANI AGENCIES'
2026-03-03 19:21:03,750 - GRN 69969a0263eff5b997ff6b92: vendorName raw='SRI JANANI AGENCIES', stripped='SRI JANANI AGENCIES', filter='None'
2026-03-03 19:21:03,751 - Matched GRN 69969a0263eff5b997ff6b92: vendorName='SRI JANANI AGENCIES'
2026-03-03 19:21:03,751 - GRN 6996978063eff5b997ff6b84: vendorName raw='SRI JANANI AGENCIES', stripped='SRI JANANI AGENCIES', filter='None'
2026-03-03 19:21:03,751 - Matched GRN 6996978063eff5b997ff6b84: vendorName='SRI JANANI AGENCIES'
2026-03-03 19:21:03,754 - GRN 6995afb6449649e8663db557: vendorName raw='SRI JANANI AGENCIES', stripped='SRI JANANI AGENCIES', filter='None'
2026-03-03 19:21:03,754 - Matched GRN 6995afb6449649e8663db557: vendorName='SRI JANANI AGENCIES'
2026-03-03 19:21:03,755 - GRN 6995ae2f449649e8663db53f: vendorName raw='ARR AGENCIES', stripped='ARR AGENCIES', filter='None'
2026-03-03 19:21:03,755 - Matched GRN 6995ae2f449649e8663db53f: vendorName='ARR AGENCIES'
2026-03-03 19:21:03,756 - GRN 69944345ddbb591e2d47c124: vendorName raw='MURUGAN STORE', stripped='MURUGAN STORE', filter='None'
2026-03-03 19:21:03,756 - Matched GRN 69944345ddbb591e2d47c124: vendorName='MURUGAN STORE'
2026-03-03 19:21:03,756 - GRN 6992d97d826cd1300a5f0cce: vendorName raw='SRI JANANI AGENCIES', stripped='SRI JANANI AGENCIES', filter='None'
2026-03-03 19:21:03,756 - Matched GRN 6992d97d826cd1300a5f0cce: vendorName='SRI JANANI AGENCIES'
2026-03-03 19:21:03,757 - GRN 69943ef3f3254ba5acb94d26: vendorName raw='HANISH FOODS SHOP', stripped='HANISH FOODS SHOP', filter='None'
2026-03-03 19:21:03,757 - Matched GRN 69943ef3f3254ba5acb94d26: vendorName='HANISH FOODS SHOP'
2026-03-03 19:21:03,757 - Final filtered GRNs: 23 (skipped: 0 total fetched: 23)
2026-03-03 19:21:04,118 - Tenant context set: 698d68b26e0e40f613847b0c -> purchasetest
2026-03-03 19:21:04,419 - Tenant context set: 698d68b26e0e40f613847b0c -> purchasetest
2026-03-03 19:21:04,730 - Tenant context set: 698d68b26e0e40f613847b0c -> purchasetest
2026-03-03 19:21:05,033 - Tenant context set: 698d68b26e0e40f613847b0c -> purchasetest
2026-03-03 19:21:05,127 - Tenant context set: 698d68b26e0e40f613847b0c -> purchasetest
2026-03-03 19:21:05,622 - Full MongoDB query: {'status': {'$in': ['Active', 'active', 'Partially Returned', 'PartiallyReturned']}}
2026-03-03 19:21:05,714 - Raw total matching GRNs: 23
2026-03-03 19:21:06,029 - Fetched 23 raw GRNs from cursor
2026-03-03 19:21:06,225 - GRN 69a135c5a9765cd70cbb736b: vendorName raw='SS AGENCY', stripped='SS AGENCY', filter='None'
2026-03-03 19:21:06,225 - Matched GRN 69a135c5a9765cd70cbb736b: vendorName='SS AGENCY'
2026-03-03 19:21:06,225 - GRN 699d99d56a6f9d358c97d8f5: vendorName raw='SRI BALAJI TRADERS', stripped='SRI BALAJI TRADERS', filter='None'
2026-03-03 19:21:06,226 - Matched GRN 699d99d56a6f9d358c97d8f5: vendorName='SRI BALAJI TRADERS'
2026-03-03 19:21:06,226 - GRN 699d915b6a6f9d358c97d8ea: vendorName raw='HANISH FOODS SHOP', stripped='HANISH FOODS SHOP', filter='None'
2026-03-03 19:21:06,227 - Matched GRN 699d915b6a6f9d358c97d8ea: vendorName='HANISH FOODS SHOP'
2026-03-03 19:21:06,227 - GRN 699d91386a6f9d358c97d8e6: vendorName raw='HANISH FOODS SHOP', stripped='HANISH FOODS SHOP', filter='None'
2026-03-03 19:21:06,227 - Matched GRN 699d91386a6f9d358c97d8e6: vendorName='HANISH FOODS SHOP'
2026-03-03 19:21:06,228 - GRN 699d8e0c9f900005f1e3c18e: vendorName raw='MAHIDARSHAN DAIRY FARM', stripped='MAHIDARSHAN DAIRY FARM', filter='None'
2026-03-03 19:21:06,228 - Matched GRN 699d8e0c9f900005f1e3c18e: vendorName='MAHIDARSHAN DAIRY FARM'
2026-03-03 19:21:06,228 - GRN 699d8dd39f900005f1e3c188: vendorName raw='MAHIDARSHAN DAIRY FARM', stripped='MAHIDARSHAN DAIRY FARM', filter='None'
2026-03-03 19:21:06,229 - Matched GRN 699d8dd39f900005f1e3c188: vendorName='MAHIDARSHAN DAIRY FARM'
2026-03-03 19:21:06,229 - GRN 699bfc4463679f169b7ef568: vendorName raw='MURUGAN STORE', stripped='MURUGAN STORE', filter='None'
2026-03-03 19:21:06,229 - Matched GRN 699bfc4463679f169b7ef568: vendorName='MURUGAN STORE'
2026-03-03 19:21:06,230 - GRN 699991b68c3eb2c19a18ef01: vendorName raw='NAMMAKADAI', stripped='NAMMAKADAI', filter='None'
2026-03-03 19:21:06,230 - Matched GRN 699991b68c3eb2c19a18ef01: vendorName='NAMMAKADAI'
2026-03-03 19:21:06,231 - GRN 69980a50167dfac83f79cef5: vendorName raw='RAJ PRINTING SOLUTION', stripped='RAJ PRINTING SOLUTION', filter='None'
2026-03-03 19:21:06,232 - Matched GRN 69980a50167dfac83f79cef5: vendorName='RAJ PRINTING SOLUTION'
2026-03-03 19:21:06,232 - GRN 6996b5ba29a5f78e456adaac: vendorName raw='SRI JANANI AGENCIES', stripped='SRI JANANI AGENCIES', filter='None'
2026-03-03 19:21:06,232 - Matched GRN 6996b5ba29a5f78e456adaac: vendorName='SRI JANANI AGENCIES'
2026-03-03 19:21:06,233 - GRN 6996b59629a5f78e456adaa1: vendorName raw='SRI JANANI AGENCIES', stripped='SRI JANANI AGENCIES', filter='None'
2026-03-03 19:21:06,233 - Matched GRN 6996b59629a5f78e456adaa1: vendorName='SRI JANANI AGENCIES'
2026-03-03 19:21:06,234 - GRN 6996b2e829a5f78e456ada8e: vendorName raw='SRI JANANI AGENCIES', stripped='SRI JANANI AGENCIES', filter='None'
2026-03-03 19:21:06,234 - Matched GRN 6996b2e829a5f78e456ada8e: vendorName='SRI JANANI AGENCIES'
2026-03-03 19:21:06,235 - GRN 6996aee74c33ae4c560a6466: vendorName raw='SRI JANANI AGENCIES', stripped='SRI JANANI AGENCIES', filter='None'
2026-03-03 19:21:06,235 - Matched GRN 6996aee74c33ae4c560a6466: vendorName='SRI JANANI AGENCIES'
2026-03-03 19:21:06,236 - GRN 6996a25cd099fcddeb14359e: vendorName raw='SRI JANANI AGENCIES', stripped='SRI JANANI AGENCIES', filter='None'
2026-03-03 19:21:06,236 - Matched GRN 6996a25cd099fcddeb14359e: vendorName='SRI JANANI AGENCIES'
2026-03-03 19:21:06,236 - GRN 6996a024d099fcddeb143598: vendorName raw='SRI JANANI AGENCIES', stripped='SRI JANANI AGENCIES', filter='None'
2026-03-03 19:21:06,237 - Matched GRN 6996a024d099fcddeb143598: vendorName='SRI JANANI AGENCIES'
2026-03-03 19:21:06,237 - GRN 69969afa63eff5b997ff6b98: vendorName raw='SRI JANANI AGENCIES', stripped='SRI JANANI AGENCIES', filter='None'
2026-03-03 19:21:06,237 - Matched GRN 69969afa63eff5b997ff6b98: vendorName='SRI JANANI AGENCIES'
2026-03-03 19:21:06,238 - GRN 69969a0263eff5b997ff6b92: vendorName raw='SRI JANANI AGENCIES', stripped='SRI JANANI AGENCIES', filter='None'
2026-03-03 19:21:06,238 - Matched GRN 69969a0263eff5b997ff6b92: vendorName='SRI JANANI AGENCIES'
2026-03-03 19:21:06,238 - GRN 6996978063eff5b997ff6b84: vendorName raw='SRI JANANI AGENCIES', stripped='SRI JANANI AGENCIES', filter='None'
2026-03-03 19:21:06,239 - Matched GRN 6996978063eff5b997ff6b84: vendorName='SRI JANANI AGENCIES'
2026-03-03 19:21:06,239 - GRN 6995afb6449649e8663db557: vendorName raw='SRI JANANI AGENCIES', stripped='SRI JANANI AGENCIES', filter='None'
2026-03-03 19:21:06,239 - Matched GRN 6995afb6449649e8663db557: vendorName='SRI JANANI AGENCIES'
2026-03-03 19:21:06,240 - GRN 6995ae2f449649e8663db53f: vendorName raw='ARR AGENCIES', stripped='ARR AGENCIES', filter='None'
2026-03-03 19:21:06,240 - Matched GRN 6995ae2f449649e8663db53f: vendorName='ARR AGENCIES'
2026-03-03 19:21:06,241 - GRN 69944345ddbb591e2d47c124: vendorName raw='MURUGAN STORE', stripped='MURUGAN STORE', filter='None'
2026-03-03 19:21:06,241 - Matched GRN 69944345ddbb591e2d47c124: vendorName='MURUGAN STORE'
2026-03-03 19:21:06,242 - GRN 6992d97d826cd1300a5f0cce: vendorName raw='SRI JANANI AGENCIES', stripped='SRI JANANI AGENCIES', filter='None'
2026-03-03 19:21:06,242 - Matched GRN 6992d97d826cd1300a5f0cce: vendorName='SRI JANANI AGENCIES'
2026-03-03 19:21:06,243 - GRN 69943ef3f3254ba5acb94d26: vendorName raw='HANISH FOODS SHOP', stripped='HANISH FOODS SHOP', filter='None'
2026-03-03 19:21:06,243 - Matched GRN 69943ef3f3254ba5acb94d26: vendorName='HANISH FOODS SHOP'
2026-03-03 19:21:06,243 - Final filtered GRNs: 23 (skipped: 0 total fetched: 23)
2026-03-03 19:21:31,254 - Tenant context set: 698d68b26e0e40f613847b0c -> purchasetest
2026-03-03 19:21:31,371 - Tenant context set: 698d68b26e0e40f613847b0c -> purchasetest
2026-03-03 19:21:31,518 - Tenant context set: 698d68b26e0e40f613847b0c -> purchasetest
2026-03-03 19:21:31,652 - Tenant context set: 698d68b26e0e40f613847b0c -> purchasetest
2026-03-03 19:21:32,415 - Tenant context set: 698d68b26e0e40f613847b0c -> purchasetest
2026-03-03 19:21:32,907 - Tenant context set: 698d68b26e0e40f613847b0c -> purchasetest
2026-03-03 19:21:33,017 - Tenant context set: 698d68b26e0e40f613847b0c -> purchasetest
2026-03-03 19:21:34,177 - Tenant context set: 698d68b26e0e40f613847b0c -> purchasetest
2026-03-03 19:21:34,354 - Tenant context set: 698d68b26e0e40f613847b0c -> purchasetest
2026-03-03 19:21:34,554 - Tenant context set: 698d68b26e0e40f613847b0c -> purchasetest
2026-03-03 19:21:34,668 - Tenant context set: 698d68b26e0e40f613847b0c -> purchasetest
2026-03-03 19:21:34,822 - Tenant context set: 698d68b26e0e40f613847b0c -> purchasetest
2026-03-03 19:22:00,953 - ✅ Successfully imported: purchaseOrder.po_to_grn
2026-03-03 19:22:00,953 - ✅ Router found in: purchaseOrder.po_to_grn
2026-03-03 19:22:00,957 - ✅ Included YEN ERP: purchaseOrder.po_to_grn
2026-03-03 19:22:00,957 - 🟡 Attempting to import: purchaseOrder.grnConverted
2026-03-03 19:22:00,978 - ✅ Successfully imported: purchaseOrder.grnConverted
2026-03-03 19:22:00,978 - ✅ Router found in: purchaseOrder.grnConverted
2026-03-03 19:22:00,986 - ✅ Included YEN ERP: purchaseOrder.grnConverted
2026-03-03 19:22:00,986 - 🟡 Attempting to import: purchaseOrder.poedit
2026-03-03 19:22:00,990 - ✅ Successfully imported: purchaseOrder.poedit
2026-03-03 19:22:00,990 - ✅ Router found in: purchaseOrder.poedit
2026-03-03 19:22:00,992 - ✅ Included YEN ERP: purchaseOrder.poedit
2026-03-03 19:22:00,992 - 🟡 Attempting to import: purchaseOrder.freightfunction
2026-03-03 19:22:01,006 - ✅ Successfully imported: purchaseOrder.freightfunction
2026-03-03 19:22:01,006 - ✅ Router found in: purchaseOrder.freightfunction
2026-03-03 19:22:01,008 - ✅ Included YEN ERP: purchaseOrder.freightfunction
2026-03-03 19:22:01,008 - 🟡 Attempting to import: purchaseOrder.pending
2026-03-03 19:22:01,041 - ✅ Successfully imported: purchaseOrder.pending
2026-03-03 19:22:01,041 - ✅ Router found in: purchaseOrder.pending
2026-03-03 19:22:01,049 - ✅ Included YEN ERP: purchaseOrder.pending
2026-03-03 19:22:01,049 - 🟡 Attempting to import: grn.routes
2026-03-03 19:22:01,049 - ✅ Successfully imported: grn.routes
2026-03-03 19:22:01,049 - ✅ Router found in: grn.routes
2026-03-03 19:22:01,115 - ✅ Included YEN ERP: grn.routes
2026-03-03 19:22:01,115 - 🟡 Attempting to import: grn.return
2026-03-03 19:22:01,989 - ✅ Successfully imported: grn.return
2026-03-03 19:22:01,989 - ✅ Router found in: grn.return
2026-03-03 19:22:01,999 - ✅ Included YEN ERP: grn.return
2026-03-03 19:22:01,999 - 🟡 Attempting to import: grn.grn_to_ap
2026-03-03 19:22:02,117 - ✅ Successfully imported: grn.grn_to_ap
2026-03-03 19:22:02,117 - ✅ Router found in: grn.grn_to_ap
2026-03-03 19:22:02,119 - ✅ Included YEN ERP: grn.grn_to_ap
2026-03-03 19:22:02,119 - 🟡 Attempting to import: grn.debitnote
2026-03-03 19:22:02,514 - ✅ Successfully imported: grn.debitnote
2026-03-03 19:22:02,514 - ✅ Router found in: grn.debitnote
2026-03-03 19:22:02,535 - ✅ Included YEN ERP: grn.debitnote
2026-03-03 19:22:02,535 - 🟡 Attempting to import: grn.grn_to_ap_outgoing
2026-03-03 19:22:02,692 - ✅ Successfully imported: grn.grn_to_ap_outgoing
2026-03-03 19:22:02,692 - ✅ Router found in: grn.grn_to_ap_outgoing
2026-03-03 19:22:02,697 - ✅ Included YEN ERP: grn.grn_to_ap_outgoing
2026-03-03 19:22:02,697 - 🟡 Attempting to import: grn.grn_to_po
2026-03-03 19:22:02,702 - ✅ Successfully imported: grn.grn_to_po
2026-03-03 19:22:02,702 - ✅ Router found in: grn.grn_to_po
2026-03-03 19:22:02,703 - ✅ Included YEN ERP: grn.grn_to_po
2026-03-03 19:22:02,703 - 🟡 Attempting to import: apinvoice.routes
2026-03-03 19:22:02,703 - ✅ Successfully imported: apinvoice.routes
2026-03-03 19:22:02,703 - ✅ Router found in: apinvoice.routes
2026-03-03 19:22:02,749 - ✅ Included YEN ERP: apinvoice.routes
2026-03-03 19:22:02,750 - 🟡 Attempting to import: apinvoice.ap_to_outgoing
2026-03-03 19:22:02,753 - ✅ Successfully imported: apinvoice.ap_to_outgoing
2026-03-03 19:22:02,753 - ✅ Router found in: apinvoice.ap_to_outgoing
2026-03-03 19:22:02,755 - ✅ Included YEN ERP: apinvoice.ap_to_outgoing
2026-03-03 19:22:02,755 - 🟡 Attempting to import: apinvoice.apReturned
2026-03-03 19:22:02,759 - ✅ Successfully imported: apinvoice.apReturned
2026-03-03 19:22:02,759 - ✅ Router found in: apinvoice.apReturned
2026-03-03 19:22:02,760 - ✅ Included YEN ERP: apinvoice.apReturned
2026-03-03 19:22:02,760 - 🟡 Attempting to import: outgoingPayment.routes
2026-03-03 19:22:02,760 - ✅ Successfully imported: outgoingPayment.routes
2026-03-03 19:22:02,761 - ✅ Router found in: outgoingPayment.routes
2026-03-03 19:22:02,807 - ✅ Included YEN ERP: outgoingPayment.routes
2026-03-03 19:22:02,807 - 🟡 Attempting to import: outgoingPayment.bulk_payment
2026-03-03 19:22:02,825 - ✅ Successfully imported: outgoingPayment.bulk_payment
2026-03-03 19:22:02,825 - ✅ Router found in: outgoingPayment.bulk_payment
2026-03-03 19:22:02,828 - ✅ Included YEN ERP: outgoingPayment.bulk_payment
2026-03-03 19:22:02,829 - 🟡 Attempting to import: outgoingPayment.vendor_ledger
2026-03-03 19:22:02,835 - ✅ Successfully imported: outgoingPayment.vendor_ledger
2026-03-03 19:22:02,835 - ✅ Router found in: outgoingPayment.vendor_ledger
2026-03-03 19:22:02,839 - ✅ Included YEN ERP: outgoingPayment.vendor_ledger
2026-03-03 19:22:02,839 - 🟡 Attempting to import: outgoingPayment.single_payment
2026-03-03 19:22:02,848 - ✅ Successfully imported: outgoingPayment.single_payment
2026-03-03 19:22:02,848 - ✅ Router found in: outgoingPayment.single_payment
2026-03-03 19:22:02,850 - ✅ Included YEN ERP: outgoingPayment.single_payment
2026-03-03 19:22:02,850 - 🟡 Attempting to import: outgoingPayment.payment_history
2026-03-03 19:22:02,873 - ✅ Successfully imported: outgoingPayment.payment_history
2026-03-03 19:22:02,874 - ✅ Router found in: outgoingPayment.payment_history
2026-03-03 19:22:02,880 - ✅ Included YEN ERP: outgoingPayment.payment_history
2026-03-03 19:22:02,880 - 🟡 Attempting to import: outgoingPayment.advance_routes
2026-03-03 19:22:02,907 - ✅ Successfully imported: outgoingPayment.advance_routes
2026-03-03 19:22:02,907 - ✅ Router found in: outgoingPayment.advance_routes
2026-03-03 19:22:02,920 - ✅ Included YEN ERP: outgoingPayment.advance_routes
2026-03-03 19:22:02,921 - 🟡 Attempting to import: Business.routes
2026-03-03 19:22:02,943 - ✅ Successfully imported: Business.routes
2026-03-03 19:22:02,943 - ✅ Router found in: Business.routes
2026-03-03 19:22:02,956 - ✅ Included YEN ERP: Business.routes
2026-03-03 19:22:02,956 - 🟡 Attempting to import: Personal.routes
2026-03-03 19:22:02,970 - ✅ Successfully imported: Personal.routes
2026-03-03 19:22:02,970 - ✅ Router found in: Personal.routes
2026-03-03 19:22:02,977 - ✅ Included YEN ERP: Personal.routes
2026-03-03 19:22:02,977 - 🟡 Attempting to import: shippingaddress.routes
2026-03-03 19:22:02,992 - ✅ Successfully imported: shippingaddress.routes
2026-03-03 19:22:02,992 - ✅ Router found in: shippingaddress.routes
2026-03-03 19:22:02,999 - ✅ Included YEN ERP: shippingaddress.routes
2026-03-03 19:22:03,000 - 🟡 Attempting to import: ItemGroup.routes
2026-03-03 19:22:03,021 - ✅ Successfully imported: ItemGroup.routes
2026-03-03 19:22:03,022 - ✅ Router found in: ItemGroup.routes
2026-03-03 19:22:03,037 - ✅ Included YEN ERP: ItemGroup.routes
2026-03-03 19:22:03,037 - 🟡 Attempting to import: FreightMaster.routes
2026-03-03 19:22:03,060 - ✅ Successfully imported: FreightMaster.routes
2026-03-03 19:22:03,060 - ✅ Router found in: FreightMaster.routes
2026-03-03 19:22:03,076 - ✅ Included YEN ERP: FreightMaster.routes
2026-03-03 19:22:03,076 - 🟡 Attempting to import: purchaseOrder.poimport
2026-03-03 19:22:04,449 - ✅ Successfully imported: purchaseOrder.poimport
2026-03-03 19:22:04,449 - ✅ Router found in: purchaseOrder.poimport
2026-03-03 19:22:04,458 - ✅ Included YEN ERP: purchaseOrder.poimport
2026-03-03 19:22:04,458 - 🟡 Attempting to import: ServiceOrder.routes
2026-03-03 19:22:04,548 - ✅ Successfully imported: ServiceOrder.routes
2026-03-03 19:22:04,548 - ✅ Router found in: ServiceOrder.routes
2026-03-03 19:22:04,580 - ✅ Included YEN ERP: ServiceOrder.routes
2026-03-03 19:22:04,580 - 🟡 Attempting to import: Service.serviceSummary
2026-03-03 19:22:04,585 - ✅ Successfully imported: Service.serviceSummary
2026-03-03 19:22:04,585 - ✅ Router found in: Service.serviceSummary
2026-03-03 19:22:04,588 - ✅ Included YEN ERP: Service.serviceSummary
2026-03-03 19:22:04,588 - 🟡 Attempting to import: ServiceOrder.servicelist
2026-03-03 19:22:04,604 - ✅ Successfully imported: ServiceOrder.servicelist
2026-03-03 19:22:04,604 - ✅ Router found in: ServiceOrder.servicelist
2026-03-03 19:22:04,617 - ✅ Included YEN ERP: ServiceOrder.servicelist
2026-03-03 19:22:04,618 - 🟡 Attempting to import: ServiceOrder.filterpatch
2026-03-03 19:22:04,624 - ✅ Successfully imported: ServiceOrder.filterpatch
2026-03-03 19:22:04,624 - ✅ Router found in: ServiceOrder.filterpatch
2026-03-03 19:22:04,630 - ✅ Included YEN ERP: ServiceOrder.filterpatch
2026-03-03 19:22:04,631 - 🟡 Attempting to import: ServiceOrder.service_ap_outgoing
2026-03-03 19:22:04,639 - ✅ Successfully imported: ServiceOrder.service_ap_outgoing
2026-03-03 19:22:04,639 - ✅ Router found in: ServiceOrder.service_ap_outgoing
2026-03-03 19:22:04,646 - ✅ Included YEN ERP: ServiceOrder.service_ap_outgoing
2026-03-03 19:22:04,688 - ✅ Main sync connection created
2026-03-03 19:22:05,435 - Tenant context set: 698d68b26e0e40f613847b0c -> purchasetest
2026-03-03 19:22:05,517 - Tenant context set: 698d68b26e0e40f613847b0c -> purchasetest
2026-03-03 19:22:05,617 - Tenant context set: 698d68b26e0e40f613847b0c -> purchasetest
2026-03-03 19:22:05,720 - Tenant context set: 698d68b26e0e40f613847b0c -> purchasetest
2026-03-03 19:22:05,838 - ✅ Tenant 698d68b26e0e40f613847b0c sync DB: purchasetest
2026-03-03 19:22:07,117 - Tenant context set: 698d68b26e0e40f613847b0c -> purchasetest
2026-03-03 19:22:07,427 - Tenant context set: 698d68b26e0e40f613847b0c -> purchasetest
2026-03-03 19:22:07,831 - Tenant context set: 698d68b26e0e40f613847b0c -> purchasetest
2026-03-03 19:22:07,922 - Full MongoDB query: {'status': {'$in': ['Active', 'active', 'Partially Returned', 'PartiallyReturned']}}
2026-03-03 19:22:08,038 - Raw total matching GRNs: 23
2026-03-03 19:22:08,457 - Fetched 23 raw GRNs from cursor
2026-03-03 19:22:08,747 - GRN 69a135c5a9765cd70cbb736b: vendorName raw='SS AGENCY', stripped='SS AGENCY', filter='None'
2026-03-03 19:22:08,747 - Matched GRN 69a135c5a9765cd70cbb736b: vendorName='SS AGENCY'
2026-03-03 19:22:08,748 - GRN 699d99d56a6f9d358c97d8f5: vendorName raw='SRI BALAJI TRADERS', stripped='SRI BALAJI TRADERS', filter='None'
2026-03-03 19:22:08,748 - Matched GRN 699d99d56a6f9d358c97d8f5: vendorName='SRI BALAJI TRADERS'
2026-03-03 19:22:08,748 - GRN 699d915b6a6f9d358c97d8ea: vendorName raw='HANISH FOODS SHOP', stripped='HANISH FOODS SHOP', filter='None'
2026-03-03 19:22:08,749 - Matched GRN 699d915b6a6f9d358c97d8ea: vendorName='HANISH FOODS SHOP'
2026-03-03 19:22:08,749 - GRN 699d91386a6f9d358c97d8e6: vendorName raw='HANISH FOODS SHOP', stripped='HANISH FOODS SHOP', filter='None'
2026-03-03 19:22:08,749 - Matched GRN 699d91386a6f9d358c97d8e6: vendorName='HANISH FOODS SHOP'
2026-03-03 19:22:08,750 - GRN 699d8e0c9f900005f1e3c18e: vendorName raw='MAHIDARSHAN DAIRY FARM', stripped='MAHIDARSHAN DAIRY FARM', filter='None'
2026-03-03 19:22:08,750 - Matched GRN 699d8e0c9f900005f1e3c18e: vendorName='MAHIDARSHAN DAIRY FARM'
2026-03-03 19:22:08,751 - GRN 699d8dd39f900005f1e3c188: vendorName raw='MAHIDARSHAN DAIRY FARM', stripped='MAHIDARSHAN DAIRY FARM', filter='None'
2026-03-03 19:22:08,751 - Matched GRN 699d8dd39f900005f1e3c188: vendorName='MAHIDARSHAN DAIRY FARM'
2026-03-03 19:22:08,752 - GRN 699bfc4463679f169b7ef568: vendorName raw='MURUGAN STORE', stripped='MURUGAN STORE', filter='None'
2026-03-03 19:22:08,752 - Matched GRN 699bfc4463679f169b7ef568: vendorName='MURUGAN STORE'
2026-03-03 19:22:08,753 - GRN 699991b68c3eb2c19a18ef01: vendorName raw='NAMMAKADAI', stripped='NAMMAKADAI', filter='None'
2026-03-03 19:22:08,753 - Matched GRN 699991b68c3eb2c19a18ef01: vendorName='NAMMAKADAI'
2026-03-03 19:22:08,754 - GRN 69980a50167dfac83f79cef5: vendorName raw='RAJ PRINTING SOLUTION', stripped='RAJ PRINTING SOLUTION', filter='None'
2026-03-03 19:22:08,754 - Matched GRN 69980a50167dfac83f79cef5: vendorName='RAJ PRINTING SOLUTION'
2026-03-03 19:22:08,755 - GRN 6996b5ba29a5f78e456adaac: vendorName raw='SRI JANANI AGENCIES', stripped='SRI JANANI AGENCIES', filter='None'
2026-03-03 19:22:08,755 - Matched GRN 6996b5ba29a5f78e456adaac: vendorName='SRI JANANI AGENCIES'
2026-03-03 19:22:08,756 - GRN 6996b59629a5f78e456adaa1: vendorName raw='SRI JANANI AGENCIES', stripped='SRI JANANI AGENCIES', filter='None'
2026-03-03 19:22:08,756 - Matched GRN 6996b59629a5f78e456adaa1: vendorName='SRI JANANI AGENCIES'
2026-03-03 19:22:08,756 - GRN 6996b2e829a5f78e456ada8e: vendorName raw='SRI JANANI AGENCIES', stripped='SRI JANANI AGENCIES', filter='None'
2026-03-03 19:22:08,757 - Matched GRN 6996b2e829a5f78e456ada8e: vendorName='SRI JANANI AGENCIES'
2026-03-03 19:22:08,760 - GRN 6996aee74c33ae4c560a6466: vendorName raw='SRI JANANI AGENCIES', stripped='SRI JANANI AGENCIES', filter='None'
2026-03-03 19:22:08,761 - Matched GRN 6996aee74c33ae4c560a6466: vendorName='SRI JANANI AGENCIES'
2026-03-03 19:22:08,762 - GRN 6996a25cd099fcddeb14359e: vendorName raw='SRI JANANI AGENCIES', stripped='SRI JANANI AGENCIES', filter='None'
2026-03-03 19:22:08,762 - Matched GRN 6996a25cd099fcddeb14359e: vendorName='SRI JANANI AGENCIES'
2026-03-03 19:22:08,763 - GRN 6996a024d099fcddeb143598: vendorName raw='SRI JANANI AGENCIES', stripped='SRI JANANI AGENCIES', filter='None'
2026-03-03 19:22:08,763 - Matched GRN 6996a024d099fcddeb143598: vendorName='SRI JANANI AGENCIES'
2026-03-03 19:22:08,764 - GRN 69969afa63eff5b997ff6b98: vendorName raw='SRI JANANI AGENCIES', stripped='SRI JANANI AGENCIES', filter='None'
2026-03-03 19:22:08,764 - Matched GRN 69969afa63eff5b997ff6b98: vendorName='SRI JANANI AGENCIES'
2026-03-03 19:22:08,765 - GRN 69969a0263eff5b997ff6b92: vendorName raw='SRI JANANI AGENCIES', stripped='SRI JANANI AGENCIES', filter='None'
2026-03-03 19:22:08,765 - Matched GRN 69969a0263eff5b997ff6b92: vendorName='SRI JANANI AGENCIES'
2026-03-03 19:22:08,766 - GRN 6996978063eff5b997ff6b84: vendorName raw='SRI JANANI AGENCIES', stripped='SRI JANANI AGENCIES', filter='None'
2026-03-03 19:22:08,766 - Matched GRN 6996978063eff5b997ff6b84: vendorName='SRI JANANI AGENCIES'
2026-03-03 19:22:08,767 - GRN 6995afb6449649e8663db557: vendorName raw='SRI JANANI AGENCIES', stripped='SRI JANANI AGENCIES', filter='None'
2026-03-03 19:22:08,767 - Matched GRN 6995afb6449649e8663db557: vendorName='SRI JANANI AGENCIES'
2026-03-03 19:22:08,768 - GRN 6995ae2f449649e8663db53f: vendorName raw='ARR AGENCIES', stripped='ARR AGENCIES', filter='None'
2026-03-03 19:22:08,768 - Matched GRN 6995ae2f449649e8663db53f: vendorName='ARR AGENCIES'
2026-03-03 19:22:08,769 - GRN 69944345ddbb591e2d47c124: vendorName raw='MURUGAN STORE', stripped='MURUGAN STORE', filter='None'
2026-03-03 19:22:08,769 - Matched GRN 69944345ddbb591e2d47c124: vendorName='MURUGAN STORE'
2026-03-03 19:22:08,770 - GRN 6992d97d826cd1300a5f0cce: vendorName raw='SRI JANANI AGENCIES', stripped='SRI JANANI AGENCIES', filter='None'
2026-03-03 19:22:08,770 - Matched GRN 6992d97d826cd1300a5f0cce: vendorName='SRI JANANI AGENCIES'
2026-03-03 19:22:08,770 - GRN 69943ef3f3254ba5acb94d26: vendorName raw='HANISH FOODS SHOP', stripped='HANISH FOODS SHOP', filter='None'
2026-03-03 19:22:08,771 - Matched GRN 69943ef3f3254ba5acb94d26: vendorName='HANISH FOODS SHOP'
2026-03-03 19:22:08,771 - Final filtered GRNs: 23 (skipped: 0 total fetched: 23)
2026-03-03 19:22:09,417 - Tenant context set: 698d68b26e0e40f613847b0c -> purchasetest
2026-03-03 19:22:09,616 - Tenant context set: 698d68b26e0e40f613847b0c -> purchasetest
2026-03-03 19:22:09,724 - Tenant context set: 698d68b26e0e40f613847b0c -> purchasetest
2026-03-03 19:22:10,226 - Full MongoDB query: {'status': {'$in': ['Active', 'active', 'Partially Returned', 'PartiallyReturned']}}
2026-03-03 19:22:10,351 - Raw total matching GRNs: 23
2026-03-03 19:22:10,755 - Fetched 23 raw GRNs from cursor
2026-03-03 19:22:10,971 - GRN 69a135c5a9765cd70cbb736b: vendorName raw='SS AGENCY', stripped='SS AGENCY', filter='None'
2026-03-03 19:22:10,971 - Matched GRN 69a135c5a9765cd70cbb736b: vendorName='SS AGENCY'
2026-03-03 19:22:10,972 - GRN 699d99d56a6f9d358c97d8f5: vendorName raw='SRI BALAJI TRADERS', stripped='SRI BALAJI TRADERS', filter='None'
2026-03-03 19:22:10,972 - Matched GRN 699d99d56a6f9d358c97d8f5: vendorName='SRI BALAJI TRADERS'
2026-03-03 19:22:10,972 - GRN 699d915b6a6f9d358c97d8ea: vendorName raw='HANISH FOODS SHOP', stripped='HANISH FOODS SHOP', filter='None'
2026-03-03 19:22:10,972 - Matched GRN 699d915b6a6f9d358c97d8ea: vendorName='HANISH FOODS SHOP'
2026-03-03 19:22:10,972 - GRN 699d91386a6f9d358c97d8e6: vendorName raw='HANISH FOODS SHOP', stripped='HANISH FOODS SHOP', filter='None'
2026-03-03 19:22:10,972 - Matched GRN 699d91386a6f9d358c97d8e6: vendorName='HANISH FOODS SHOP'
2026-03-03 19:22:10,973 - GRN 699d8e0c9f900005f1e3c18e: vendorName raw='MAHIDARSHAN DAIRY FARM', stripped='MAHIDARSHAN DAIRY FARM', filter='None'
2026-03-03 19:22:10,973 - Matched GRN 699d8e0c9f900005f1e3c18e: vendorName='MAHIDARSHAN DAIRY FARM'
2026-03-03 19:22:10,973 - GRN 699d8dd39f900005f1e3c188: vendorName raw='MAHIDARSHAN DAIRY FARM', stripped='MAHIDARSHAN DAIRY FARM', filter='None'
2026-03-03 19:22:10,973 - Matched GRN 699d8dd39f900005f1e3c188: vendorName='MAHIDARSHAN DAIRY FARM'
2026-03-03 19:22:10,973 - GRN 699bfc4463679f169b7ef568: vendorName raw='MURUGAN STORE', stripped='MURUGAN STORE', filter='None'
2026-03-03 19:22:10,973 - Matched GRN 699bfc4463679f169b7ef568: vendorName='MURUGAN STORE'
2026-03-03 19:22:10,973 - GRN 699991b68c3eb2c19a18ef01: vendorName raw='NAMMAKADAI', stripped='NAMMAKADAI', filter='None'
2026-03-03 19:22:10,973 - Matched GRN 699991b68c3eb2c19a18ef01: vendorName='NAMMAKADAI'
2026-03-03 19:22:10,974 - GRN 69980a50167dfac83f79cef5: vendorName raw='RAJ PRINTING SOLUTION', stripped='RAJ PRINTING SOLUTION', filter='None'
2026-03-03 19:22:10,974 - Matched GRN 69980a50167dfac83f79cef5: vendorName='RAJ PRINTING SOLUTION'
2026-03-03 19:22:10,975 - GRN 6996b5ba29a5f78e456adaac: vendorName raw='SRI JANANI AGENCIES', stripped='SRI JANANI AGENCIES', filter='None'
2026-03-03 19:22:10,975 - Matched GRN 6996b5ba29a5f78e456adaac: vendorName='SRI JANANI AGENCIES'
2026-03-03 19:22:10,976 - GRN 6996b59629a5f78e456adaa1: vendorName raw='SRI JANANI AGENCIES', stripped='SRI JANANI AGENCIES', filter='None'
2026-03-03 19:22:10,976 - Matched GRN 6996b59629a5f78e456adaa1: vendorName='SRI JANANI AGENCIES'
2026-03-03 19:22:10,976 - GRN 6996b2e829a5f78e456ada8e: vendorName raw='SRI JANANI AGENCIES', stripped='SRI JANANI AGENCIES', filter='None'
2026-03-03 19:22:10,977 - Matched GRN 6996b2e829a5f78e456ada8e: vendorName='SRI JANANI AGENCIES'
2026-03-03 19:22:10,977 - GRN 6996aee74c33ae4c560a6466: vendorName raw='SRI JANANI AGENCIES', stripped='SRI JANANI AGENCIES', filter='None'
2026-03-03 19:22:10,977 - Matched GRN 6996aee74c33ae4c560a6466: vendorName='SRI JANANI AGENCIES'
2026-03-03 19:22:10,978 - GRN 6996a25cd099fcddeb14359e: vendorName raw='SRI JANANI AGENCIES', stripped='SRI JANANI AGENCIES', filter='None'
2026-03-03 19:22:10,978 - Matched GRN 6996a25cd099fcddeb14359e: vendorName='SRI JANANI AGENCIES'
2026-03-03 19:22:10,978 - GRN 6996a024d099fcddeb143598: vendorName raw='SRI JANANI AGENCIES', stripped='SRI JANANI AGENCIES', filter='None'
2026-03-03 19:22:10,978 - Matched GRN 6996a024d099fcddeb143598: vendorName='SRI JANANI AGENCIES'
2026-03-03 19:22:10,978 - GRN 69969afa63eff5b997ff6b98: vendorName raw='SRI JANANI AGENCIES', stripped='SRI JANANI AGENCIES', filter='None'
2026-03-03 19:22:10,978 - Matched GRN 69969afa63eff5b997ff6b98: vendorName='SRI JANANI AGENCIES'
2026-03-03 19:22:10,978 - GRN 69969a0263eff5b997ff6b92: vendorName raw='SRI JANANI AGENCIES', stripped='SRI JANANI AGENCIES', filter='None'
2026-03-03 19:22:10,978 - Matched GRN 69969a0263eff5b997ff6b92: vendorName='SRI JANANI AGENCIES'
2026-03-03 19:22:10,978 - GRN 6996978063eff5b997ff6b84: vendorName raw='SRI JANANI AGENCIES', stripped='SRI JANANI AGENCIES', filter='None'
2026-03-03 19:22:10,979 - Matched GRN 6996978063eff5b997ff6b84: vendorName='SRI JANANI AGENCIES'
2026-03-03 19:22:10,979 - GRN 6995afb6449649e8663db557: vendorName raw='SRI JANANI AGENCIES', stripped='SRI JANANI AGENCIES', filter='None'
2026-03-03 19:22:10,979 - Matched GRN 6995afb6449649e8663db557: vendorName='SRI JANANI AGENCIES'
2026-03-03 19:22:10,979 - GRN 6995ae2f449649e8663db53f: vendorName raw='ARR AGENCIES', stripped='ARR AGENCIES', filter='None'
2026-03-03 19:22:10,979 - Matched GRN 6995ae2f449649e8663db53f: vendorName='ARR AGENCIES'
2026-03-03 19:22:10,979 - GRN 69944345ddbb591e2d47c124: vendorName raw='MURUGAN STORE', stripped='MURUGAN STORE', filter='None'
2026-03-03 19:22:10,979 - Matched GRN 69944345ddbb591e2d47c124: vendorName='MURUGAN STORE'
2026-03-03 19:22:10,979 - GRN 6992d97d826cd1300a5f0cce: vendorName raw='SRI JANANI AGENCIES', stripped='SRI JANANI AGENCIES', filter='None'
2026-03-03 19:22:10,979 - Matched GRN 6992d97d826cd1300a5f0cce: vendorName='SRI JANANI AGENCIES'
2026-03-03 19:22:10,980 - GRN 69943ef3f3254ba5acb94d26: vendorName raw='HANISH FOODS SHOP', stripped='HANISH FOODS SHOP', filter='None'
2026-03-03 19:22:10,980 - Matched GRN 69943ef3f3254ba5acb94d26: vendorName='HANISH FOODS SHOP'
2026-03-03 19:22:10,980 - Final filtered GRNs: 23 (skipped: 0 total fetched: 23)
2026-03-03 19:22:49,957 - Tenant context set: 698d68b26e0e40f613847b0c -> purchasetest
2026-03-03 19:22:50,091 - Tenant context set: 698d68b26e0e40f613847b0c -> purchasetest
2026-03-03 19:22:50,168 - Tenant context set: 698d68b26e0e40f613847b0c -> purchasetest
2026-03-03 19:22:50,263 - Tenant context set: 698d68b26e0e40f613847b0c -> purchasetest
2026-03-03 19:22:51,231 - Tenant context set: 698d68b26e0e40f613847b0c -> purchasetest
2026-03-03 19:22:51,617 - Tenant context set: 698d68b26e0e40f613847b0c -> purchasetest
2026-03-03 19:22:51,939 - Tenant context set: 698d68b26e0e40f613847b0c -> purchasetest
2026-03-03 19:22:52,730 - Tenant context set: 698d68b26e0e40f613847b0c -> purchasetest
2026-03-03 19:22:52,916 - Tenant context set: 698d68b26e0e40f613847b0c -> purchasetest
2026-03-03 19:22:53,015 - Tenant context set: 698d68b26e0e40f613847b0c -> purchasetest
2026-03-03 19:22:53,621 - Tenant context set: 698d68b26e0e40f613847b0c -> purchasetest
2026-03-03 19:22:54,416 - Tenant context set: 698d68b26e0e40f613847b0c -> purchasetest
2026-03-03 19:22:54,624 - Tenant context set: 698d68b26e0e40f613847b0c -> purchasetest
2026-03-03 19:22:54,925 - Tenant context set: 698d68b26e0e40f613847b0c -> purchasetest
2026-03-03 19:22:56,427 - Tenant context set: 698d68b26e0e40f613847b0c -> purchasetest
2026-03-03 19:22:56,743 - Tenant context set: 698d68b26e0e40f613847b0c -> purchasetest
2026-03-03 19:23:07,936 - Tenant context set: 698d68b26e0e40f613847b0c -> purchasetest
2026-03-03 19:23:09,347 - ✅ Inventory connection created
2026-03-03 19:23:10,929 - Tenant context set: 698d68b26e0e40f613847b0c -> purchasetest
2026-03-03 19:23:18,318 - Tenant context set: 698d68b26e0e40f613847b0c -> purchasetest
2026-03-03 19:23:18,413 - Tenant context set: 698d68b26e0e40f613847b0c -> purchasetest
2026-03-03 19:23:18,723 - Tenant context set: 698d68b26e0e40f613847b0c -> purchasetest
2026-03-03 19:23:18,812 - Tenant context set: 698d68b26e0e40f613847b0c -> purchasetest
2026-03-03 19:23:19,436 - Tenant context set: 698d68b26e0e40f613847b0c -> purchasetest
2026-03-03 19:23:19,817 - Full MongoDB query: {'status': {'$in': ['Active', 'active', 'Partially Returned', 'PartiallyReturned']}}
2026-03-03 19:23:19,934 - Raw total matching GRNs: 23
2026-03-03 19:23:20,354 - Fetched 23 raw GRNs from cursor
2026-03-03 19:23:20,668 - GRN 69a135c5a9765cd70cbb736b: vendorName raw='SS AGENCY', stripped='SS AGENCY', filter='None'
2026-03-03 19:23:20,668 - Matched GRN 69a135c5a9765cd70cbb736b: vendorName='SS AGENCY'
2026-03-03 19:23:20,668 - GRN 699d99d56a6f9d358c97d8f5: vendorName raw='SRI BALAJI TRADERS', stripped='SRI BALAJI TRADERS', filter='None'
2026-03-03 19:23:20,669 - Matched GRN 699d99d56a6f9d358c97d8f5: vendorName='SRI BALAJI TRADERS'
2026-03-03 19:23:20,669 - GRN 699d915b6a6f9d358c97d8ea: vendorName raw='HANISH FOODS SHOP', stripped='HANISH FOODS SHOP', filter='None'
2026-03-03 19:23:20,669 - Matched GRN 699d915b6a6f9d358c97d8ea: vendorName='HANISH FOODS SHOP'
2026-03-03 19:23:20,670 - GRN 699d91386a6f9d358c97d8e6: vendorName raw='HANISH FOODS SHOP', stripped='HANISH FOODS SHOP', filter='None'
2026-03-03 19:23:20,670 - Matched GRN 699d91386a6f9d358c97d8e6: vendorName='HANISH FOODS SHOP'
2026-03-03 19:23:20,670 - GRN 699d8e0c9f900005f1e3c18e: vendorName raw='MAHIDARSHAN DAIRY FARM', stripped='MAHIDARSHAN DAIRY FARM', filter='None'
2026-03-03 19:23:20,671 - Matched GRN 699d8e0c9f900005f1e3c18e: vendorName='MAHIDARSHAN DAIRY FARM'
2026-03-03 19:23:20,673 - GRN 699d8dd39f900005f1e3c188: vendorName raw='MAHIDARSHAN DAIRY FARM', stripped='MAHIDARSHAN DAIRY FARM', filter='None'
2026-03-03 19:23:20,674 - Matched GRN 699d8dd39f900005f1e3c188: vendorName='MAHIDARSHAN DAIRY FARM'
2026-03-03 19:23:20,675 - GRN 699bfc4463679f169b7ef568: vendorName raw='MURUGAN STORE', stripped='MURUGAN STORE', filter='None'
2026-03-03 19:23:20,675 - Matched GRN 699bfc4463679f169b7ef568: vendorName='MURUGAN STORE'
2026-03-03 19:23:20,676 - GRN 699991b68c3eb2c19a18ef01: vendorName raw='NAMMAKADAI', stripped='NAMMAKADAI', filter='None'
2026-03-03 19:23:20,677 - Matched GRN 699991b68c3eb2c19a18ef01: vendorName='NAMMAKADAI'
2026-03-03 19:23:20,678 - GRN 69980a50167dfac83f79cef5: vendorName raw='RAJ PRINTING SOLUTION', stripped='RAJ PRINTING SOLUTION', filter='None'
2026-03-03 19:23:20,678 - Matched GRN 69980a50167dfac83f79cef5: vendorName='RAJ PRINTING SOLUTION'
2026-03-03 19:23:20,679 - GRN 6996b5ba29a5f78e456adaac: vendorName raw='SRI JANANI AGENCIES', stripped='SRI JANANI AGENCIES', filter='None'
2026-03-03 19:23:20,679 - Matched GRN 6996b5ba29a5f78e456adaac: vendorName='SRI JANANI AGENCIES'
2026-03-03 19:23:20,679 - GRN 6996b59629a5f78e456adaa1: vendorName raw='SRI JANANI AGENCIES', stripped='SRI JANANI AGENCIES', filter='None'
2026-03-03 19:23:20,680 - Matched GRN 6996b59629a5f78e456adaa1: vendorName='SRI JANANI AGENCIES'
2026-03-03 19:23:20,680 - GRN 6996b2e829a5f78e456ada8e: vendorName raw='SRI JANANI AGENCIES', stripped='SRI JANANI AGENCIES', filter='None'
2026-03-03 19:23:20,680 - Matched GRN 6996b2e829a5f78e456ada8e: vendorName='SRI JANANI AGENCIES'
2026-03-03 19:23:20,682 - GRN 6996aee74c33ae4c560a6466: vendorName raw='SRI JANANI AGENCIES', stripped='SRI JANANI AGENCIES', filter='None'
2026-03-03 19:23:20,682 - Matched GRN 6996aee74c33ae4c560a6466: vendorName='SRI JANANI AGENCIES'
2026-03-03 19:23:20,683 - GRN 6996a25cd099fcddeb14359e: vendorName raw='SRI JANANI AGENCIES', stripped='SRI JANANI AGENCIES', filter='None'
2026-03-03 19:23:20,683 - Matched GRN 6996a25cd099fcddeb14359e: vendorName='SRI JANANI AGENCIES'
2026-03-03 19:23:20,684 - GRN 6996a024d099fcddeb143598: vendorName raw='SRI JANANI AGENCIES', stripped='SRI JANANI AGENCIES', filter='None'
2026-03-03 19:23:20,684 - Matched GRN 6996a024d099fcddeb143598: vendorName='SRI JANANI AGENCIES'
2026-03-03 19:23:20,685 - GRN 69969afa63eff5b997ff6b98: vendorName raw='SRI JANANI AGENCIES', stripped='SRI JANANI AGENCIES', filter='None'
2026-03-03 19:23:20,685 - Matched GRN 69969afa63eff5b997ff6b98: vendorName='SRI JANANI AGENCIES'
2026-03-03 19:23:20,685 - GRN 69969a0263eff5b997ff6b92: vendorName raw='SRI JANANI AGENCIES', stripped='SRI JANANI AGENCIES', filter='None'
2026-03-03 19:23:20,686 - Matched GRN 69969a0263eff5b997ff6b92: vendorName='SRI JANANI AGENCIES'
2026-03-03 19:23:20,686 - GRN 6996978063eff5b997ff6b84: vendorName raw='SRI JANANI AGENCIES', stripped='SRI JANANI AGENCIES', filter='None'
2026-03-03 19:23:20,686 - Matched GRN 6996978063eff5b997ff6b84: vendorName='SRI JANANI AGENCIES'
2026-03-03 19:23:20,687 - GRN 6995afb6449649e8663db557: vendorName raw='SRI JANANI AGENCIES', stripped='SRI JANANI AGENCIES', filter='None'
2026-03-03 19:23:20,687 - Matched GRN 6995afb6449649e8663db557: vendorName='SRI JANANI AGENCIES'
2026-03-03 19:23:20,688 - GRN 6995ae2f449649e8663db53f: vendorName raw='ARR AGENCIES', stripped='ARR AGENCIES', filter='None'
2026-03-03 19:23:20,688 - Matched GRN 6995ae2f449649e8663db53f: vendorName='ARR AGENCIES'
2026-03-03 19:23:20,691 - GRN 69944345ddbb591e2d47c124: vendorName raw='MURUGAN STORE', stripped='MURUGAN STORE', filter='None'
2026-03-03 19:23:20,691 - Matched GRN 69944345ddbb591e2d47c124: vendorName='MURUGAN STORE'
2026-03-03 19:23:20,692 - GRN 6992d97d826cd1300a5f0cce: vendorName raw='SRI JANANI AGENCIES', stripped='SRI JANANI AGENCIES', filter='None'
2026-03-03 19:23:20,692 - Matched GRN 6992d97d826cd1300a5f0cce: vendorName='SRI JANANI AGENCIES'
2026-03-03 19:23:20,693 - GRN 69943ef3f3254ba5acb94d26: vendorName raw='HANISH FOODS SHOP', stripped='HANISH FOODS SHOP', filter='None'
2026-03-03 19:23:20,693 - Matched GRN 69943ef3f3254ba5acb94d26: vendorName='HANISH FOODS SHOP'
2026-03-03 19:23:20,693 - Final filtered GRNs: 23 (skipped: 0 total fetched: 23)
2026-03-03 19:23:20,824 - Tenant context set: 698d68b26e0e40f613847b0c -> purchasetest
2026-03-03 19:23:21,021 - Tenant context set: 698d68b26e0e40f613847b0c -> purchasetest
2026-03-03 19:23:21,335 - Tenant context set: 698d68b26e0e40f613847b0c -> purchasetest
2026-03-03 19:23:21,715 - Tenant context set: 698d68b26e0e40f613847b0c -> purchasetest
2026-03-03 19:23:21,930 - Tenant context set: 698d68b26e0e40f613847b0c -> purchasetest
2026-03-03 19:23:22,516 - Full MongoDB query: {'status': {'$in': ['Active', 'active', 'Partially Returned', 'PartiallyReturned']}}
2026-03-03 19:23:22,647 - Raw total matching GRNs: 23
2026-03-03 19:23:23,092 - Fetched 23 raw GRNs from cursor
2026-03-03 19:23:23,344 - GRN 69a135c5a9765cd70cbb736b: vendorName raw='SS AGENCY', stripped='SS AGENCY', filter='None'
2026-03-03 19:23:23,345 - Matched GRN 69a135c5a9765cd70cbb736b: vendorName='SS AGENCY'
2026-03-03 19:23:23,345 - GRN 699d99d56a6f9d358c97d8f5: vendorName raw='SRI BALAJI TRADERS', stripped='SRI BALAJI TRADERS', filter='None'
2026-03-03 19:23:23,346 - Matched GRN 699d99d56a6f9d358c97d8f5: vendorName='SRI BALAJI TRADERS'
2026-03-03 19:23:23,346 - GRN 699d915b6a6f9d358c97d8ea: vendorName raw='HANISH FOODS SHOP', stripped='HANISH FOODS SHOP', filter='None'
2026-03-03 19:23:23,346 - Matched GRN 699d915b6a6f9d358c97d8ea: vendorName='HANISH FOODS SHOP'
2026-03-03 19:23:23,347 - GRN 699d91386a6f9d358c97d8e6: vendorName raw='HANISH FOODS SHOP', stripped='HANISH FOODS SHOP', filter='None'
2026-03-03 19:23:23,347 - Matched GRN 699d91386a6f9d358c97d8e6: vendorName='HANISH FOODS SHOP'
2026-03-03 19:23:23,347 - GRN 699d8e0c9f900005f1e3c18e: vendorName raw='MAHIDARSHAN DAIRY FARM', stripped='MAHIDARSHAN DAIRY FARM', filter='None'
2026-03-03 19:23:23,348 - Matched GRN 699d8e0c9f900005f1e3c18e: vendorName='MAHIDARSHAN DAIRY FARM'
2026-03-03 19:23:23,348 - GRN 699d8dd39f900005f1e3c188: vendorName raw='MAHIDARSHAN DAIRY FARM', stripped='MAHIDARSHAN DAIRY FARM', filter='None'
2026-03-03 19:23:23,349 - Matched GRN 699d8dd39f900005f1e3c188: vendorName='MAHIDARSHAN DAIRY FARM'
2026-03-03 19:23:23,349 - GRN 699bfc4463679f169b7ef568: vendorName raw='MURUGAN STORE', stripped='MURUGAN STORE', filter='None'
2026-03-03 19:23:23,349 - Matched GRN 699bfc4463679f169b7ef568: vendorName='MURUGAN STORE'
2026-03-03 19:23:23,350 - GRN 699991b68c3eb2c19a18ef01: vendorName raw='NAMMAKADAI', stripped='NAMMAKADAI', filter='None'
2026-03-03 19:23:23,350 - Matched GRN 699991b68c3eb2c19a18ef01: vendorName='NAMMAKADAI'
2026-03-03 19:23:23,351 - GRN 69980a50167dfac83f79cef5: vendorName raw='RAJ PRINTING SOLUTION', stripped='RAJ PRINTING SOLUTION', filter='None'
2026-03-03 19:23:23,352 - Matched GRN 69980a50167dfac83f79cef5: vendorName='RAJ PRINTING SOLUTION'
2026-03-03 19:23:23,353 - GRN 6996b5ba29a5f78e456adaac: vendorName raw='SRI JANANI AGENCIES', stripped='SRI JANANI AGENCIES', filter='None'
2026-03-03 19:23:23,353 - Matched GRN 6996b5ba29a5f78e456adaac: vendorName='SRI JANANI AGENCIES'
2026-03-03 19:23:23,354 - GRN 6996b59629a5f78e456adaa1: vendorName raw='SRI JANANI AGENCIES', stripped='SRI JANANI AGENCIES', filter='None'
2026-03-03 19:23:23,354 - Matched GRN 6996b59629a5f78e456adaa1: vendorName='SRI JANANI AGENCIES'
2026-03-03 19:23:23,355 - GRN 6996b2e829a5f78e456ada8e: vendorName raw='SRI JANANI AGENCIES', stripped='SRI JANANI AGENCIES', filter='None'
2026-03-03 19:23:23,355 - Matched GRN 6996b2e829a5f78e456ada8e: vendorName='SRI JANANI AGENCIES'
2026-03-03 19:23:23,356 - GRN 6996aee74c33ae4c560a6466: vendorName raw='SRI JANANI AGENCIES', stripped='SRI JANANI AGENCIES', filter='None'
2026-03-03 19:23:23,357 - Matched GRN 6996aee74c33ae4c560a6466: vendorName='SRI JANANI AGENCIES'
2026-03-03 19:23:23,358 - GRN 6996a25cd099fcddeb14359e: vendorName raw='SRI JANANI AGENCIES', stripped='SRI JANANI AGENCIES', filter='None'
2026-03-03 19:23:23,358 - Matched GRN 6996a25cd099fcddeb14359e: vendorName='SRI JANANI AGENCIES'
2026-03-03 19:23:23,359 - GRN 6996a024d099fcddeb143598: vendorName raw='SRI JANANI AGENCIES', stripped='SRI JANANI AGENCIES', filter='None'
2026-03-03 19:23:23,359 - Matched GRN 6996a024d099fcddeb143598: vendorName='SRI JANANI AGENCIES'
2026-03-03 19:23:23,360 - GRN 69969afa63eff5b997ff6b98: vendorName raw='SRI JANANI AGENCIES', stripped='SRI JANANI AGENCIES', filter='None'
2026-03-03 19:23:23,360 - Matched GRN 69969afa63eff5b997ff6b98: vendorName='SRI JANANI AGENCIES'
2026-03-03 19:23:23,360 - GRN 69969a0263eff5b997ff6b92: vendorName raw='SRI JANANI AGENCIES', stripped='SRI JANANI AGENCIES', filter='None'
2026-03-03 19:23:23,361 - Matched GRN 69969a0263eff5b997ff6b92: vendorName='SRI JANANI AGENCIES'
2026-03-03 19:23:23,361 - GRN 6996978063eff5b997ff6b84: vendorName raw='SRI JANANI AGENCIES', stripped='SRI JANANI AGENCIES', filter='None'
2026-03-03 19:23:23,361 - Matched GRN 6996978063eff5b997ff6b84: vendorName='SRI JANANI AGENCIES'
2026-03-03 19:23:23,362 - GRN 6995afb6449649e8663db557: vendorName raw='SRI JANANI AGENCIES', stripped='SRI JANANI AGENCIES', filter='None'
2026-03-03 19:23:23,362 - Matched GRN 6995afb6449649e8663db557: vendorName='SRI JANANI AGENCIES'
2026-03-03 19:23:23,363 - GRN 6995ae2f449649e8663db53f: vendorName raw='ARR AGENCIES', stripped='ARR AGENCIES', filter='None'
2026-03-03 19:23:23,363 - Matched GRN 6995ae2f449649e8663db53f: vendorName='ARR AGENCIES'
2026-03-03 19:23:23,363 - GRN 69944345ddbb591e2d47c124: vendorName raw='MURUGAN STORE', stripped='MURUGAN STORE', filter='None'
2026-03-03 19:23:23,364 - Matched GRN 69944345ddbb591e2d47c124: vendorName='MURUGAN STORE'
2026-03-03 19:23:23,365 - GRN 6992d97d826cd1300a5f0cce: vendorName raw='SRI JANANI AGENCIES', stripped='SRI JANANI AGENCIES', filter='None'
2026-03-03 19:23:23,365 - Matched GRN 6992d97d826cd1300a5f0cce: vendorName='SRI JANANI AGENCIES'
2026-03-03 19:23:23,366 - GRN 69943ef3f3254ba5acb94d26: vendorName raw='HANISH FOODS SHOP', stripped='HANISH FOODS SHOP', filter='None'
2026-03-03 19:23:23,366 - Matched GRN 69943ef3f3254ba5acb94d26: vendorName='HANISH FOODS SHOP'
2026-03-03 19:23:23,366 - Final filtered GRNs: 23 (skipped: 0 total fetched: 23)
2026-03-03 19:23:52,372 - ✅ Successfully imported: purchaseOrder.po_to_grn
2026-03-03 19:23:52,372 - ✅ Router found in: purchaseOrder.po_to_grn
2026-03-03 19:23:52,376 - ✅ Included YEN ERP: purchaseOrder.po_to_grn
2026-03-03 19:23:52,376 - 🟡 Attempting to import: purchaseOrder.grnConverted
2026-03-03 19:23:52,397 - ✅ Successfully imported: purchaseOrder.grnConverted
2026-03-03 19:23:52,397 - ✅ Router found in: purchaseOrder.grnConverted
2026-03-03 19:23:52,402 - ✅ Included YEN ERP: purchaseOrder.grnConverted
2026-03-03 19:23:52,402 - 🟡 Attempting to import: purchaseOrder.poedit
2026-03-03 19:23:52,406 - ✅ Successfully imported: purchaseOrder.poedit
2026-03-03 19:23:52,406 - ✅ Router found in: purchaseOrder.poedit
2026-03-03 19:23:52,409 - ✅ Included YEN ERP: purchaseOrder.poedit
2026-03-03 19:23:52,409 - 🟡 Attempting to import: purchaseOrder.freightfunction
2026-03-03 19:23:52,423 - ✅ Successfully imported: purchaseOrder.freightfunction
2026-03-03 19:23:52,423 - ✅ Router found in: purchaseOrder.freightfunction
2026-03-03 19:23:52,426 - ✅ Included YEN ERP: purchaseOrder.freightfunction
2026-03-03 19:23:52,427 - 🟡 Attempting to import: purchaseOrder.pending
2026-03-03 19:23:52,451 - ✅ Successfully imported: purchaseOrder.pending
2026-03-03 19:23:52,451 - ✅ Router found in: purchaseOrder.pending
2026-03-03 19:23:52,456 - ✅ Included YEN ERP: purchaseOrder.pending
2026-03-03 19:23:52,456 - 🟡 Attempting to import: grn.routes
2026-03-03 19:23:52,456 - ✅ Successfully imported: grn.routes
2026-03-03 19:23:52,456 - ✅ Router found in: grn.routes
2026-03-03 19:23:52,513 - ✅ Included YEN ERP: grn.routes
2026-03-03 19:23:52,513 - 🟡 Attempting to import: grn.return
2026-03-03 19:23:53,241 - ✅ Successfully imported: grn.return
2026-03-03 19:23:53,241 - ✅ Router found in: grn.return
2026-03-03 19:23:53,249 - ✅ Included YEN ERP: grn.return
2026-03-03 19:23:53,250 - 🟡 Attempting to import: grn.grn_to_ap
2026-03-03 19:23:53,366 - ✅ Successfully imported: grn.grn_to_ap
2026-03-03 19:23:53,367 - ✅ Router found in: grn.grn_to_ap
2026-03-03 19:23:53,369 - ✅ Included YEN ERP: grn.grn_to_ap
2026-03-03 19:23:53,369 - 🟡 Attempting to import: grn.debitnote
2026-03-03 19:23:53,677 - ✅ Successfully imported: grn.debitnote
2026-03-03 19:23:53,677 - ✅ Router found in: grn.debitnote
2026-03-03 19:23:53,697 - ✅ Included YEN ERP: grn.debitnote
2026-03-03 19:23:53,697 - 🟡 Attempting to import: grn.grn_to_ap_outgoing
2026-03-03 19:23:53,834 - ✅ Successfully imported: grn.grn_to_ap_outgoing
2026-03-03 19:23:53,834 - ✅ Router found in: grn.grn_to_ap_outgoing
2026-03-03 19:23:53,839 - ✅ Included YEN ERP: grn.grn_to_ap_outgoing
2026-03-03 19:23:53,839 - 🟡 Attempting to import: grn.grn_to_po
2026-03-03 19:23:53,843 - ✅ Successfully imported: grn.grn_to_po
2026-03-03 19:23:53,843 - ✅ Router found in: grn.grn_to_po
2026-03-03 19:23:53,845 - ✅ Included YEN ERP: grn.grn_to_po
2026-03-03 19:23:53,845 - 🟡 Attempting to import: apinvoice.routes
2026-03-03 19:23:53,845 - ✅ Successfully imported: apinvoice.routes
2026-03-03 19:23:53,845 - ✅ Router found in: apinvoice.routes
2026-03-03 19:23:53,888 - ✅ Included YEN ERP: apinvoice.routes
2026-03-03 19:23:53,889 - 🟡 Attempting to import: apinvoice.ap_to_outgoing
2026-03-03 19:23:53,892 - ✅ Successfully imported: apinvoice.ap_to_outgoing
2026-03-03 19:23:53,892 - ✅ Router found in: apinvoice.ap_to_outgoing
2026-03-03 19:23:53,894 - ✅ Included YEN ERP: apinvoice.ap_to_outgoing
2026-03-03 19:23:53,894 - 🟡 Attempting to import: apinvoice.apReturned
2026-03-03 19:23:53,896 - ✅ Successfully imported: apinvoice.apReturned
2026-03-03 19:23:53,896 - ✅ Router found in: apinvoice.apReturned
2026-03-03 19:23:53,898 - ✅ Included YEN ERP: apinvoice.apReturned
2026-03-03 19:23:53,898 - 🟡 Attempting to import: outgoingPayment.routes
2026-03-03 19:23:53,898 - ✅ Successfully imported: outgoingPayment.routes
2026-03-03 19:23:53,898 - ✅ Router found in: outgoingPayment.routes
2026-03-03 19:23:53,945 - ✅ Included YEN ERP: outgoingPayment.routes
2026-03-03 19:23:53,945 - 🟡 Attempting to import: outgoingPayment.bulk_payment
2026-03-03 19:23:53,957 - ✅ Successfully imported: outgoingPayment.bulk_payment
2026-03-03 19:23:53,957 - ✅ Router found in: outgoingPayment.bulk_payment
2026-03-03 19:23:53,960 - ✅ Included YEN ERP: outgoingPayment.bulk_payment
2026-03-03 19:23:53,960 - 🟡 Attempting to import: outgoingPayment.vendor_ledger
2026-03-03 19:23:53,966 - ✅ Successfully imported: outgoingPayment.vendor_ledger
2026-03-03 19:23:53,966 - ✅ Router found in: outgoingPayment.vendor_ledger
2026-03-03 19:23:53,970 - ✅ Included YEN ERP: outgoingPayment.vendor_ledger
2026-03-03 19:23:53,970 - 🟡 Attempting to import: outgoingPayment.single_payment
2026-03-03 19:23:53,978 - ✅ Successfully imported: outgoingPayment.single_payment
2026-03-03 19:23:53,979 - ✅ Router found in: outgoingPayment.single_payment
2026-03-03 19:23:53,981 - ✅ Included YEN ERP: outgoingPayment.single_payment
2026-03-03 19:23:53,981 - 🟡 Attempting to import: outgoingPayment.payment_history
2026-03-03 19:23:54,005 - ✅ Successfully imported: outgoingPayment.payment_history
2026-03-03 19:23:54,005 - ✅ Router found in: outgoingPayment.payment_history
2026-03-03 19:23:54,010 - ✅ Included YEN ERP: outgoingPayment.payment_history
2026-03-03 19:23:54,010 - 🟡 Attempting to import: outgoingPayment.advance_routes
2026-03-03 19:23:54,039 - ✅ Successfully imported: outgoingPayment.advance_routes
2026-03-03 19:23:54,039 - ✅ Router found in: outgoingPayment.advance_routes
2026-03-03 19:23:54,050 - ✅ Included YEN ERP: outgoingPayment.advance_routes
2026-03-03 19:23:54,050 - 🟡 Attempting to import: Business.routes
2026-03-03 19:23:54,066 - ✅ Successfully imported: Business.routes
2026-03-03 19:23:54,066 - ✅ Router found in: Business.routes
2026-03-03 19:23:54,075 - ✅ Included YEN ERP: Business.routes
2026-03-03 19:23:54,075 - 🟡 Attempting to import: Personal.routes
2026-03-03 19:23:54,086 - ✅ Successfully imported: Personal.routes
2026-03-03 19:23:54,086 - ✅ Router found in: Personal.routes
2026-03-03 19:23:54,091 - ✅ Included YEN ERP: Personal.routes
2026-03-03 19:23:54,091 - 🟡 Attempting to import: shippingaddress.routes
2026-03-03 19:23:54,102 - ✅ Successfully imported: shippingaddress.routes
2026-03-03 19:23:54,102 - ✅ Router found in: shippingaddress.routes
2026-03-03 19:23:54,108 - ✅ Included YEN ERP: shippingaddress.routes
2026-03-03 19:23:54,108 - 🟡 Attempting to import: ItemGroup.routes
2026-03-03 19:23:54,128 - ✅ Successfully imported: ItemGroup.routes
2026-03-03 19:23:54,128 - ✅ Router found in: ItemGroup.routes
2026-03-03 19:23:54,145 - ✅ Included YEN ERP: ItemGroup.routes
2026-03-03 19:23:54,145 - 🟡 Attempting to import: FreightMaster.routes
2026-03-03 19:23:54,174 - ✅ Successfully imported: FreightMaster.routes
2026-03-03 19:23:54,175 - ✅ Router found in: FreightMaster.routes
2026-03-03 19:23:54,197 - ✅ Included YEN ERP: FreightMaster.routes
2026-03-03 19:23:54,197 - 🟡 Attempting to import: purchaseOrder.poimport
2026-03-03 19:23:54,846 - ✅ Successfully imported: purchaseOrder.poimport
2026-03-03 19:23:54,846 - ✅ Router found in: purchaseOrder.poimport
2026-03-03 19:23:54,853 - ✅ Included YEN ERP: purchaseOrder.poimport
2026-03-03 19:23:54,853 - 🟡 Attempting to import: ServiceOrder.routes
2026-03-03 19:23:54,929 - ✅ Successfully imported: ServiceOrder.routes
2026-03-03 19:23:54,929 - ✅ Router found in: ServiceOrder.routes
2026-03-03 19:23:54,963 - ✅ Included YEN ERP: ServiceOrder.routes
2026-03-03 19:23:54,963 - 🟡 Attempting to import: Service.serviceSummary
2026-03-03 19:23:54,968 - ✅ Successfully imported: Service.serviceSummary
2026-03-03 19:23:54,968 - ✅ Router found in: Service.serviceSummary
2026-03-03 19:23:54,971 - ✅ Included YEN ERP: Service.serviceSummary
2026-03-03 19:23:54,971 - 🟡 Attempting to import: ServiceOrder.servicelist
2026-03-03 19:23:54,985 - ✅ Successfully imported: ServiceOrder.servicelist
2026-03-03 19:23:54,985 - ✅ Router found in: ServiceOrder.servicelist
2026-03-03 19:23:54,998 - ✅ Included YEN ERP: ServiceOrder.servicelist
2026-03-03 19:23:54,998 - 🟡 Attempting to import: ServiceOrder.filterpatch
2026-03-03 19:23:55,006 - ✅ Successfully imported: ServiceOrder.filterpatch
2026-03-03 19:23:55,006 - ✅ Router found in: ServiceOrder.filterpatch
2026-03-03 19:23:55,011 - ✅ Included YEN ERP: ServiceOrder.filterpatch
2026-03-03 19:23:55,011 - 🟡 Attempting to import: ServiceOrder.service_ap_outgoing
2026-03-03 19:23:55,018 - ✅ Successfully imported: ServiceOrder.service_ap_outgoing
2026-03-03 19:23:55,018 - ✅ Router found in: ServiceOrder.service_ap_outgoing
2026-03-03 19:23:55,025 - ✅ Included YEN ERP: ServiceOrder.service_ap_outgoing
2026-03-03 19:24:02,600 - ✅ Main sync connection created
2026-03-03 19:24:03,442 - Tenant context set: 698d68b26e0e40f613847b0c -> purchasetest
2026-03-03 19:24:03,528 - ✅ Tenant 698d68b26e0e40f613847b0c sync DB: purchasetest
2026-03-03 19:24:04,362 - Tenant context set: 698d68b26e0e40f613847b0c -> purchasetest
2026-03-03 19:24:04,448 - Tenant context set: 698d68b26e0e40f613847b0c -> purchasetest
2026-03-03 19:24:04,741 - Tenant context set: 698d68b26e0e40f613847b0c -> purchasetest
2026-03-03 19:24:05,124 - Tenant context set: 698d68b26e0e40f613847b0c -> purchasetest
2026-03-03 19:24:05,519 - Tenant context set: 698d68b26e0e40f613847b0c -> purchasetest
2026-03-03 19:24:06,024 - Full MongoDB query: {'status': {'$in': ['Active', 'active', 'Partially Returned', 'PartiallyReturned']}}
2026-03-03 19:24:06,138 - Raw total matching GRNs: 23
2026-03-03 19:24:06,662 - Fetched 23 raw GRNs from cursor
2026-03-03 19:24:06,928 - GRN 69a135c5a9765cd70cbb736b: vendorName raw='SS AGENCY', stripped='SS AGENCY', filter='None'
2026-03-03 19:24:06,928 - Matched GRN 69a135c5a9765cd70cbb736b: vendorName='SS AGENCY'
2026-03-03 19:24:06,929 - GRN 699d99d56a6f9d358c97d8f5: vendorName raw='SRI BALAJI TRADERS', stripped='SRI BALAJI TRADERS', filter='None'
2026-03-03 19:24:06,929 - Matched GRN 699d99d56a6f9d358c97d8f5: vendorName='SRI BALAJI TRADERS'
2026-03-03 19:24:06,930 - GRN 699d915b6a6f9d358c97d8ea: vendorName raw='HANISH FOODS SHOP', stripped='HANISH FOODS SHOP', filter='None'
2026-03-03 19:24:06,931 - Matched GRN 699d915b6a6f9d358c97d8ea: vendorName='HANISH FOODS SHOP'
2026-03-03 19:24:06,933 - GRN 699d91386a6f9d358c97d8e6: vendorName raw='HANISH FOODS SHOP', stripped='HANISH FOODS SHOP', filter='None'
2026-03-03 19:24:06,934 - Matched GRN 699d91386a6f9d358c97d8e6: vendorName='HANISH FOODS SHOP'
2026-03-03 19:24:06,934 - GRN 699d8e0c9f900005f1e3c18e: vendorName raw='MAHIDARSHAN DAIRY FARM', stripped='MAHIDARSHAN DAIRY FARM', filter='None'
2026-03-03 19:24:06,935 - Matched GRN 699d8e0c9f900005f1e3c18e: vendorName='MAHIDARSHAN DAIRY FARM'
2026-03-03 19:24:06,935 - GRN 699d8dd39f900005f1e3c188: vendorName raw='MAHIDARSHAN DAIRY FARM', stripped='MAHIDARSHAN DAIRY FARM', filter='None'
2026-03-03 19:24:06,935 - Matched GRN 699d8dd39f900005f1e3c188: vendorName='MAHIDARSHAN DAIRY FARM'
2026-03-03 19:24:06,936 - GRN 699bfc4463679f169b7ef568: vendorName raw='MURUGAN STORE', stripped='MURUGAN STORE', filter='None'
2026-03-03 19:24:06,936 - Matched GRN 699bfc4463679f169b7ef568: vendorName='MURUGAN STORE'
2026-03-03 19:24:06,937 - GRN 699991b68c3eb2c19a18ef01: vendorName raw='NAMMAKADAI', stripped='NAMMAKADAI', filter='None'
2026-03-03 19:24:06,937 - Matched GRN 699991b68c3eb2c19a18ef01: vendorName='NAMMAKADAI'
2026-03-03 19:24:06,938 - GRN 69980a50167dfac83f79cef5: vendorName raw='RAJ PRINTING SOLUTION', stripped='RAJ PRINTING SOLUTION', filter='None'
2026-03-03 19:24:06,938 - Matched GRN 69980a50167dfac83f79cef5: vendorName='RAJ PRINTING SOLUTION'
2026-03-03 19:24:06,938 - GRN 6996b5ba29a5f78e456adaac: vendorName raw='SRI JANANI AGENCIES', stripped='SRI JANANI AGENCIES', filter='None'
2026-03-03 19:24:06,938 - Matched GRN 6996b5ba29a5f78e456adaac: vendorName='SRI JANANI AGENCIES'
2026-03-03 19:24:06,939 - GRN 6996b59629a5f78e456adaa1: vendorName raw='SRI JANANI AGENCIES', stripped='SRI JANANI AGENCIES', filter='None'
2026-03-03 19:24:06,939 - Matched GRN 6996b59629a5f78e456adaa1: vendorName='SRI JANANI AGENCIES'
2026-03-03 19:24:06,940 - GRN 6996b2e829a5f78e456ada8e: vendorName raw='SRI JANANI AGENCIES', stripped='SRI JANANI AGENCIES', filter='None'
2026-03-03 19:24:06,940 - Matched GRN 6996b2e829a5f78e456ada8e: vendorName='SRI JANANI AGENCIES'
2026-03-03 19:24:06,941 - GRN 6996aee74c33ae4c560a6466: vendorName raw='SRI JANANI AGENCIES', stripped='SRI JANANI AGENCIES', filter='None'
2026-03-03 19:24:06,941 - Matched GRN 6996aee74c33ae4c560a6466: vendorName='SRI JANANI AGENCIES'
2026-03-03 19:24:06,942 - GRN 6996a25cd099fcddeb14359e: vendorName raw='SRI JANANI AGENCIES', stripped='SRI JANANI AGENCIES', filter='None'
2026-03-03 19:24:06,942 - Matched GRN 6996a25cd099fcddeb14359e: vendorName='SRI JANANI AGENCIES'
2026-03-03 19:24:06,942 - GRN 6996a024d099fcddeb143598: vendorName raw='SRI JANANI AGENCIES', stripped='SRI JANANI AGENCIES', filter='None'
2026-03-03 19:24:06,942 - Matched GRN 6996a024d099fcddeb143598: vendorName='SRI JANANI AGENCIES'
2026-03-03 19:24:06,943 - GRN 69969afa63eff5b997ff6b98: vendorName raw='SRI JANANI AGENCIES', stripped='SRI JANANI AGENCIES', filter='None'
2026-03-03 19:24:06,943 - Matched GRN 69969afa63eff5b997ff6b98: vendorName='SRI JANANI AGENCIES'
2026-03-03 19:24:06,943 - GRN 69969a0263eff5b997ff6b92: vendorName raw='SRI JANANI AGENCIES', stripped='SRI JANANI AGENCIES', filter='None'
2026-03-03 19:24:06,943 - Matched GRN 69969a0263eff5b997ff6b92: vendorName='SRI JANANI AGENCIES'
2026-03-03 19:24:06,944 - GRN 6996978063eff5b997ff6b84: vendorName raw='SRI JANANI AGENCIES', stripped='SRI JANANI AGENCIES', filter='None'
2026-03-03 19:24:06,944 - Matched GRN 6996978063eff5b997ff6b84: vendorName='SRI JANANI AGENCIES'
2026-03-03 19:24:06,945 - GRN 6995afb6449649e8663db557: vendorName raw='SRI JANANI AGENCIES', stripped='SRI JANANI AGENCIES', filter='None'
2026-03-03 19:24:06,945 - Matched GRN 6995afb6449649e8663db557: vendorName='SRI JANANI AGENCIES'
2026-03-03 19:24:06,945 - GRN 6995ae2f449649e8663db53f: vendorName raw='ARR AGENCIES', stripped='ARR AGENCIES', filter='None'
2026-03-03 19:24:06,946 - Matched GRN 6995ae2f449649e8663db53f: vendorName='ARR AGENCIES'
2026-03-03 19:24:06,946 - GRN 69944345ddbb591e2d47c124: vendorName raw='MURUGAN STORE', stripped='MURUGAN STORE', filter='None'
2026-03-03 19:24:06,946 - Matched GRN 69944345ddbb591e2d47c124: vendorName='MURUGAN STORE'
2026-03-03 19:24:06,947 - GRN 6992d97d826cd1300a5f0cce: vendorName raw='SRI JANANI AGENCIES', stripped='SRI JANANI AGENCIES', filter='None'
2026-03-03 19:24:06,949 - Matched GRN 6992d97d826cd1300a5f0cce: vendorName='SRI JANANI AGENCIES'
2026-03-03 19:24:06,951 - GRN 69943ef3f3254ba5acb94d26: vendorName raw='HANISH FOODS SHOP', stripped='HANISH FOODS SHOP', filter='None'
2026-03-03 19:24:06,951 - Matched GRN 69943ef3f3254ba5acb94d26: vendorName='HANISH FOODS SHOP'
2026-03-03 19:24:06,951 - Final filtered GRNs: 23 (skipped: 0 total fetched: 23)
2026-03-03 19:24:07,115 - Tenant context set: 698d68b26e0e40f613847b0c -> purchasetest
2026-03-03 19:24:07,437 - Tenant context set: 698d68b26e0e40f613847b0c -> purchasetest
2026-03-03 19:24:07,525 - Tenant context set: 698d68b26e0e40f613847b0c -> purchasetest
2026-03-03 19:24:07,825 - Tenant context set: 698d68b26e0e40f613847b0c -> purchasetest
2026-03-03 19:24:08,015 - Tenant context set: 698d68b26e0e40f613847b0c -> purchasetest
2026-03-03 19:24:08,314 - Full MongoDB query: {'status': {'$in': ['Active', 'active', 'Partially Returned', 'PartiallyReturned']}}
2026-03-03 19:24:08,434 - Raw total matching GRNs: 23
2026-03-03 19:24:08,968 - Fetched 23 raw GRNs from cursor
2026-03-03 19:24:09,247 - GRN 69a135c5a9765cd70cbb736b: vendorName raw='SS AGENCY', stripped='SS AGENCY', filter='None'
2026-03-03 19:24:09,247 - Matched GRN 69a135c5a9765cd70cbb736b: vendorName='SS AGENCY'
2026-03-03 19:24:09,247 - GRN 699d99d56a6f9d358c97d8f5: vendorName raw='SRI BALAJI TRADERS', stripped='SRI BALAJI TRADERS', filter='None'
2026-03-03 19:24:09,248 - Matched GRN 699d99d56a6f9d358c97d8f5: vendorName='SRI BALAJI TRADERS'
2026-03-03 19:24:09,248 - GRN 699d915b6a6f9d358c97d8ea: vendorName raw='HANISH FOODS SHOP', stripped='HANISH FOODS SHOP', filter='None'
2026-03-03 19:24:09,248 - Matched GRN 699d915b6a6f9d358c97d8ea: vendorName='HANISH FOODS SHOP'
2026-03-03 19:24:09,248 - GRN 699d91386a6f9d358c97d8e6: vendorName raw='HANISH FOODS SHOP', stripped='HANISH FOODS SHOP', filter='None'
2026-03-03 19:24:09,248 - Matched GRN 699d91386a6f9d358c97d8e6: vendorName='HANISH FOODS SHOP'
2026-03-03 19:24:09,248 - GRN 699d8e0c9f900005f1e3c18e: vendorName raw='MAHIDARSHAN DAIRY FARM', stripped='MAHIDARSHAN DAIRY FARM', filter='None'
2026-03-03 19:24:09,248 - Matched GRN 699d8e0c9f900005f1e3c18e: vendorName='MAHIDARSHAN DAIRY FARM'
2026-03-03 19:24:09,249 - GRN 699d8dd39f900005f1e3c188: vendorName raw='MAHIDARSHAN DAIRY FARM', stripped='MAHIDARSHAN DAIRY FARM', filter='None'
2026-03-03 19:24:09,249 - Matched GRN 699d8dd39f900005f1e3c188: vendorName='MAHIDARSHAN DAIRY FARM'
2026-03-03 19:24:09,249 - GRN 699bfc4463679f169b7ef568: vendorName raw='MURUGAN STORE', stripped='MURUGAN STORE', filter='None'
2026-03-03 19:24:09,249 - Matched GRN 699bfc4463679f169b7ef568: vendorName='MURUGAN STORE'
2026-03-03 19:24:09,249 - GRN 699991b68c3eb2c19a18ef01: vendorName raw='NAMMAKADAI', stripped='NAMMAKADAI', filter='None'
2026-03-03 19:24:09,250 - Matched GRN 699991b68c3eb2c19a18ef01: vendorName='NAMMAKADAI'
2026-03-03 19:24:09,250 - GRN 69980a50167dfac83f79cef5: vendorName raw='RAJ PRINTING SOLUTION', stripped='RAJ PRINTING SOLUTION', filter='None'
2026-03-03 19:24:09,250 - Matched GRN 69980a50167dfac83f79cef5: vendorName='RAJ PRINTING SOLUTION'
2026-03-03 19:24:09,250 - GRN 6996b5ba29a5f78e456adaac: vendorName raw='SRI JANANI AGENCIES', stripped='SRI JANANI AGENCIES', filter='None'
2026-03-03 19:24:09,250 - Matched GRN 6996b5ba29a5f78e456adaac: vendorName='SRI JANANI AGENCIES'
2026-03-03 19:24:09,251 - GRN 6996b59629a5f78e456adaa1: vendorName raw='SRI JANANI AGENCIES', stripped='SRI JANANI AGENCIES', filter='None'
2026-03-03 19:24:09,251 - Matched GRN 6996b59629a5f78e456adaa1: vendorName='SRI JANANI AGENCIES'
2026-03-03 19:24:09,251 - GRN 6996b2e829a5f78e456ada8e: vendorName raw='SRI JANANI AGENCIES', stripped='SRI JANANI AGENCIES', filter='None'
2026-03-03 19:24:09,251 - Matched GRN 6996b2e829a5f78e456ada8e: vendorName='SRI JANANI AGENCIES'
2026-03-03 19:24:09,252 - GRN 6996aee74c33ae4c560a6466: vendorName raw='SRI JANANI AGENCIES', stripped='SRI JANANI AGENCIES', filter='None'
2026-03-03 19:24:09,252 - Matched GRN 6996aee74c33ae4c560a6466: vendorName='SRI JANANI AGENCIES'
2026-03-03 19:24:09,252 - GRN 6996a25cd099fcddeb14359e: vendorName raw='SRI JANANI AGENCIES', stripped='SRI JANANI AGENCIES', filter='None'
2026-03-03 19:24:09,252 - Matched GRN 6996a25cd099fcddeb14359e: vendorName='SRI JANANI AGENCIES'
2026-03-03 19:24:09,253 - GRN 6996a024d099fcddeb143598: vendorName raw='SRI JANANI AGENCIES', stripped='SRI JANANI AGENCIES', filter='None'
2026-03-03 19:24:09,253 - Matched GRN 6996a024d099fcddeb143598: vendorName='SRI JANANI AGENCIES'
2026-03-03 19:24:09,254 - GRN 69969afa63eff5b997ff6b98: vendorName raw='SRI JANANI AGENCIES', stripped='SRI JANANI AGENCIES', filter='None'
2026-03-03 19:24:09,254 - Matched GRN 69969afa63eff5b997ff6b98: vendorName='SRI JANANI AGENCIES'
2026-03-03 19:24:09,254 - GRN 69969a0263eff5b997ff6b92: vendorName raw='SRI JANANI AGENCIES', stripped='SRI JANANI AGENCIES', filter='None'
2026-03-03 19:24:09,254 - Matched GRN 69969a0263eff5b997ff6b92: vendorName='SRI JANANI AGENCIES'
2026-03-03 19:24:09,255 - GRN 6996978063eff5b997ff6b84: vendorName raw='SRI JANANI AGENCIES', stripped='SRI JANANI AGENCIES', filter='None'
2026-03-03 19:24:09,255 - Matched GRN 6996978063eff5b997ff6b84: vendorName='SRI JANANI AGENCIES'
2026-03-03 19:24:09,255 - GRN 6995afb6449649e8663db557: vendorName raw='SRI JANANI AGENCIES', stripped='SRI JANANI AGENCIES', filter='None'
2026-03-03 19:24:09,255 - Matched GRN 6995afb6449649e8663db557: vendorName='SRI JANANI AGENCIES'
2026-03-03 19:24:09,256 - GRN 6995ae2f449649e8663db53f: vendorName raw='ARR AGENCIES', stripped='ARR AGENCIES', filter='None'
2026-03-03 19:24:09,256 - Matched GRN 6995ae2f449649e8663db53f: vendorName='ARR AGENCIES'
2026-03-03 19:24:09,256 - GRN 69944345ddbb591e2d47c124: vendorName raw='MURUGAN STORE', stripped='MURUGAN STORE', filter='None'
2026-03-03 19:24:09,256 - Matched GRN 69944345ddbb591e2d47c124: vendorName='MURUGAN STORE'
2026-03-03 19:24:09,257 - GRN 6992d97d826cd1300a5f0cce: vendorName raw='SRI JANANI AGENCIES', stripped='SRI JANANI AGENCIES', filter='None'
2026-03-03 19:24:09,257 - Matched GRN 6992d97d826cd1300a5f0cce: vendorName='SRI JANANI AGENCIES'
2026-03-03 19:24:09,257 - GRN 69943ef3f3254ba5acb94d26: vendorName raw='HANISH FOODS SHOP', stripped='HANISH FOODS SHOP', filter='None'
2026-03-03 19:24:09,257 - Matched GRN 69943ef3f3254ba5acb94d26: vendorName='HANISH FOODS SHOP'
2026-03-03 19:24:09,257 - Final filtered GRNs: 23 (skipped: 0 total fetched: 23)
2026-03-03 19:24:26,024 - Tenant context set: 698d68b26e0e40f613847b0c -> purchasetest
2026-03-03 19:24:26,113 - Tenant context set: 698d68b26e0e40f613847b0c -> purchasetest
2026-03-03 19:24:26,417 - Tenant context set: 698d68b26e0e40f613847b0c -> purchasetest
2026-03-03 19:24:26,519 - Tenant context set: 698d68b26e0e40f613847b0c -> purchasetest
2026-03-03 19:24:27,415 - Tenant context set: 698d68b26e0e40f613847b0c -> purchasetest
2026-03-03 19:24:27,725 - Tenant context set: 698d68b26e0e40f613847b0c -> purchasetest
2026-03-03 19:24:27,845 - Tenant context set: 698d68b26e0e40f613847b0c -> purchasetest
2026-03-03 19:24:27,927 - Tenant context set: 698d68b26e0e40f613847b0c -> purchasetest
2026-03-03 19:24:28,529 - Tenant context set: 698d68b26e0e40f613847b0c -> purchasetest
2026-03-03 19:24:29,020 - Tenant context set: 698d68b26e0e40f613847b0c -> purchasetest
2026-03-03 19:24:29,321 - Tenant context set: 698d68b26e0e40f613847b0c -> purchasetest
2026-03-03 19:24:29,715 - Tenant context set: 698d68b26e0e40f613847b0c -> purchasetest
2026-03-03 19:24:35,021 - Tenant context set: 698d68b26e0e40f613847b0c -> purchasetest
2026-03-03 19:24:36,519 - Tenant context set: 698d68b26e0e40f613847b0c -> purchasetest
2026-03-03 19:24:39,921 - Tenant context set: 698d68b26e0e40f613847b0c -> purchasetest
2026-03-03 19:24:40,217 - Tenant context set: 698d68b26e0e40f613847b0c -> purchasetest
2026-03-03 19:24:40,312 - Tenant context set: 698d68b26e0e40f613847b0c -> purchasetest
2026-03-03 19:24:40,914 - Tenant context set: 698d68b26e0e40f613847b0c -> purchasetest
2026-03-03 19:24:41,044 - Tenant context set: 698d68b26e0e40f613847b0c -> purchasetest
2026-03-03 19:24:41,425 - Tenant context set: 698d68b26e0e40f613847b0c -> purchasetest
2026-03-03 19:24:41,710 - Tenant context set: 698d68b26e0e40f613847b0c -> purchasetest
2026-03-03 19:24:43,210 - Tenant context set: 698d68b26e0e40f613847b0c -> purchasetest
2026-03-03 19:25:03,426 - Tenant context set: 698d68b26e0e40f613847b0c -> purchasetest
2026-03-03 19:25:05,445 - ✅ Inventory connection created
2026-03-03 19:25:07,013 - Tenant context set: 698d68b26e0e40f613847b0c -> purchasetest
2026-03-03 19:25:17,017 - Tenant context set: 698d68b26e0e40f613847b0c -> purchasetest
2026-03-03 19:25:17,320 - Tenant context set: 698d68b26e0e40f613847b0c -> purchasetest
2026-03-03 19:25:17,421 - Tenant context set: 698d68b26e0e40f613847b0c -> purchasetest
2026-03-03 19:25:17,519 - Tenant context set: 698d68b26e0e40f613847b0c -> purchasetest
2026-03-03 19:25:18,030 - Tenant context set: 698d68b26e0e40f613847b0c -> purchasetest
2026-03-03 19:25:18,420 - Tenant context set: 698d68b26e0e40f613847b0c -> purchasetest
2026-03-03 19:25:18,837 - Full MongoDB query: {'status': {'$in': ['Active', 'active', 'Partially Returned', 'PartiallyReturned']}}
2026-03-03 19:25:18,931 - Raw total matching GRNs: 24
2026-03-03 19:25:19,237 - Fetched 24 raw GRNs from cursor
2026-03-03 19:25:19,428 - GRN 69a6e838940087ef7ff72d9e: vendorName raw='JAI AGENCIES', stripped='JAI AGENCIES', filter='None'
2026-03-03 19:25:19,429 - Matched GRN 69a6e838940087ef7ff72d9e: vendorName='JAI AGENCIES'
2026-03-03 19:25:19,429 - GRN 69a135c5a9765cd70cbb736b: vendorName raw='SS AGENCY', stripped='SS AGENCY', filter='None'
2026-03-03 19:25:19,430 - Matched GRN 69a135c5a9765cd70cbb736b: vendorName='SS AGENCY'
2026-03-03 19:25:19,430 - GRN 699d99d56a6f9d358c97d8f5: vendorName raw='SRI BALAJI TRADERS', stripped='SRI BALAJI TRADERS', filter='None'
2026-03-03 19:25:19,430 - Matched GRN 699d99d56a6f9d358c97d8f5: vendorName='SRI BALAJI TRADERS'
2026-03-03 19:25:19,431 - GRN 699d915b6a6f9d358c97d8ea: vendorName raw='HANISH FOODS SHOP', stripped='HANISH FOODS SHOP', filter='None'
2026-03-03 19:25:19,431 - Matched GRN 699d915b6a6f9d358c97d8ea: vendorName='HANISH FOODS SHOP'
2026-03-03 19:25:19,432 - GRN 699d91386a6f9d358c97d8e6: vendorName raw='HANISH FOODS SHOP', stripped='HANISH FOODS SHOP', filter='None'
2026-03-03 19:25:19,432 - Matched GRN 699d91386a6f9d358c97d8e6: vendorName='HANISH FOODS SHOP'
2026-03-03 19:25:19,432 - GRN 699d8e0c9f900005f1e3c18e: vendorName raw='MAHIDARSHAN DAIRY FARM', stripped='MAHIDARSHAN DAIRY FARM', filter='None'
2026-03-03 19:25:19,432 - Matched GRN 699d8e0c9f900005f1e3c18e: vendorName='MAHIDARSHAN DAIRY FARM'
2026-03-03 19:25:19,433 - GRN 699d8dd39f900005f1e3c188: vendorName raw='MAHIDARSHAN DAIRY FARM', stripped='MAHIDARSHAN DAIRY FARM', filter='None'
2026-03-03 19:25:19,433 - Matched GRN 699d8dd39f900005f1e3c188: vendorName='MAHIDARSHAN DAIRY FARM'
2026-03-03 19:25:19,433 - GRN 699bfc4463679f169b7ef568: vendorName raw='MURUGAN STORE', stripped='MURUGAN STORE', filter='None'
2026-03-03 19:25:19,434 - Matched GRN 699bfc4463679f169b7ef568: vendorName='MURUGAN STORE'
2026-03-03 19:25:19,434 - GRN 699991b68c3eb2c19a18ef01: vendorName raw='NAMMAKADAI', stripped='NAMMAKADAI', filter='None'
2026-03-03 19:25:19,434 - Matched GRN 699991b68c3eb2c19a18ef01: vendorName='NAMMAKADAI'
2026-03-03 19:25:19,435 - GRN 69980a50167dfac83f79cef5: vendorName raw='RAJ PRINTING SOLUTION', stripped='RAJ PRINTING SOLUTION', filter='None'
2026-03-03 19:25:19,436 - Matched GRN 69980a50167dfac83f79cef5: vendorName='RAJ PRINTING SOLUTION'
2026-03-03 19:25:19,436 - GRN 6996b5ba29a5f78e456adaac: vendorName raw='SRI JANANI AGENCIES', stripped='SRI JANANI AGENCIES', filter='None'
2026-03-03 19:25:19,436 - Matched GRN 6996b5ba29a5f78e456adaac: vendorName='SRI JANANI AGENCIES'
2026-03-03 19:25:19,437 - GRN 6996b59629a5f78e456adaa1: vendorName raw='SRI JANANI AGENCIES', stripped='SRI JANANI AGENCIES', filter='None'
2026-03-03 19:25:19,437 - Matched GRN 6996b59629a5f78e456adaa1: vendorName='SRI JANANI AGENCIES'
2026-03-03 19:25:19,437 - GRN 6996b2e829a5f78e456ada8e: vendorName raw='SRI JANANI AGENCIES', stripped='SRI JANANI AGENCIES', filter='None'
2026-03-03 19:25:19,437 - Matched GRN 6996b2e829a5f78e456ada8e: vendorName='SRI JANANI AGENCIES'
2026-03-03 19:25:19,438 - GRN 6996aee74c33ae4c560a6466: vendorName raw='SRI JANANI AGENCIES', stripped='SRI JANANI AGENCIES', filter='None'
2026-03-03 19:25:19,438 - Matched GRN 6996aee74c33ae4c560a6466: vendorName='SRI JANANI AGENCIES'
2026-03-03 19:25:19,439 - GRN 6996a25cd099fcddeb14359e: vendorName raw='SRI JANANI AGENCIES', stripped='SRI JANANI AGENCIES', filter='None'
2026-03-03 19:25:19,439 - Matched GRN 6996a25cd099fcddeb14359e: vendorName='SRI JANANI AGENCIES'
2026-03-03 19:25:19,439 - GRN 6996a024d099fcddeb143598: vendorName raw='SRI JANANI AGENCIES', stripped='SRI JANANI AGENCIES', filter='None'
2026-03-03 19:25:19,439 - Matched GRN 6996a024d099fcddeb143598: vendorName='SRI JANANI AGENCIES'
2026-03-03 19:25:19,440 - GRN 69969afa63eff5b997ff6b98: vendorName raw='SRI JANANI AGENCIES', stripped='SRI JANANI AGENCIES', filter='None'
2026-03-03 19:25:19,440 - Matched GRN 69969afa63eff5b997ff6b98: vendorName='SRI JANANI AGENCIES'
2026-03-03 19:25:19,440 - GRN 69969a0263eff5b997ff6b92: vendorName raw='SRI JANANI AGENCIES', stripped='SRI JANANI AGENCIES', filter='None'
2026-03-03 19:25:19,441 - Matched GRN 69969a0263eff5b997ff6b92: vendorName='SRI JANANI AGENCIES'
2026-03-03 19:25:19,441 - GRN 6996978063eff5b997ff6b84: vendorName raw='SRI JANANI AGENCIES', stripped='SRI JANANI AGENCIES', filter='None'
2026-03-03 19:25:19,441 - Matched GRN 6996978063eff5b997ff6b84: vendorName='SRI JANANI AGENCIES'
2026-03-03 19:25:19,442 - GRN 6995afb6449649e8663db557: vendorName raw='SRI JANANI AGENCIES', stripped='SRI JANANI AGENCIES', filter='None'
2026-03-03 19:25:19,442 - Matched GRN 6995afb6449649e8663db557: vendorName='SRI JANANI AGENCIES'
2026-03-03 19:25:19,444 - GRN 6995ae2f449649e8663db53f: vendorName raw='ARR AGENCIES', stripped='ARR AGENCIES', filter='None'
2026-03-03 19:25:19,445 - Matched GRN 6995ae2f449649e8663db53f: vendorName='ARR AGENCIES'
2026-03-03 19:25:19,445 - GRN 69944345ddbb591e2d47c124: vendorName raw='MURUGAN STORE', stripped='MURUGAN STORE', filter='None'
2026-03-03 19:25:19,445 - Matched GRN 69944345ddbb591e2d47c124: vendorName='MURUGAN STORE'
2026-03-03 19:25:19,446 - GRN 6992d97d826cd1300a5f0cce: vendorName raw='SRI JANANI AGENCIES', stripped='SRI JANANI AGENCIES', filter='None'
2026-03-03 19:25:19,446 - Matched GRN 6992d97d826cd1300a5f0cce: vendorName='SRI JANANI AGENCIES'
2026-03-03 19:25:19,446 - GRN 69943ef3f3254ba5acb94d26: vendorName raw='HANISH FOODS SHOP', stripped='HANISH FOODS SHOP', filter='None'
2026-03-03 19:25:19,447 - Matched GRN 69943ef3f3254ba5acb94d26: vendorName='HANISH FOODS SHOP'
2026-03-03 19:25:19,447 - Final filtered GRNs: 24 (skipped: 0 total fetched: 24)
2026-03-03 19:25:19,626 - Tenant context set: 698d68b26e0e40f613847b0c -> purchasetest
2026-03-03 19:25:20,216 - Tenant context set: 698d68b26e0e40f613847b0c -> purchasetest
2026-03-03 19:25:20,311 - Tenant context set: 698d68b26e0e40f613847b0c -> purchasetest
2026-03-03 19:25:20,427 - Tenant context set: 698d68b26e0e40f613847b0c -> purchasetest
2026-03-03 19:25:20,915 - Full MongoDB query: {'status': {'$in': ['Active', 'active', 'Partially Returned', 'PartiallyReturned']}}
2026-03-03 19:25:21,024 - Raw total matching GRNs: 24
2026-03-03 19:25:21,449 - Fetched 24 raw GRNs from cursor
2026-03-03 19:25:21,829 - GRN 69a6e838940087ef7ff72d9e: vendorName raw='JAI AGENCIES', stripped='JAI AGENCIES', filter='None'
2026-03-03 19:25:21,829 - Matched GRN 69a6e838940087ef7ff72d9e: vendorName='JAI AGENCIES'
2026-03-03 19:25:21,830 - GRN 69a135c5a9765cd70cbb736b: vendorName raw='SS AGENCY', stripped='SS AGENCY', filter='None'
2026-03-03 19:25:21,830 - Matched GRN 69a135c5a9765cd70cbb736b: vendorName='SS AGENCY'
2026-03-03 19:25:21,831 - GRN 699d99d56a6f9d358c97d8f5: vendorName raw='SRI BALAJI TRADERS', stripped='SRI BALAJI TRADERS', filter='None'
2026-03-03 19:25:21,831 - Matched GRN 699d99d56a6f9d358c97d8f5: vendorName='SRI BALAJI TRADERS'
2026-03-03 19:25:21,832 - GRN 699d915b6a6f9d358c97d8ea: vendorName raw='HANISH FOODS SHOP', stripped='HANISH FOODS SHOP', filter='None'
2026-03-03 19:25:21,832 - Matched GRN 699d915b6a6f9d358c97d8ea: vendorName='HANISH FOODS SHOP'
2026-03-03 19:25:21,833 - GRN 699d91386a6f9d358c97d8e6: vendorName raw='HANISH FOODS SHOP', stripped='HANISH FOODS SHOP', filter='None'
2026-03-03 19:25:21,833 - Matched GRN 699d91386a6f9d358c97d8e6: vendorName='HANISH FOODS SHOP'
2026-03-03 19:25:21,833 - GRN 699d8e0c9f900005f1e3c18e: vendorName raw='MAHIDARSHAN DAIRY FARM', stripped='MAHIDARSHAN DAIRY FARM', filter='None'
2026-03-03 19:25:21,834 - Matched GRN 699d8e0c9f900005f1e3c18e: vendorName='MAHIDARSHAN DAIRY FARM'
2026-03-03 19:25:21,834 - GRN 699d8dd39f900005f1e3c188: vendorName raw='MAHIDARSHAN DAIRY FARM', stripped='MAHIDARSHAN DAIRY FARM', filter='None'
2026-03-03 19:25:21,834 - Matched GRN 699d8dd39f900005f1e3c188: vendorName='MAHIDARSHAN DAIRY FARM'
2026-03-03 19:25:21,834 - GRN 699bfc4463679f169b7ef568: vendorName raw='MURUGAN STORE', stripped='MURUGAN STORE', filter='None'
2026-03-03 19:25:21,834 - Matched GRN 699bfc4463679f169b7ef568: vendorName='MURUGAN STORE'
2026-03-03 19:25:21,835 - GRN 699991b68c3eb2c19a18ef01: vendorName raw='NAMMAKADAI', stripped='NAMMAKADAI', filter='None'
2026-03-03 19:25:21,837 - Matched GRN 699991b68c3eb2c19a18ef01: vendorName='NAMMAKADAI'
2026-03-03 19:25:21,838 - GRN 69980a50167dfac83f79cef5: vendorName raw='RAJ PRINTING SOLUTION', stripped='RAJ PRINTING SOLUTION', filter='None'
2026-03-03 19:25:21,838 - Matched GRN 69980a50167dfac83f79cef5: vendorName='RAJ PRINTING SOLUTION'
2026-03-03 19:25:21,838 - GRN 6996b5ba29a5f78e456adaac: vendorName raw='SRI JANANI AGENCIES', stripped='SRI JANANI AGENCIES', filter='None'
2026-03-03 19:25:21,838 - Matched GRN 6996b5ba29a5f78e456adaac: vendorName='SRI JANANI AGENCIES'
2026-03-03 19:25:21,838 - GRN 6996b59629a5f78e456adaa1: vendorName raw='SRI JANANI AGENCIES', stripped='SRI JANANI AGENCIES', filter='None'
2026-03-03 19:25:21,840 - Matched GRN 6996b59629a5f78e456adaa1: vendorName='SRI JANANI AGENCIES'
2026-03-03 19:25:21,840 - GRN 6996b2e829a5f78e456ada8e: vendorName raw='SRI JANANI AGENCIES', stripped='SRI JANANI AGENCIES', filter='None'
2026-03-03 19:25:21,840 - Matched GRN 6996b2e829a5f78e456ada8e: vendorName='SRI JANANI AGENCIES'
2026-03-03 19:25:21,840 - GRN 6996aee74c33ae4c560a6466: vendorName raw='SRI JANANI AGENCIES', stripped='SRI JANANI AGENCIES', filter='None'
2026-03-03 19:25:21,840 - Matched GRN 6996aee74c33ae4c560a6466: vendorName='SRI JANANI AGENCIES'
2026-03-03 19:25:21,841 - GRN 6996a25cd099fcddeb14359e: vendorName raw='SRI JANANI AGENCIES', stripped='SRI JANANI AGENCIES', filter='None'
2026-03-03 19:25:21,841 - Matched GRN 6996a25cd099fcddeb14359e: vendorName='SRI JANANI AGENCIES'
2026-03-03 19:25:21,842 - GRN 6996a024d099fcddeb143598: vendorName raw='SRI JANANI AGENCIES', stripped='SRI JANANI AGENCIES', filter='None'
2026-03-03 19:25:21,842 - Matched GRN 6996a024d099fcddeb143598: vendorName='SRI JANANI AGENCIES'
2026-03-03 19:25:21,843 - GRN 69969afa63eff5b997ff6b98: vendorName raw='SRI JANANI AGENCIES', stripped='SRI JANANI AGENCIES', filter='None'
2026-03-03 19:25:21,843 - Matched GRN 69969afa63eff5b997ff6b98: vendorName='SRI JANANI AGENCIES'
2026-03-03 19:25:21,844 - GRN 69969a0263eff5b997ff6b92: vendorName raw='SRI JANANI AGENCIES', stripped='SRI JANANI AGENCIES', filter='None'
2026-03-03 19:25:21,844 - Matched GRN 69969a0263eff5b997ff6b92: vendorName='SRI JANANI AGENCIES'
2026-03-03 19:25:21,844 - GRN 6996978063eff5b997ff6b84: vendorName raw='SRI JANANI AGENCIES', stripped='SRI JANANI AGENCIES', filter='None'
2026-03-03 19:25:21,845 - Matched GRN 6996978063eff5b997ff6b84: vendorName='SRI JANANI AGENCIES'
2026-03-03 19:25:21,845 - GRN 6995afb6449649e8663db557: vendorName raw='SRI JANANI AGENCIES', stripped='SRI JANANI AGENCIES', filter='None'
2026-03-03 19:25:21,846 - Matched GRN 6995afb6449649e8663db557: vendorName='SRI JANANI AGENCIES'
2026-03-03 19:25:21,847 - GRN 6995ae2f449649e8663db53f: vendorName raw='ARR AGENCIES', stripped='ARR AGENCIES', filter='None'
2026-03-03 19:25:21,847 - Matched GRN 6995ae2f449649e8663db53f: vendorName='ARR AGENCIES'
2026-03-03 19:25:21,848 - GRN 69944345ddbb591e2d47c124: vendorName raw='MURUGAN STORE', stripped='MURUGAN STORE', filter='None'
2026-03-03 19:25:21,848 - Matched GRN 69944345ddbb591e2d47c124: vendorName='MURUGAN STORE'
2026-03-03 19:25:21,848 - GRN 6992d97d826cd1300a5f0cce: vendorName raw='SRI JANANI AGENCIES', stripped='SRI JANANI AGENCIES', filter='None'
2026-03-03 19:25:21,849 - Matched GRN 6992d97d826cd1300a5f0cce: vendorName='SRI JANANI AGENCIES'
2026-03-03 19:25:21,849 - GRN 69943ef3f3254ba5acb94d26: vendorName raw='HANISH FOODS SHOP', stripped='HANISH FOODS SHOP', filter='None'
2026-03-03 19:25:21,849 - Matched GRN 69943ef3f3254ba5acb94d26: vendorName='HANISH FOODS SHOP'
2026-03-03 19:25:21,850 - Final filtered GRNs: 24 (skipped: 0 total fetched: 24)
2026-03-03 19:25:29,425 - Tenant context set: 698d68b26e0e40f613847b0c -> purchasetest
2026-03-03 19:25:29,836 - ====================================================================================================
2026-03-03 19:25:29,836 - 🔄 INITIATING GRN REVERT - GRN ID: 69a6e838940087ef7ff72d9e
2026-03-03 19:25:29,836 - Associated PO ID: 69a58ab7c393d9d4241137a4
2026-03-03 19:25:29,838 - ====================================================================================================
2026-03-03 19:25:29,838 - GRN_REVERT_START|grn_id=69a6e838940087ef7ff72d9e|po_id=69a58ab7c393d9d4241137a4
2026-03-03 19:25:29,842 - Reversed GRN for item 69a58ab7c393d9d4241137a3: totalReceivedQuantity now 0.00, pending 5.00, expiryDate cleared
2026-03-03 19:25:29,843 - PO_ITEM_REVERT|item_id=69a58ab7c393d9d4241137a3|randomId=PI418|qty_removed=5.00|new_total=0.00
2026-03-03 19:25:29,846 - ✅ Step 1: PO items updated - 1 items reversed
2026-03-03 19:25:29,847 - ====================================================================================================
2026-03-03 19:25:29,848 - STOCK UPDATE - REVERT (SUBTRACT)
2026-03-03 19:25:29,849 - Timestamp: 2026-03-03 19:25:29.847569+05:30
2026-03-03 19:25:29,849 - Total items to process: 1
2026-03-03 19:25:29,850 - ====================================================================================================
2026-03-03 19:25:29,850 - 
--- Processing Item 1/1 ---
2026-03-03 19:25:29,851 - Item RandomId: PI418
2026-03-03 19:25:29,852 - Item Name: 1.0 HP OPENWELL SUBMERSIBLE SHINEPUMP WITH PANELBOARD 10MTR
2026-03-03 19:25:29,852 - Location: WH001
2026-03-03 19:25:29,853 - Quantity Change: -5.00 (SUBTRACT 5.0)
2026-03-03 19:25:30,041 - Item Master Stock Calculation: 8.00 + (-5.00) = 3.00
2026-03-03 19:25:30,228 - ✅ PURCHASEITEM UPDATED - Total Stock: 8.00 -> 3.00 (Change: -5.00)
2026-03-03 19:25:30,323 - Location Stock Calculation: 5.00 + (-5.00) = 0.00
2026-03-03 19:25:30,514 - ✅ INVENTORY UPDATED for Location WH001: 5.00 -> 0.00 (Change: -5.00)
2026-03-03 19:25:30,515 - ====================================================================================================
📊 STOCK UPDATE COMPLETE SUMMARY
====================================================================================================
Operation Type: REVERT (SUBTRACT)
Total Items Processed: 1
Successful: 1
Failed: 0

📦 PURCHASEITEM UPDATES (Item Master):
   - Total Stock Updates: 1

📍 INVENTORY UPDATES (Location-Based):
   - Location Updates: 1
   - Location Creates: 0
   - Errors: 0
====================================================================================================
2026-03-03 19:25:30,515 - ✅ Step 2: Stock quantities reversed in purchaseitem and inventory
2026-03-03 19:25:30,515 -    - PurchaseItem updates: 1
2026-03-03 19:25:30,516 -    - Inventory updates: 1
2026-03-03 19:25:30,516 -    - Inventory creates: 0
2026-03-03 19:25:30,516 - ✅ Step 3: PO totals recalculated
2026-03-03 19:25:30,517 - ✅ Step 4: Status determined - PO Status: Approved, Item Status: Pending
2026-03-03 19:25:30,733 - ✅ Step 5: GRN marked as reverted with canBeReUpdated=True
2026-03-03 19:25:30,931 - ✅ Step 6: PO updated successfully
2026-03-03 19:25:30,932 - 
====================================================================================================
✅ GRN REVERT COMPLETED SUCCESSFULLY
====================================================================================================
GRN ID: 69a6e838940087ef7ff72d9e
PO ID: 69a58ab7c393d9d4241137a4
New PO Status: Approved
Items Reversed: 1
Stock Updates:
  - PurchaseItem Updates: 1
  - Inventory Updates: 1
  - Inventory Creates: 0
Total Order Amount: 0.00
Pending Order Amount: 31499.98
Can Be Re-Updated: True
====================================================================================================
        
2026-03-03 19:25:30,932 - GRN_REVERT_COMPLETE|grn_id=69a6e838940087ef7ff72d9e|po_id=69a58ab7c393d9d4241137a4|status=Approved|items_reversed=1|stock_updates={'success': True, 'totalProcessed': 1, 'successful': 1, 'failed': 0, 'items': [{'randomId': 'PI418', 'itemName': '1.0 HP OPENWELL SUBMERSIBLE SHINEPUMP WITH PANELBOARD 10MTR', 'stockChange': -5.0, 'newStock': 3.0, 'locationStockChange': -5.0, 'newLocationStock': 0.0, 'locationId': 'WH001', 'priceUpdated': False, 'status': 'success', 'reason': None}], 'timestamp': '2026-03-03T19:25:29.847569+05:30', 'purchaseitem_updates': 1, 'inventory_updates': 1, 'inventory_creates': 0, 'errors': 0}
2026-03-03 19:25:30,935 - GRN_REVERT|grn_id=69a6e838940087ef7ff72d9e|po_id=69a58ab7c393d9d4241137a4|timestamp=2026-03-03 19:25:30.517556+05:30
2026-03-03 19:25:31,310 - Tenant context set: 698d68b26e0e40f613847b0c -> purchasetest
2026-03-03 19:25:31,732 - Full MongoDB query: {'status': {'$in': ['Active', 'active', 'Partially Returned', 'PartiallyReturned']}}
2026-03-03 19:25:31,863 - Raw total matching GRNs: 23
2026-03-03 19:25:32,434 - Fetched 23 raw GRNs from cursor
2026-03-03 19:25:32,648 - GRN 69a135c5a9765cd70cbb736b: vendorName raw='SS AGENCY', stripped='SS AGENCY', filter='None'
2026-03-03 19:25:32,648 - Matched GRN 69a135c5a9765cd70cbb736b: vendorName='SS AGENCY'
2026-03-03 19:25:32,649 - GRN 699d99d56a6f9d358c97d8f5: vendorName raw='SRI BALAJI TRADERS', stripped='SRI BALAJI TRADERS', filter='None'
2026-03-03 19:25:32,649 - Matched GRN 699d99d56a6f9d358c97d8f5: vendorName='SRI BALAJI TRADERS'
2026-03-03 19:25:32,649 - GRN 699d915b6a6f9d358c97d8ea: vendorName raw='HANISH FOODS SHOP', stripped='HANISH FOODS SHOP', filter='None'
2026-03-03 19:25:32,649 - Matched GRN 699d915b6a6f9d358c97d8ea: vendorName='HANISH FOODS SHOP'
2026-03-03 19:25:32,649 - GRN 699d91386a6f9d358c97d8e6: vendorName raw='HANISH FOODS SHOP', stripped='HANISH FOODS SHOP', filter='None'
2026-03-03 19:25:32,650 - Matched GRN 699d91386a6f9d358c97d8e6: vendorName='HANISH FOODS SHOP'
2026-03-03 19:25:32,650 - GRN 699d8e0c9f900005f1e3c18e: vendorName raw='MAHIDARSHAN DAIRY FARM', stripped='MAHIDARSHAN DAIRY FARM', filter='None'
2026-03-03 19:25:32,650 - Matched GRN 699d8e0c9f900005f1e3c18e: vendorName='MAHIDARSHAN DAIRY FARM'
2026-03-03 19:25:32,650 - GRN 699d8dd39f900005f1e3c188: vendorName raw='MAHIDARSHAN DAIRY FARM', stripped='MAHIDARSHAN DAIRY FARM', filter='None'
2026-03-03 19:25:32,650 - Matched GRN 699d8dd39f900005f1e3c188: vendorName='MAHIDARSHAN DAIRY FARM'
2026-03-03 19:25:32,651 - GRN 699bfc4463679f169b7ef568: vendorName raw='MURUGAN STORE', stripped='MURUGAN STORE', filter='None'
2026-03-03 19:25:32,651 - Matched GRN 699bfc4463679f169b7ef568: vendorName='MURUGAN STORE'
2026-03-03 19:25:32,651 - GRN 699991b68c3eb2c19a18ef01: vendorName raw='NAMMAKADAI', stripped='NAMMAKADAI', filter='None'
2026-03-03 19:25:32,651 - Matched GRN 699991b68c3eb2c19a18ef01: vendorName='NAMMAKADAI'
2026-03-03 19:25:32,654 - GRN 69980a50167dfac83f79cef5: vendorName raw='RAJ PRINTING SOLUTION', stripped='RAJ PRINTING SOLUTION', filter='None'
2026-03-03 19:25:32,655 - Matched GRN 69980a50167dfac83f79cef5: vendorName='RAJ PRINTING SOLUTION'
2026-03-03 19:25:32,655 - GRN 6996b5ba29a5f78e456adaac: vendorName raw='SRI JANANI AGENCIES', stripped='SRI JANANI AGENCIES', filter='None'
2026-03-03 19:25:32,656 - Matched GRN 6996b5ba29a5f78e456adaac: vendorName='SRI JANANI AGENCIES'
2026-03-03 19:25:32,656 - GRN 6996b59629a5f78e456adaa1: vendorName raw='SRI JANANI AGENCIES', stripped='SRI JANANI AGENCIES', filter='None'
2026-03-03 19:25:32,656 - Matched GRN 6996b59629a5f78e456adaa1: vendorName='SRI JANANI AGENCIES'
2026-03-03 19:25:32,657 - GRN 6996b2e829a5f78e456ada8e: vendorName raw='SRI JANANI AGENCIES', stripped='SRI JANANI AGENCIES', filter='None'
2026-03-03 19:25:32,657 - Matched GRN 6996b2e829a5f78e456ada8e: vendorName='SRI JANANI AGENCIES'
2026-03-03 19:25:32,657 - GRN 6996aee74c33ae4c560a6466: vendorName raw='SRI JANANI AGENCIES', stripped='SRI JANANI AGENCIES', filter='None'
2026-03-03 19:25:32,657 - Matched GRN 6996aee74c33ae4c560a6466: vendorName='SRI JANANI AGENCIES'
2026-03-03 19:25:32,658 - GRN 6996a25cd099fcddeb14359e: vendorName raw='SRI JANANI AGENCIES', stripped='SRI JANANI AGENCIES', filter='None'
2026-03-03 19:25:32,658 - Matched GRN 6996a25cd099fcddeb14359e: vendorName='SRI JANANI AGENCIES'
2026-03-03 19:25:32,659 - GRN 6996a024d099fcddeb143598: vendorName raw='SRI JANANI AGENCIES', stripped='SRI JANANI AGENCIES', filter='None'
2026-03-03 19:25:32,659 - Matched GRN 6996a024d099fcddeb143598: vendorName='SRI JANANI AGENCIES'
2026-03-03 19:25:32,660 - GRN 69969afa63eff5b997ff6b98: vendorName raw='SRI JANANI AGENCIES', stripped='SRI JANANI AGENCIES', filter='None'
2026-03-03 19:25:32,660 - Matched GRN 69969afa63eff5b997ff6b98: vendorName='SRI JANANI AGENCIES'
2026-03-03 19:25:32,660 - GRN 69969a0263eff5b997ff6b92: vendorName raw='SRI JANANI AGENCIES', stripped='SRI JANANI AGENCIES', filter='None'
2026-03-03 19:25:32,661 - Matched GRN 69969a0263eff5b997ff6b92: vendorName='SRI JANANI AGENCIES'
2026-03-03 19:25:32,661 - GRN 6996978063eff5b997ff6b84: vendorName raw='SRI JANANI AGENCIES', stripped='SRI JANANI AGENCIES', filter='None'
2026-03-03 19:25:32,661 - Matched GRN 6996978063eff5b997ff6b84: vendorName='SRI JANANI AGENCIES'
2026-03-03 19:25:32,662 - GRN 6995afb6449649e8663db557: vendorName raw='SRI JANANI AGENCIES', stripped='SRI JANANI AGENCIES', filter='None'
2026-03-03 19:25:32,662 - Matched GRN 6995afb6449649e8663db557: vendorName='SRI JANANI AGENCIES'
2026-03-03 19:25:32,662 - GRN 6995ae2f449649e8663db53f: vendorName raw='ARR AGENCIES', stripped='ARR AGENCIES', filter='None'
2026-03-03 19:25:32,662 - Matched GRN 6995ae2f449649e8663db53f: vendorName='ARR AGENCIES'
2026-03-03 19:25:32,662 - GRN 69944345ddbb591e2d47c124: vendorName raw='MURUGAN STORE', stripped='MURUGAN STORE', filter='None'
2026-03-03 19:25:32,663 - Matched GRN 69944345ddbb591e2d47c124: vendorName='MURUGAN STORE'
2026-03-03 19:25:32,663 - GRN 6992d97d826cd1300a5f0cce: vendorName raw='SRI JANANI AGENCIES', stripped='SRI JANANI AGENCIES', filter='None'
2026-03-03 19:25:32,663 - Matched GRN 6992d97d826cd1300a5f0cce: vendorName='SRI JANANI AGENCIES'
2026-03-03 19:25:32,663 - GRN 69943ef3f3254ba5acb94d26: vendorName raw='HANISH FOODS SHOP', stripped='HANISH FOODS SHOP', filter='None'
2026-03-03 19:25:32,664 - Matched GRN 69943ef3f3254ba5acb94d26: vendorName='HANISH FOODS SHOP'
2026-03-03 19:25:32,664 - Final filtered GRNs: 23 (skipped: 0 total fetched: 23)
2026-03-03 19:25:42,048 - Tenant context set: 698d68b26e0e40f613847b0c -> purchasetest
2026-03-03 19:25:42,316 - Tenant context set: 698d68b26e0e40f613847b0c -> purchasetest
2026-03-03 19:25:42,429 - Tenant context set: 698d68b26e0e40f613847b0c -> purchasetest
2026-03-03 19:25:43,021 - Tenant context set: 698d68b26e0e40f613847b0c -> purchasetest
2026-03-03 19:25:43,735 - Tenant context set: 698d68b26e0e40f613847b0c -> purchasetest
2026-03-03 19:25:44,014 - Tenant context set: 698d68b26e0e40f613847b0c -> purchasetest
2026-03-03 19:25:44,414 - Tenant context set: 698d68b26e0e40f613847b0c -> purchasetest
2026-03-03 19:25:44,518 - Tenant context set: 698d68b26e0e40f613847b0c -> purchasetest
2026-03-03 19:25:46,010 - Tenant context set: 698d68b26e0e40f613847b0c -> purchasetest
2026-03-03 19:25:46,113 - Tenant context set: 698d68b26e0e40f613847b0c -> purchasetest
2026-03-03 19:25:46,210 - Tenant context set: 698d68b26e0e40f613847b0c -> purchasetest
2026-03-03 19:25:46,914 - Tenant context set: 698d68b26e0e40f613847b0c -> purchasetest
2026-03-03 19:25:48,264 - Tenant context set: 698d68b26e0e40f613847b0c -> purchasetest
2026-03-03 19:25:48,623 - Tenant context set: 698d68b26e0e40f613847b0c -> purchasetest
2026-03-03 19:25:48,714 - Tenant context set: 698d68b26e0e40f613847b0c -> purchasetest
2026-03-03 19:25:49,310 - Tenant context set: 698d68b26e0e40f613847b0c -> purchasetest
2026-03-03 19:26:18,022 - Tenant context set: 698d68b26e0e40f613847b0c -> purchasetest
2026-03-03 19:26:21,132 - Tenant context set: 698d68b26e0e40f613847b0c -> purchasetest
2026-03-03 19:26:28,210 - Tenant context set: 698d68b26e0e40f613847b0c -> purchasetest
2026-03-03 19:26:28,317 - Tenant context set: 698d68b26e0e40f613847b0c -> purchasetest
2026-03-03 19:26:29,114 - Tenant context set: 698d68b26e0e40f613847b0c -> purchasetest
2026-03-03 19:26:29,214 - Tenant context set: 698d68b26e0e40f613847b0c -> purchasetest
2026-03-03 19:26:29,430 - Tenant context set: 698d68b26e0e40f613847b0c -> purchasetest
2026-03-03 19:26:29,729 - Tenant context set: 698d68b26e0e40f613847b0c -> purchasetest
2026-03-03 19:26:30,334 - Full MongoDB query: {'status': {'$in': ['Active', 'active', 'Partially Returned', 'PartiallyReturned']}}
2026-03-03 19:26:30,431 - Raw total matching GRNs: 23
2026-03-03 19:26:30,760 - Fetched 23 raw GRNs from cursor
2026-03-03 19:26:30,944 - GRN 69a135c5a9765cd70cbb736b: vendorName raw='SS AGENCY', stripped='SS AGENCY', filter='None'
2026-03-03 19:26:30,945 - Matched GRN 69a135c5a9765cd70cbb736b: vendorName='SS AGENCY'
2026-03-03 19:26:30,946 - GRN 699d99d56a6f9d358c97d8f5: vendorName raw='SRI BALAJI TRADERS', stripped='SRI BALAJI TRADERS', filter='None'
2026-03-03 19:26:30,946 - Matched GRN 699d99d56a6f9d358c97d8f5: vendorName='SRI BALAJI TRADERS'
2026-03-03 19:26:30,947 - GRN 699d915b6a6f9d358c97d8ea: vendorName raw='HANISH FOODS SHOP', stripped='HANISH FOODS SHOP', filter='None'
2026-03-03 19:26:30,947 - Matched GRN 699d915b6a6f9d358c97d8ea: vendorName='HANISH FOODS SHOP'
2026-03-03 19:26:30,948 - GRN 699d91386a6f9d358c97d8e6: vendorName raw='HANISH FOODS SHOP', stripped='HANISH FOODS SHOP', filter='None'
2026-03-03 19:26:30,948 - Matched GRN 699d91386a6f9d358c97d8e6: vendorName='HANISH FOODS SHOP'
2026-03-03 19:26:30,949 - GRN 699d8e0c9f900005f1e3c18e: vendorName raw='MAHIDARSHAN DAIRY FARM', stripped='MAHIDARSHAN DAIRY FARM', filter='None'
2026-03-03 19:26:30,950 - Matched GRN 699d8e0c9f900005f1e3c18e: vendorName='MAHIDARSHAN DAIRY FARM'
2026-03-03 19:26:30,951 - GRN 699d8dd39f900005f1e3c188: vendorName raw='MAHIDARSHAN DAIRY FARM', stripped='MAHIDARSHAN DAIRY FARM', filter='None'
2026-03-03 19:26:30,951 - Matched GRN 699d8dd39f900005f1e3c188: vendorName='MAHIDARSHAN DAIRY FARM'
2026-03-03 19:26:30,952 - GRN 699bfc4463679f169b7ef568: vendorName raw='MURUGAN STORE', stripped='MURUGAN STORE', filter='None'
2026-03-03 19:26:30,952 - Matched GRN 699bfc4463679f169b7ef568: vendorName='MURUGAN STORE'
2026-03-03 19:26:30,952 - GRN 699991b68c3eb2c19a18ef01: vendorName raw='NAMMAKADAI', stripped='NAMMAKADAI', filter='None'
2026-03-03 19:26:30,953 - Matched GRN 699991b68c3eb2c19a18ef01: vendorName='NAMMAKADAI'
2026-03-03 19:26:30,958 - GRN 69980a50167dfac83f79cef5: vendorName raw='RAJ PRINTING SOLUTION', stripped='RAJ PRINTING SOLUTION', filter='None'
2026-03-03 19:26:30,959 - Matched GRN 69980a50167dfac83f79cef5: vendorName='RAJ PRINTING SOLUTION'
2026-03-03 19:26:30,960 - GRN 6996b5ba29a5f78e456adaac: vendorName raw='SRI JANANI AGENCIES', stripped='SRI JANANI AGENCIES', filter='None'
2026-03-03 19:26:30,961 - Matched GRN 6996b5ba29a5f78e456adaac: vendorName='SRI JANANI AGENCIES'
2026-03-03 19:26:30,962 - GRN 6996b59629a5f78e456adaa1: vendorName raw='SRI JANANI AGENCIES', stripped='SRI JANANI AGENCIES', filter='None'
2026-03-03 19:26:30,962 - Matched GRN 6996b59629a5f78e456adaa1: vendorName='SRI JANANI AGENCIES'
2026-03-03 19:26:30,963 - GRN 6996b2e829a5f78e456ada8e: vendorName raw='SRI JANANI AGENCIES', stripped='SRI JANANI AGENCIES', filter='None'
2026-03-03 19:26:30,964 - Matched GRN 6996b2e829a5f78e456ada8e: vendorName='SRI JANANI AGENCIES'
2026-03-03 19:26:30,965 - GRN 6996aee74c33ae4c560a6466: vendorName raw='SRI JANANI AGENCIES', stripped='SRI JANANI AGENCIES', filter='None'
2026-03-03 19:26:30,965 - Matched GRN 6996aee74c33ae4c560a6466: vendorName='SRI JANANI AGENCIES'
2026-03-03 19:26:30,966 - GRN 6996a25cd099fcddeb14359e: vendorName raw='SRI JANANI AGENCIES', stripped='SRI JANANI AGENCIES', filter='None'
2026-03-03 19:26:30,967 - Matched GRN 6996a25cd099fcddeb14359e: vendorName='SRI JANANI AGENCIES'
2026-03-03 19:26:30,968 - GRN 6996a024d099fcddeb143598: vendorName raw='SRI JANANI AGENCIES', stripped='SRI JANANI AGENCIES', filter='None'
2026-03-03 19:26:30,968 - Matched GRN 6996a024d099fcddeb143598: vendorName='SRI JANANI AGENCIES'
2026-03-03 19:26:30,969 - GRN 69969afa63eff5b997ff6b98: vendorName raw='SRI JANANI AGENCIES', stripped='SRI JANANI AGENCIES', filter='None'
2026-03-03 19:26:30,969 - Matched GRN 69969afa63eff5b997ff6b98: vendorName='SRI JANANI AGENCIES'
2026-03-03 19:26:30,970 - GRN 69969a0263eff5b997ff6b92: vendorName raw='SRI JANANI AGENCIES', stripped='SRI JANANI AGENCIES', filter='None'
2026-03-03 19:26:30,970 - Matched GRN 69969a0263eff5b997ff6b92: vendorName='SRI JANANI AGENCIES'
2026-03-03 19:26:30,972 - GRN 6996978063eff5b997ff6b84: vendorName raw='SRI JANANI AGENCIES', stripped='SRI JANANI AGENCIES', filter='None'
2026-03-03 19:26:30,975 - Matched GRN 6996978063eff5b997ff6b84: vendorName='SRI JANANI AGENCIES'
2026-03-03 19:26:30,977 - GRN 6995afb6449649e8663db557: vendorName raw='SRI JANANI AGENCIES', stripped='SRI JANANI AGENCIES', filter='None'
2026-03-03 19:26:30,977 - Matched GRN 6995afb6449649e8663db557: vendorName='SRI JANANI AGENCIES'
2026-03-03 19:26:30,978 - GRN 6995ae2f449649e8663db53f: vendorName raw='ARR AGENCIES', stripped='ARR AGENCIES', filter='None'
2026-03-03 19:26:30,979 - Matched GRN 6995ae2f449649e8663db53f: vendorName='ARR AGENCIES'
2026-03-03 19:26:30,979 - GRN 69944345ddbb591e2d47c124: vendorName raw='MURUGAN STORE', stripped='MURUGAN STORE', filter='None'
2026-03-03 19:26:30,980 - Matched GRN 69944345ddbb591e2d47c124: vendorName='MURUGAN STORE'
2026-03-03 19:26:30,980 - GRN 6992d97d826cd1300a5f0cce: vendorName raw='SRI JANANI AGENCIES', stripped='SRI JANANI AGENCIES', filter='None'
2026-03-03 19:26:30,980 - Matched GRN 6992d97d826cd1300a5f0cce: vendorName='SRI JANANI AGENCIES'
2026-03-03 19:26:30,981 - GRN 69943ef3f3254ba5acb94d26: vendorName raw='HANISH FOODS SHOP', stripped='HANISH FOODS SHOP', filter='None'
2026-03-03 19:26:30,981 - Matched GRN 69943ef3f3254ba5acb94d26: vendorName='HANISH FOODS SHOP'
2026-03-03 19:26:30,981 - Final filtered GRNs: 23 (skipped: 0 total fetched: 23)
2026-03-03 19:26:31,142 - Tenant context set: 698d68b26e0e40f613847b0c -> purchasetest
2026-03-03 19:26:31,441 - Tenant context set: 698d68b26e0e40f613847b0c -> purchasetest
2026-03-03 19:26:31,528 - Tenant context set: 698d68b26e0e40f613847b0c -> purchasetest
2026-03-03 19:26:31,619 - Tenant context set: 698d68b26e0e40f613847b0c -> purchasetest
2026-03-03 19:26:32,325 - Full MongoDB query: {'status': {'$in': ['Active', 'active', 'Partially Returned', 'PartiallyReturned']}}
2026-03-03 19:26:32,444 - Raw total matching GRNs: 23
2026-03-03 19:26:32,826 - Fetched 23 raw GRNs from cursor
2026-03-03 19:26:33,132 - GRN 69a135c5a9765cd70cbb736b: vendorName raw='SS AGENCY', stripped='SS AGENCY', filter='None'
2026-03-03 19:26:33,132 - Matched GRN 69a135c5a9765cd70cbb736b: vendorName='SS AGENCY'
2026-03-03 19:26:33,133 - GRN 699d99d56a6f9d358c97d8f5: vendorName raw='SRI BALAJI TRADERS', stripped='SRI BALAJI TRADERS', filter='None'
2026-03-03 19:26:33,134 - Matched GRN 699d99d56a6f9d358c97d8f5: vendorName='SRI BALAJI TRADERS'
2026-03-03 19:26:33,134 - GRN 699d915b6a6f9d358c97d8ea: vendorName raw='HANISH FOODS SHOP', stripped='HANISH FOODS SHOP', filter='None'
2026-03-03 19:26:33,135 - Matched GRN 699d915b6a6f9d358c97d8ea: vendorName='HANISH FOODS SHOP'
2026-03-03 19:26:33,135 - GRN 699d91386a6f9d358c97d8e6: vendorName raw='HANISH FOODS SHOP', stripped='HANISH FOODS SHOP', filter='None'
2026-03-03 19:26:33,136 - Matched GRN 699d91386a6f9d358c97d8e6: vendorName='HANISH FOODS SHOP'
2026-03-03 19:26:33,136 - GRN 699d8e0c9f900005f1e3c18e: vendorName raw='MAHIDARSHAN DAIRY FARM', stripped='MAHIDARSHAN DAIRY FARM', filter='None'
2026-03-03 19:26:33,137 - Matched GRN 699d8e0c9f900005f1e3c18e: vendorName='MAHIDARSHAN DAIRY FARM'
2026-03-03 19:26:33,137 - GRN 699d8dd39f900005f1e3c188: vendorName raw='MAHIDARSHAN DAIRY FARM', stripped='MAHIDARSHAN DAIRY FARM', filter='None'
2026-03-03 19:26:33,138 - Matched GRN 699d8dd39f900005f1e3c188: vendorName='MAHIDARSHAN DAIRY FARM'
2026-03-03 19:26:33,138 - GRN 699bfc4463679f169b7ef568: vendorName raw='MURUGAN STORE', stripped='MURUGAN STORE', filter='None'
2026-03-03 19:26:33,139 - Matched GRN 699bfc4463679f169b7ef568: vendorName='MURUGAN STORE'
2026-03-03 19:26:33,140 - GRN 699991b68c3eb2c19a18ef01: vendorName raw='NAMMAKADAI', stripped='NAMMAKADAI', filter='None'
2026-03-03 19:26:33,140 - Matched GRN 699991b68c3eb2c19a18ef01: vendorName='NAMMAKADAI'
2026-03-03 19:26:33,142 - GRN 69980a50167dfac83f79cef5: vendorName raw='RAJ PRINTING SOLUTION', stripped='RAJ PRINTING SOLUTION', filter='None'
2026-03-03 19:26:33,142 - Matched GRN 69980a50167dfac83f79cef5: vendorName='RAJ PRINTING SOLUTION'
2026-03-03 19:26:33,143 - GRN 6996b5ba29a5f78e456adaac: vendorName raw='SRI JANANI AGENCIES', stripped='SRI JANANI AGENCIES', filter='None'
2026-03-03 19:26:33,143 - Matched GRN 6996b5ba29a5f78e456adaac: vendorName='SRI JANANI AGENCIES'
2026-03-03 19:26:33,144 - GRN 6996b59629a5f78e456adaa1: vendorName raw='SRI JANANI AGENCIES', stripped='SRI JANANI AGENCIES', filter='None'
2026-03-03 19:26:33,144 - Matched GRN 6996b59629a5f78e456adaa1: vendorName='SRI JANANI AGENCIES'
2026-03-03 19:26:33,145 - GRN 6996b2e829a5f78e456ada8e: vendorName raw='SRI JANANI AGENCIES', stripped='SRI JANANI AGENCIES', filter='None'
2026-03-03 19:26:33,145 - Matched GRN 6996b2e829a5f78e456ada8e: vendorName='SRI JANANI AGENCIES'
2026-03-03 19:26:33,147 - GRN 6996aee74c33ae4c560a6466: vendorName raw='SRI JANANI AGENCIES', stripped='SRI JANANI AGENCIES', filter='None'
2026-03-03 19:26:33,147 - Matched GRN 6996aee74c33ae4c560a6466: vendorName='SRI JANANI AGENCIES'
2026-03-03 19:26:33,149 - GRN 6996a25cd099fcddeb14359e: vendorName raw='SRI JANANI AGENCIES', stripped='SRI JANANI AGENCIES', filter='None'
2026-03-03 19:26:33,149 - Matched GRN 6996a25cd099fcddeb14359e: vendorName='SRI JANANI AGENCIES'
2026-03-03 19:26:33,150 - GRN 6996a024d099fcddeb143598: vendorName raw='SRI JANANI AGENCIES', stripped='SRI JANANI AGENCIES', filter='None'
2026-03-03 19:26:33,150 - Matched GRN 6996a024d099fcddeb143598: vendorName='SRI JANANI AGENCIES'
2026-03-03 19:26:33,151 - GRN 69969afa63eff5b997ff6b98: vendorName raw='SRI JANANI AGENCIES', stripped='SRI JANANI AGENCIES', filter='None'
2026-03-03 19:26:33,152 - Matched GRN 69969afa63eff5b997ff6b98: vendorName='SRI JANANI AGENCIES'
2026-03-03 19:26:33,153 - GRN 69969a0263eff5b997ff6b92: vendorName raw='SRI JANANI AGENCIES', stripped='SRI JANANI AGENCIES', filter='None'
2026-03-03 19:26:33,153 - Matched GRN 69969a0263eff5b997ff6b92: vendorName='SRI JANANI AGENCIES'
2026-03-03 19:26:33,154 - GRN 6996978063eff5b997ff6b84: vendorName raw='SRI JANANI AGENCIES', stripped='SRI JANANI AGENCIES', filter='None'
2026-03-03 19:26:33,154 - Matched GRN 6996978063eff5b997ff6b84: vendorName='SRI JANANI AGENCIES'
2026-03-03 19:26:33,155 - GRN 6995afb6449649e8663db557: vendorName raw='SRI JANANI AGENCIES', stripped='SRI JANANI AGENCIES', filter='None'
2026-03-03 19:26:33,156 - Matched GRN 6995afb6449649e8663db557: vendorName='SRI JANANI AGENCIES'
2026-03-03 19:26:33,157 - GRN 6995ae2f449649e8663db53f: vendorName raw='ARR AGENCIES', stripped='ARR AGENCIES', filter='None'
2026-03-03 19:26:33,157 - Matched GRN 6995ae2f449649e8663db53f: vendorName='ARR AGENCIES'
2026-03-03 19:26:33,158 - GRN 69944345ddbb591e2d47c124: vendorName raw='MURUGAN STORE', stripped='MURUGAN STORE', filter='None'
2026-03-03 19:26:33,158 - Matched GRN 69944345ddbb591e2d47c124: vendorName='MURUGAN STORE'
2026-03-03 19:26:33,159 - GRN 6992d97d826cd1300a5f0cce: vendorName raw='SRI JANANI AGENCIES', stripped='SRI JANANI AGENCIES', filter='None'
2026-03-03 19:26:33,159 - Matched GRN 6992d97d826cd1300a5f0cce: vendorName='SRI JANANI AGENCIES'
2026-03-03 19:26:33,160 - GRN 69943ef3f3254ba5acb94d26: vendorName raw='HANISH FOODS SHOP', stripped='HANISH FOODS SHOP', filter='None'
2026-03-03 19:26:33,161 - Matched GRN 69943ef3f3254ba5acb94d26: vendorName='HANISH FOODS SHOP'
2026-03-03 19:26:33,161 - Final filtered GRNs: 23 (skipped: 0 total fetched: 23)
2026-03-03 19:27:33,035 - Tenant context set: 698d68b26e0e40f613847b0c -> purchasetest
2026-03-03 19:27:33,311 - Tenant context set: 698d68b26e0e40f613847b0c -> purchasetest
2026-03-03 19:27:33,418 - Tenant context set: 698d68b26e0e40f613847b0c -> purchasetest
2026-03-03 19:27:33,515 - Tenant context set: 698d68b26e0e40f613847b0c -> purchasetest
2026-03-03 19:27:34,223 - Tenant context set: 698d68b26e0e40f613847b0c -> purchasetest
2026-03-03 19:27:34,408 - Tenant context set: 698d68b26e0e40f613847b0c -> purchasetest
2026-03-03 19:27:34,512 - Tenant context set: 698d68b26e0e40f613847b0c -> purchasetest
2026-03-03 19:27:35,044 - Tenant context set: 698d68b26e0e40f613847b0c -> purchasetest
2026-03-03 19:27:36,215 - Tenant context set: 698d68b26e0e40f613847b0c -> purchasetest
2026-03-03 19:27:36,426 - Tenant context set: 698d68b26e0e40f613847b0c -> purchasetest
2026-03-03 19:27:36,525 - Tenant context set: 698d68b26e0e40f613847b0c -> purchasetest
2026-03-03 19:27:36,618 - Tenant context set: 698d68b26e0e40f613847b0c -> purchasetest
2026-03-03 19:27:37,413 - Tenant context set: 698d68b26e0e40f613847b0c -> purchasetest
2026-03-03 19:27:38,231 - Tenant context set: 698d68b26e0e40f613847b0c -> purchasetest
2026-03-03 19:27:38,515 - Tenant context set: 698d68b26e0e40f613847b0c -> purchasetest
2026-03-03 19:27:38,828 - Full MongoDB query: {'status': {'$in': ['Active', 'active', 'Partially Returned', 'PartiallyReturned']}}
2026-03-03 19:27:38,931 - Raw total matching GRNs: 23
2026-03-03 19:27:39,163 - Fetched 23 raw GRNs from cursor
2026-03-03 19:27:39,441 - GRN 69a135c5a9765cd70cbb736b: vendorName raw='SS AGENCY', stripped='SS AGENCY', filter='None'
2026-03-03 19:27:39,442 - Matched GRN 69a135c5a9765cd70cbb736b: vendorName='SS AGENCY'
2026-03-03 19:27:39,442 - GRN 699d99d56a6f9d358c97d8f5: vendorName raw='SRI BALAJI TRADERS', stripped='SRI BALAJI TRADERS', filter='None'
2026-03-03 19:27:39,443 - Matched GRN 699d99d56a6f9d358c97d8f5: vendorName='SRI BALAJI TRADERS'
2026-03-03 19:27:39,443 - GRN 699d915b6a6f9d358c97d8ea: vendorName raw='HANISH FOODS SHOP', stripped='HANISH FOODS SHOP', filter='None'
2026-03-03 19:27:39,444 - Matched GRN 699d915b6a6f9d358c97d8ea: vendorName='HANISH FOODS SHOP'
2026-03-03 19:27:39,444 - GRN 699d91386a6f9d358c97d8e6: vendorName raw='HANISH FOODS SHOP', stripped='HANISH FOODS SHOP', filter='None'
2026-03-03 19:27:39,445 - Matched GRN 699d91386a6f9d358c97d8e6: vendorName='HANISH FOODS SHOP'
2026-03-03 19:27:39,445 - GRN 699d8e0c9f900005f1e3c18e: vendorName raw='MAHIDARSHAN DAIRY FARM', stripped='MAHIDARSHAN DAIRY FARM', filter='None'
2026-03-03 19:27:39,446 - Matched GRN 699d8e0c9f900005f1e3c18e: vendorName='MAHIDARSHAN DAIRY FARM'
2026-03-03 19:27:39,446 - GRN 699d8dd39f900005f1e3c188: vendorName raw='MAHIDARSHAN DAIRY FARM', stripped='MAHIDARSHAN DAIRY FARM', filter='None'
2026-03-03 19:27:39,447 - Matched GRN 699d8dd39f900005f1e3c188: vendorName='MAHIDARSHAN DAIRY FARM'
2026-03-03 19:27:39,447 - GRN 699bfc4463679f169b7ef568: vendorName raw='MURUGAN STORE', stripped='MURUGAN STORE', filter='None'
2026-03-03 19:27:39,448 - Matched GRN 699bfc4463679f169b7ef568: vendorName='MURUGAN STORE'
2026-03-03 19:27:39,449 - GRN 699991b68c3eb2c19a18ef01: vendorName raw='NAMMAKADAI', stripped='NAMMAKADAI', filter='None'
2026-03-03 19:27:39,449 - Matched GRN 699991b68c3eb2c19a18ef01: vendorName='NAMMAKADAI'
2026-03-03 19:27:39,452 - GRN 69980a50167dfac83f79cef5: vendorName raw='RAJ PRINTING SOLUTION', stripped='RAJ PRINTING SOLUTION', filter='None'
2026-03-03 19:27:39,452 - Matched GRN 69980a50167dfac83f79cef5: vendorName='RAJ PRINTING SOLUTION'
2026-03-03 19:27:39,455 - GRN 6996b5ba29a5f78e456adaac: vendorName raw='SRI JANANI AGENCIES', stripped='SRI JANANI AGENCIES', filter='None'
2026-03-03 19:27:39,456 - Matched GRN 6996b5ba29a5f78e456adaac: vendorName='SRI JANANI AGENCIES'
2026-03-03 19:27:39,457 - GRN 6996b59629a5f78e456adaa1: vendorName raw='SRI JANANI AGENCIES', stripped='SRI JANANI AGENCIES', filter='None'
2026-03-03 19:27:39,457 - Matched GRN 6996b59629a5f78e456adaa1: vendorName='SRI JANANI AGENCIES'
2026-03-03 19:27:39,458 - GRN 6996b2e829a5f78e456ada8e: vendorName raw='SRI JANANI AGENCIES', stripped='SRI JANANI AGENCIES', filter='None'
2026-03-03 19:27:39,458 - Matched GRN 6996b2e829a5f78e456ada8e: vendorName='SRI JANANI AGENCIES'
2026-03-03 19:27:39,458 - GRN 6996aee74c33ae4c560a6466: vendorName raw='SRI JANANI AGENCIES', stripped='SRI JANANI AGENCIES', filter='None'
2026-03-03 19:27:39,459 - Matched GRN 6996aee74c33ae4c560a6466: vendorName='SRI JANANI AGENCIES'
2026-03-03 19:27:39,459 - GRN 6996a25cd099fcddeb14359e: vendorName raw='SRI JANANI AGENCIES', stripped='SRI JANANI AGENCIES', filter='None'
2026-03-03 19:27:39,459 - Matched GRN 6996a25cd099fcddeb14359e: vendorName='SRI JANANI AGENCIES'
2026-03-03 19:27:39,460 - GRN 6996a024d099fcddeb143598: vendorName raw='SRI JANANI AGENCIES', stripped='SRI JANANI AGENCIES', filter='None'
2026-03-03 19:27:39,460 - Matched GRN 6996a024d099fcddeb143598: vendorName='SRI JANANI AGENCIES'
2026-03-03 19:27:39,460 - GRN 69969afa63eff5b997ff6b98: vendorName raw='SRI JANANI AGENCIES', stripped='SRI JANANI AGENCIES', filter='None'
2026-03-03 19:27:39,460 - Matched GRN 69969afa63eff5b997ff6b98: vendorName='SRI JANANI AGENCIES'
2026-03-03 19:27:39,461 - GRN 69969a0263eff5b997ff6b92: vendorName raw='SRI JANANI AGENCIES', stripped='SRI JANANI AGENCIES', filter='None'
2026-03-03 19:27:39,461 - Matched GRN 69969a0263eff5b997ff6b92: vendorName='SRI JANANI AGENCIES'
2026-03-03 19:27:39,461 - GRN 6996978063eff5b997ff6b84: vendorName raw='SRI JANANI AGENCIES', stripped='SRI JANANI AGENCIES', filter='None'
2026-03-03 19:27:39,461 - Matched GRN 6996978063eff5b997ff6b84: vendorName='SRI JANANI AGENCIES'
2026-03-03 19:27:39,462 - GRN 6995afb6449649e8663db557: vendorName raw='SRI JANANI AGENCIES', stripped='SRI JANANI AGENCIES', filter='None'
2026-03-03 19:27:39,462 - Matched GRN 6995afb6449649e8663db557: vendorName='SRI JANANI AGENCIES'
2026-03-03 19:27:39,462 - GRN 6995ae2f449649e8663db53f: vendorName raw='ARR AGENCIES', stripped='ARR AGENCIES', filter='None'
2026-03-03 19:27:39,462 - Matched GRN 6995ae2f449649e8663db53f: vendorName='ARR AGENCIES'
2026-03-03 19:27:39,463 - GRN 69944345ddbb591e2d47c124: vendorName raw='MURUGAN STORE', stripped='MURUGAN STORE', filter='None'
2026-03-03 19:27:39,463 - Matched GRN 69944345ddbb591e2d47c124: vendorName='MURUGAN STORE'
2026-03-03 19:27:39,463 - GRN 6992d97d826cd1300a5f0cce: vendorName raw='SRI JANANI AGENCIES', stripped='SRI JANANI AGENCIES', filter='None'
2026-03-03 19:27:39,464 - Matched GRN 6992d97d826cd1300a5f0cce: vendorName='SRI JANANI AGENCIES'
2026-03-03 19:27:39,464 - GRN 69943ef3f3254ba5acb94d26: vendorName raw='HANISH FOODS SHOP', stripped='HANISH FOODS SHOP', filter='None'
2026-03-03 19:27:39,464 - Matched GRN 69943ef3f3254ba5acb94d26: vendorName='HANISH FOODS SHOP'
2026-03-03 19:27:39,464 - Final filtered GRNs: 23 (skipped: 0 total fetched: 23)
2026-03-03 19:27:39,611 - Tenant context set: 698d68b26e0e40f613847b0c -> purchasetest
2026-03-03 19:27:39,814 - Tenant context set: 698d68b26e0e40f613847b0c -> purchasetest
2026-03-03 19:27:40,130 - Tenant context set: 698d68b26e0e40f613847b0c -> purchasetest
2026-03-03 19:27:40,329 - Tenant context set: 698d68b26e0e40f613847b0c -> purchasetest
2026-03-03 19:27:40,929 - Full MongoDB query: {'status': {'$in': ['Active', 'active', 'Partially Returned', 'PartiallyReturned']}}
2026-03-03 19:27:41,034 - Raw total matching GRNs: 23
2026-03-03 19:27:41,475 - Fetched 23 raw GRNs from cursor
2026-03-03 19:27:41,730 - GRN 69a135c5a9765cd70cbb736b: vendorName raw='SS AGENCY', stripped='SS AGENCY', filter='None'
2026-03-03 19:27:41,731 - Matched GRN 69a135c5a9765cd70cbb736b: vendorName='SS AGENCY'
2026-03-03 19:27:41,731 - GRN 699d99d56a6f9d358c97d8f5: vendorName raw='SRI BALAJI TRADERS', stripped='SRI BALAJI TRADERS', filter='None'
2026-03-03 19:27:41,732 - Matched GRN 699d99d56a6f9d358c97d8f5: vendorName='SRI BALAJI TRADERS'
2026-03-03 19:27:41,732 - GRN 699d915b6a6f9d358c97d8ea: vendorName raw='HANISH FOODS SHOP', stripped='HANISH FOODS SHOP', filter='None'
2026-03-03 19:27:41,732 - Matched GRN 699d915b6a6f9d358c97d8ea: vendorName='HANISH FOODS SHOP'
2026-03-03 19:27:41,733 - GRN 699d91386a6f9d358c97d8e6: vendorName raw='HANISH FOODS SHOP', stripped='HANISH FOODS SHOP', filter='None'
2026-03-03 19:27:41,733 - Matched GRN 699d91386a6f9d358c97d8e6: vendorName='HANISH FOODS SHOP'
2026-03-03 19:27:41,735 - GRN 699d8e0c9f900005f1e3c18e: vendorName raw='MAHIDARSHAN DAIRY FARM', stripped='MAHIDARSHAN DAIRY FARM', filter='None'
2026-03-03 19:27:41,735 - Matched GRN 699d8e0c9f900005f1e3c18e: vendorName='MAHIDARSHAN DAIRY FARM'
2026-03-03 19:27:41,735 - GRN 699d8dd39f900005f1e3c188: vendorName raw='MAHIDARSHAN DAIRY FARM', stripped='MAHIDARSHAN DAIRY FARM', filter='None'
2026-03-03 19:27:41,736 - Matched GRN 699d8dd39f900005f1e3c188: vendorName='MAHIDARSHAN DAIRY FARM'
2026-03-03 19:27:41,737 - GRN 699bfc4463679f169b7ef568: vendorName raw='MURUGAN STORE', stripped='MURUGAN STORE', filter='None'
2026-03-03 19:27:41,737 - Matched GRN 699bfc4463679f169b7ef568: vendorName='MURUGAN STORE'
2026-03-03 19:27:41,738 - GRN 699991b68c3eb2c19a18ef01: vendorName raw='NAMMAKADAI', stripped='NAMMAKADAI', filter='None'
2026-03-03 19:27:41,738 - Matched GRN 699991b68c3eb2c19a18ef01: vendorName='NAMMAKADAI'
2026-03-03 19:27:41,739 - GRN 69980a50167dfac83f79cef5: vendorName raw='RAJ PRINTING SOLUTION', stripped='RAJ PRINTING SOLUTION', filter='None'
2026-03-03 19:27:41,739 - Matched GRN 69980a50167dfac83f79cef5: vendorName='RAJ PRINTING SOLUTION'
2026-03-03 19:27:41,740 - GRN 6996b5ba29a5f78e456adaac: vendorName raw='SRI JANANI AGENCIES', stripped='SRI JANANI AGENCIES', filter='None'
2026-03-03 19:27:41,740 - Matched GRN 6996b5ba29a5f78e456adaac: vendorName='SRI JANANI AGENCIES'
2026-03-03 19:27:41,740 - GRN 6996b59629a5f78e456adaa1: vendorName raw='SRI JANANI AGENCIES', stripped='SRI JANANI AGENCIES', filter='None'
2026-03-03 19:27:41,740 - Matched GRN 6996b59629a5f78e456adaa1: vendorName='SRI JANANI AGENCIES'
2026-03-03 19:27:41,740 - GRN 6996b2e829a5f78e456ada8e: vendorName raw='SRI JANANI AGENCIES', stripped='SRI JANANI AGENCIES', filter='None'
2026-03-03 19:27:41,741 - Matched GRN 6996b2e829a5f78e456ada8e: vendorName='SRI JANANI AGENCIES'
2026-03-03 19:27:41,741 - GRN 6996aee74c33ae4c560a6466: vendorName raw='SRI JANANI AGENCIES', stripped='SRI JANANI AGENCIES', filter='None'
2026-03-03 19:27:41,741 - Matched GRN 6996aee74c33ae4c560a6466: vendorName='SRI JANANI AGENCIES'
2026-03-03 19:27:41,741 - GRN 6996a25cd099fcddeb14359e: vendorName raw='SRI JANANI AGENCIES', stripped='SRI JANANI AGENCIES', filter='None'
2026-03-03 19:27:41,742 - Matched GRN 6996a25cd099fcddeb14359e: vendorName='SRI JANANI AGENCIES'
2026-03-03 19:27:41,742 - GRN 6996a024d099fcddeb143598: vendorName raw='SRI JANANI AGENCIES', stripped='SRI JANANI AGENCIES', filter='None'
2026-03-03 19:27:41,742 - Matched GRN 6996a024d099fcddeb143598: vendorName='SRI JANANI AGENCIES'
2026-03-03 19:27:41,742 - GRN 69969afa63eff5b997ff6b98: vendorName raw='SRI JANANI AGENCIES', stripped='SRI JANANI AGENCIES', filter='None'
2026-03-03 19:27:41,742 - Matched GRN 69969afa63eff5b997ff6b98: vendorName='SRI JANANI AGENCIES'
2026-03-03 19:27:41,743 - GRN 69969a0263eff5b997ff6b92: vendorName raw='SRI JANANI AGENCIES', stripped='SRI JANANI AGENCIES', filter='None'
2026-03-03 19:27:41,743 - Matched GRN 69969a0263eff5b997ff6b92: vendorName='SRI JANANI AGENCIES'
2026-03-03 19:27:41,743 - GRN 6996978063eff5b997ff6b84: vendorName raw='SRI JANANI AGENCIES', stripped='SRI JANANI AGENCIES', filter='None'
2026-03-03 19:27:41,743 - Matched GRN 6996978063eff5b997ff6b84: vendorName='SRI JANANI AGENCIES'
2026-03-03 19:27:41,744 - GRN 6995afb6449649e8663db557: vendorName raw='SRI JANANI AGENCIES', stripped='SRI JANANI AGENCIES', filter='None'
2026-03-03 19:27:41,744 - Matched GRN 6995afb6449649e8663db557: vendorName='SRI JANANI AGENCIES'
2026-03-03 19:27:41,744 - GRN 6995ae2f449649e8663db53f: vendorName raw='ARR AGENCIES', stripped='ARR AGENCIES', filter='None'
2026-03-03 19:27:41,744 - Matched GRN 6995ae2f449649e8663db53f: vendorName='ARR AGENCIES'
2026-03-03 19:27:41,744 - GRN 69944345ddbb591e2d47c124: vendorName raw='MURUGAN STORE', stripped='MURUGAN STORE', filter='None'
2026-03-03 19:27:41,745 - Matched GRN 69944345ddbb591e2d47c124: vendorName='MURUGAN STORE'
2026-03-03 19:27:41,745 - GRN 6992d97d826cd1300a5f0cce: vendorName raw='SRI JANANI AGENCIES', stripped='SRI JANANI AGENCIES', filter='None'
2026-03-03 19:27:41,745 - Matched GRN 6992d97d826cd1300a5f0cce: vendorName='SRI JANANI AGENCIES'
2026-03-03 19:27:41,745 - GRN 69943ef3f3254ba5acb94d26: vendorName raw='HANISH FOODS SHOP', stripped='HANISH FOODS SHOP', filter='None'
2026-03-03 19:27:41,745 - Matched GRN 69943ef3f3254ba5acb94d26: vendorName='HANISH FOODS SHOP'
2026-03-03 19:27:41,745 - Final filtered GRNs: 23 (skipped: 0 total fetched: 23)
2026-03-03 19:27:49,829 - Tenant context set: 698d68b26e0e40f613847b0c -> purchasetest
2026-03-03 19:27:50,036 - Tenant context set: 698d68b26e0e40f613847b0c -> purchasetest
2026-03-03 19:27:50,138 - Tenant context set: 698d68b26e0e40f613847b0c -> purchasetest
2026-03-03 19:27:50,230 - Tenant context set: 698d68b26e0e40f613847b0c -> purchasetest
2026-03-03 19:27:51,117 - Tenant context set: 698d68b26e0e40f613847b0c -> purchasetest
2026-03-03 19:27:51,730 - Tenant context set: 698d68b26e0e40f613847b0c -> purchasetest
2026-03-03 19:27:52,109 - Tenant context set: 698d68b26e0e40f613847b0c -> purchasetest
2026-03-03 19:27:52,517 - Tenant context set: 698d68b26e0e40f613847b0c -> purchasetest
2026-03-03 19:27:53,322 - Tenant context set: 698d68b26e0e40f613847b0c -> purchasetest
2026-03-03 19:28:05,343 - Tenant context set: 698d68b26e0e40f613847b0c -> purchasetest
2026-03-03 19:28:05,734 - Tenant context set: 698d68b26e0e40f613847b0c -> purchasetest
2026-03-03 19:28:06,027 - Tenant context set: 698d68b26e0e40f613847b0c -> purchasetest
2026-03-03 19:28:06,135 - Tenant context set: 698d68b26e0e40f613847b0c -> purchasetest
2026-03-03 19:28:06,424 - Tenant context set: 698d68b26e0e40f613847b0c -> purchasetest
2026-03-03 19:28:08,079 - Tenant context set: 698d68b26e0e40f613847b0c -> purchasetest
2026-03-03 19:28:08,418 - Tenant context set: 698d68b26e0e40f613847b0c -> purchasetest
2026-03-03 19:28:08,715 - Tenant context set: 698d68b26e0e40f613847b0c -> purchasetest
2026-03-03 19:28:33,230 - Tenant context set: 698d68b26e0e40f613847b0c -> purchasetest
2026-03-03 19:28:33,527 - Tenant context set: 698d68b26e0e40f613847b0c -> purchasetest
2026-03-03 19:28:33,621 - Tenant context set: 698d68b26e0e40f613847b0c -> purchasetest
2026-03-03 19:28:33,714 - Tenant context set: 698d68b26e0e40f613847b0c -> purchasetest
2026-03-03 19:28:34,437 - Tenant context set: 698d68b26e0e40f613847b0c -> purchasetest
2026-03-03 19:28:34,810 - Tenant context set: 698d68b26e0e40f613847b0c -> purchasetest
2026-03-03 19:28:35,231 - Tenant context set: 698d68b26e0e40f613847b0c -> purchasetest
2026-03-03 19:28:35,744 - Full MongoDB query: {'status': {'$in': ['Active', 'active', 'Partially Returned', 'PartiallyReturned']}}
2026-03-03 19:28:35,853 - Raw total matching GRNs: 23
2026-03-03 19:28:36,384 - Fetched 23 raw GRNs from cursor
2026-03-03 19:28:36,625 - GRN 69a135c5a9765cd70cbb736b: vendorName raw='SS AGENCY', stripped='SS AGENCY', filter='None'
2026-03-03 19:28:36,626 - Matched GRN 69a135c5a9765cd70cbb736b: vendorName='SS AGENCY'
2026-03-03 19:28:36,626 - GRN 699d99d56a6f9d358c97d8f5: vendorName raw='SRI BALAJI TRADERS', stripped='SRI BALAJI TRADERS', filter='None'
2026-03-03 19:28:36,627 - Matched GRN 699d99d56a6f9d358c97d8f5: vendorName='SRI BALAJI TRADERS'
2026-03-03 19:28:36,627 - GRN 699d915b6a6f9d358c97d8ea: vendorName raw='HANISH FOODS SHOP', stripped='HANISH FOODS SHOP', filter='None'
2026-03-03 19:28:36,627 - Matched GRN 699d915b6a6f9d358c97d8ea: vendorName='HANISH FOODS SHOP'
2026-03-03 19:28:36,627 - GRN 699d91386a6f9d358c97d8e6: vendorName raw='HANISH FOODS SHOP', stripped='HANISH FOODS SHOP', filter='None'
2026-03-03 19:28:36,628 - Matched GRN 699d91386a6f9d358c97d8e6: vendorName='HANISH FOODS SHOP'
2026-03-03 19:28:36,628 - GRN 699d8e0c9f900005f1e3c18e: vendorName raw='MAHIDARSHAN DAIRY FARM', stripped='MAHIDARSHAN DAIRY FARM', filter='None'
2026-03-03 19:28:36,629 - Matched GRN 699d8e0c9f900005f1e3c18e: vendorName='MAHIDARSHAN DAIRY FARM'
2026-03-03 19:28:36,629 - GRN 699d8dd39f900005f1e3c188: vendorName raw='MAHIDARSHAN DAIRY FARM', stripped='MAHIDARSHAN DAIRY FARM', filter='None'
2026-03-03 19:28:36,629 - Matched GRN 699d8dd39f900005f1e3c188: vendorName='MAHIDARSHAN DAIRY FARM'
2026-03-03 19:28:36,629 - GRN 699bfc4463679f169b7ef568: vendorName raw='MURUGAN STORE', stripped='MURUGAN STORE', filter='None'
2026-03-03 19:28:36,630 - Matched GRN 699bfc4463679f169b7ef568: vendorName='MURUGAN STORE'
2026-03-03 19:28:36,630 - GRN 699991b68c3eb2c19a18ef01: vendorName raw='NAMMAKADAI', stripped='NAMMAKADAI', filter='None'
2026-03-03 19:28:36,631 - Matched GRN 699991b68c3eb2c19a18ef01: vendorName='NAMMAKADAI'
2026-03-03 19:28:36,631 - GRN 69980a50167dfac83f79cef5: vendorName raw='RAJ PRINTING SOLUTION', stripped='RAJ PRINTING SOLUTION', filter='None'
2026-03-03 19:28:36,631 - Matched GRN 69980a50167dfac83f79cef5: vendorName='RAJ PRINTING SOLUTION'
2026-03-03 19:28:36,632 - GRN 6996b5ba29a5f78e456adaac: vendorName raw='SRI JANANI AGENCIES', stripped='SRI JANANI AGENCIES', filter='None'
2026-03-03 19:28:36,632 - Matched GRN 6996b5ba29a5f78e456adaac: vendorName='SRI JANANI AGENCIES'
2026-03-03 19:28:36,632 - GRN 6996b59629a5f78e456adaa1: vendorName raw='SRI JANANI AGENCIES', stripped='SRI JANANI AGENCIES', filter='None'
2026-03-03 19:28:36,632 - Matched GRN 6996b59629a5f78e456adaa1: vendorName='SRI JANANI AGENCIES'
2026-03-03 19:28:36,633 - GRN 6996b2e829a5f78e456ada8e: vendorName raw='SRI JANANI AGENCIES', stripped='SRI JANANI AGENCIES', filter='None'
2026-03-03 19:28:36,633 - Matched GRN 6996b2e829a5f78e456ada8e: vendorName='SRI JANANI AGENCIES'
2026-03-03 19:28:36,633 - GRN 6996aee74c33ae4c560a6466: vendorName raw='SRI JANANI AGENCIES', stripped='SRI JANANI AGENCIES', filter='None'
2026-03-03 19:28:36,633 - Matched GRN 6996aee74c33ae4c560a6466: vendorName='SRI JANANI AGENCIES'
2026-03-03 19:28:36,634 - GRN 6996a25cd099fcddeb14359e: vendorName raw='SRI JANANI AGENCIES', stripped='SRI JANANI AGENCIES', filter='None'
2026-03-03 19:28:36,634 - Matched GRN 6996a25cd099fcddeb14359e: vendorName='SRI JANANI AGENCIES'
2026-03-03 19:28:36,635 - GRN 6996a024d099fcddeb143598: vendorName raw='SRI JANANI AGENCIES', stripped='SRI JANANI AGENCIES', filter='None'
2026-03-03 19:28:36,635 - Matched GRN 6996a024d099fcddeb143598: vendorName='SRI JANANI AGENCIES'
2026-03-03 19:28:36,635 - GRN 69969afa63eff5b997ff6b98: vendorName raw='SRI JANANI AGENCIES', stripped='SRI JANANI AGENCIES', filter='None'
2026-03-03 19:28:36,635 - Matched GRN 69969afa63eff5b997ff6b98: vendorName='SRI JANANI AGENCIES'
2026-03-03 19:28:36,635 - GRN 69969a0263eff5b997ff6b92: vendorName raw='SRI JANANI AGENCIES', stripped='SRI JANANI AGENCIES', filter='None'
2026-03-03 19:28:36,636 - Matched GRN 69969a0263eff5b997ff6b92: vendorName='SRI JANANI AGENCIES'
2026-03-03 19:28:36,636 - GRN 6996978063eff5b997ff6b84: vendorName raw='SRI JANANI AGENCIES', stripped='SRI JANANI AGENCIES', filter='None'
2026-03-03 19:28:36,636 - Matched GRN 6996978063eff5b997ff6b84: vendorName='SRI JANANI AGENCIES'
2026-03-03 19:28:36,637 - GRN 6995afb6449649e8663db557: vendorName raw='SRI JANANI AGENCIES', stripped='SRI JANANI AGENCIES', filter='None'
2026-03-03 19:28:36,637 - Matched GRN 6995afb6449649e8663db557: vendorName='SRI JANANI AGENCIES'
2026-03-03 19:28:36,637 - GRN 6995ae2f449649e8663db53f: vendorName raw='ARR AGENCIES', stripped='ARR AGENCIES', filter='None'
2026-03-03 19:28:36,637 - Matched GRN 6995ae2f449649e8663db53f: vendorName='ARR AGENCIES'
2026-03-03 19:28:36,638 - GRN 69944345ddbb591e2d47c124: vendorName raw='MURUGAN STORE', stripped='MURUGAN STORE', filter='None'
2026-03-03 19:28:36,638 - Matched GRN 69944345ddbb591e2d47c124: vendorName='MURUGAN STORE'
2026-03-03 19:28:36,638 - GRN 6992d97d826cd1300a5f0cce: vendorName raw='SRI JANANI AGENCIES', stripped='SRI JANANI AGENCIES', filter='None'
2026-03-03 19:28:36,638 - Matched GRN 6992d97d826cd1300a5f0cce: vendorName='SRI JANANI AGENCIES'
2026-03-03 19:28:36,639 - GRN 69943ef3f3254ba5acb94d26: vendorName raw='HANISH FOODS SHOP', stripped='HANISH FOODS SHOP', filter='None'
2026-03-03 19:28:36,639 - Matched GRN 69943ef3f3254ba5acb94d26: vendorName='HANISH FOODS SHOP'
2026-03-03 19:28:36,639 - Final filtered GRNs: 23 (skipped: 0 total fetched: 23)
2026-03-03 19:28:37,019 - Tenant context set: 698d68b26e0e40f613847b0c -> purchasetest
2026-03-03 19:28:37,119 - Tenant context set: 698d68b26e0e40f613847b0c -> purchasetest
2026-03-03 19:28:37,207 - Tenant context set: 698d68b26e0e40f613847b0c -> purchasetest
2026-03-03 19:28:37,909 - Full MongoDB query: {'status': {'$in': ['Active', 'active', 'Partially Returned', 'PartiallyReturned']}}
2026-03-03 19:28:38,026 - Raw total matching GRNs: 23
2026-03-03 19:28:38,345 - Fetched 23 raw GRNs from cursor
2026-03-03 19:28:38,532 - GRN 69a135c5a9765cd70cbb736b: vendorName raw='SS AGENCY', stripped='SS AGENCY', filter='None'
2026-03-03 19:28:38,533 - Matched GRN 69a135c5a9765cd70cbb736b: vendorName='SS AGENCY'
2026-03-03 19:28:38,533 - GRN 699d99d56a6f9d358c97d8f5: vendorName raw='SRI BALAJI TRADERS', stripped='SRI BALAJI TRADERS', filter='None'
2026-03-03 19:28:38,534 - Matched GRN 699d99d56a6f9d358c97d8f5: vendorName='SRI BALAJI TRADERS'
2026-03-03 19:28:38,534 - GRN 699d915b6a6f9d358c97d8ea: vendorName raw='HANISH FOODS SHOP', stripped='HANISH FOODS SHOP', filter='None'
2026-03-03 19:28:38,535 - Matched GRN 699d915b6a6f9d358c97d8ea: vendorName='HANISH FOODS SHOP'
2026-03-03 19:28:38,535 - GRN 699d91386a6f9d358c97d8e6: vendorName raw='HANISH FOODS SHOP', stripped='HANISH FOODS SHOP', filter='None'
2026-03-03 19:28:38,535 - Matched GRN 699d91386a6f9d358c97d8e6: vendorName='HANISH FOODS SHOP'
2026-03-03 19:28:38,536 - GRN 699d8e0c9f900005f1e3c18e: vendorName raw='MAHIDARSHAN DAIRY FARM', stripped='MAHIDARSHAN DAIRY FARM', filter='None'
2026-03-03 19:28:38,536 - Matched GRN 699d8e0c9f900005f1e3c18e: vendorName='MAHIDARSHAN DAIRY FARM'
2026-03-03 19:28:38,536 - GRN 699d8dd39f900005f1e3c188: vendorName raw='MAHIDARSHAN DAIRY FARM', stripped='MAHIDARSHAN DAIRY FARM', filter='None'
2026-03-03 19:28:38,537 - Matched GRN 699d8dd39f900005f1e3c188: vendorName='MAHIDARSHAN DAIRY FARM'
2026-03-03 19:28:38,537 - GRN 699bfc4463679f169b7ef568: vendorName raw='MURUGAN STORE', stripped='MURUGAN STORE', filter='None'
2026-03-03 19:28:38,537 - Matched GRN 699bfc4463679f169b7ef568: vendorName='MURUGAN STORE'
2026-03-03 19:28:38,538 - GRN 699991b68c3eb2c19a18ef01: vendorName raw='NAMMAKADAI', stripped='NAMMAKADAI', filter='None'
2026-03-03 19:28:38,538 - Matched GRN 699991b68c3eb2c19a18ef01: vendorName='NAMMAKADAI'
2026-03-03 19:28:38,539 - GRN 69980a50167dfac83f79cef5: vendorName raw='RAJ PRINTING SOLUTION', stripped='RAJ PRINTING SOLUTION', filter='None'
2026-03-03 19:28:38,539 - Matched GRN 69980a50167dfac83f79cef5: vendorName='RAJ PRINTING SOLUTION'
2026-03-03 19:28:38,540 - GRN 6996b5ba29a5f78e456adaac: vendorName raw='SRI JANANI AGENCIES', stripped='SRI JANANI AGENCIES', filter='None'
2026-03-03 19:28:38,540 - Matched GRN 6996b5ba29a5f78e456adaac: vendorName='SRI JANANI AGENCIES'
2026-03-03 19:28:38,540 - GRN 6996b59629a5f78e456adaa1: vendorName raw='SRI JANANI AGENCIES', stripped='SRI JANANI AGENCIES', filter='None'
2026-03-03 19:28:38,541 - Matched GRN 6996b59629a5f78e456adaa1: vendorName='SRI JANANI AGENCIES'
2026-03-03 19:28:38,541 - GRN 6996b2e829a5f78e456ada8e: vendorName raw='SRI JANANI AGENCIES', stripped='SRI JANANI AGENCIES', filter='None'
2026-03-03 19:28:38,541 - Matched GRN 6996b2e829a5f78e456ada8e: vendorName='SRI JANANI AGENCIES'
2026-03-03 19:28:38,542 - GRN 6996aee74c33ae4c560a6466: vendorName raw='SRI JANANI AGENCIES', stripped='SRI JANANI AGENCIES', filter='None'
2026-03-03 19:28:38,542 - Matched GRN 6996aee74c33ae4c560a6466: vendorName='SRI JANANI AGENCIES'
2026-03-03 19:28:38,543 - GRN 6996a25cd099fcddeb14359e: vendorName raw='SRI JANANI AGENCIES', stripped='SRI JANANI AGENCIES', filter='None'
2026-03-03 19:28:38,543 - Matched GRN 6996a25cd099fcddeb14359e: vendorName='SRI JANANI AGENCIES'
2026-03-03 19:28:38,543 - GRN 6996a024d099fcddeb143598: vendorName raw='SRI JANANI AGENCIES', stripped='SRI JANANI AGENCIES', filter='None'
2026-03-03 19:28:38,543 - Matched GRN 6996a024d099fcddeb143598: vendorName='SRI JANANI AGENCIES'
2026-03-03 19:28:38,544 - GRN 69969afa63eff5b997ff6b98: vendorName raw='SRI JANANI AGENCIES', stripped='SRI JANANI AGENCIES', filter='None'
2026-03-03 19:28:38,544 - Matched GRN 69969afa63eff5b997ff6b98: vendorName='SRI JANANI AGENCIES'
2026-03-03 19:28:38,544 - GRN 69969a0263eff5b997ff6b92: vendorName raw='SRI JANANI AGENCIES', stripped='SRI JANANI AGENCIES', filter='None'
2026-03-03 19:28:38,545 - Matched GRN 69969a0263eff5b997ff6b92: vendorName='SRI JANANI AGENCIES'
2026-03-03 19:28:38,545 - GRN 6996978063eff5b997ff6b84: vendorName raw='SRI JANANI AGENCIES', stripped='SRI JANANI AGENCIES', filter='None'
2026-03-03 19:28:38,545 - Matched GRN 6996978063eff5b997ff6b84: vendorName='SRI JANANI AGENCIES'
2026-03-03 19:28:38,546 - GRN 6995afb6449649e8663db557: vendorName raw='SRI JANANI AGENCIES', stripped='SRI JANANI AGENCIES', filter='None'
2026-03-03 19:28:38,546 - Matched GRN 6995afb6449649e8663db557: vendorName='SRI JANANI AGENCIES'
2026-03-03 19:28:38,546 - GRN 6995ae2f449649e8663db53f: vendorName raw='ARR AGENCIES', stripped='ARR AGENCIES', filter='None'
2026-03-03 19:28:38,547 - Matched GRN 6995ae2f449649e8663db53f: vendorName='ARR AGENCIES'
2026-03-03 19:28:38,547 - GRN 69944345ddbb591e2d47c124: vendorName raw='MURUGAN STORE', stripped='MURUGAN STORE', filter='None'
2026-03-03 19:28:38,547 - Matched GRN 69944345ddbb591e2d47c124: vendorName='MURUGAN STORE'
2026-03-03 19:28:38,548 - GRN 6992d97d826cd1300a5f0cce: vendorName raw='SRI JANANI AGENCIES', stripped='SRI JANANI AGENCIES', filter='None'
2026-03-03 19:28:38,548 - Matched GRN 6992d97d826cd1300a5f0cce: vendorName='SRI JANANI AGENCIES'
2026-03-03 19:28:38,549 - GRN 69943ef3f3254ba5acb94d26: vendorName raw='HANISH FOODS SHOP', stripped='HANISH FOODS SHOP', filter='None'
2026-03-03 19:28:38,549 - Matched GRN 69943ef3f3254ba5acb94d26: vendorName='HANISH FOODS SHOP'
2026-03-03 19:28:38,549 - Final filtered GRNs: 23 (skipped: 0 total fetched: 23)
2026-03-03 19:28:52,903 - ✅ Successfully imported: purchaseOrder.po_to_grn
2026-03-03 19:28:52,904 - ✅ Router found in: purchaseOrder.po_to_grn
2026-03-03 19:28:52,909 - ✅ Included YEN ERP: purchaseOrder.po_to_grn
2026-03-03 19:28:52,910 - 🟡 Attempting to import: purchaseOrder.grnConverted
2026-03-03 19:28:52,940 - ✅ Successfully imported: purchaseOrder.grnConverted
2026-03-03 19:28:52,940 - ✅ Router found in: purchaseOrder.grnConverted
2026-03-03 19:28:52,950 - ✅ Included YEN ERP: purchaseOrder.grnConverted
2026-03-03 19:28:52,950 - 🟡 Attempting to import: purchaseOrder.poedit
2026-03-03 19:28:52,955 - ✅ Successfully imported: purchaseOrder.poedit
2026-03-03 19:28:52,955 - ✅ Router found in: purchaseOrder.poedit
2026-03-03 19:28:52,959 - ✅ Included YEN ERP: purchaseOrder.poedit
2026-03-03 19:28:52,960 - 🟡 Attempting to import: purchaseOrder.freightfunction
2026-03-03 19:28:52,978 - ✅ Successfully imported: purchaseOrder.freightfunction
2026-03-03 19:28:52,978 - ✅ Router found in: purchaseOrder.freightfunction
2026-03-03 19:28:52,984 - ✅ Included YEN ERP: purchaseOrder.freightfunction
2026-03-03 19:28:52,984 - 🟡 Attempting to import: purchaseOrder.pending
2026-03-03 19:28:53,026 - ✅ Successfully imported: purchaseOrder.pending
2026-03-03 19:28:53,026 - ✅ Router found in: purchaseOrder.pending
2026-03-03 19:28:53,034 - ✅ Included YEN ERP: purchaseOrder.pending
2026-03-03 19:28:53,034 - 🟡 Attempting to import: grn.routes
2026-03-03 19:28:53,034 - ✅ Successfully imported: grn.routes
2026-03-03 19:28:53,034 - ✅ Router found in: grn.routes
2026-03-03 20:24:02,096 - ✅ Successfully imported: purchaseOrder.po_to_grn
2026-03-03 20:24:02,097 - ✅ Router found in: purchaseOrder.po_to_grn
2026-03-03 20:24:02,105 - ✅ Included YEN ERP: purchaseOrder.po_to_grn
2026-03-03 20:24:02,106 - 🟡 Attempting to import: purchaseOrder.grnConverted
2026-03-03 20:24:02,161 - ✅ Successfully imported: purchaseOrder.grnConverted
2026-03-03 20:24:02,161 - ✅ Router found in: purchaseOrder.grnConverted
2026-03-03 20:24:02,174 - ✅ Included YEN ERP: purchaseOrder.grnConverted
2026-03-03 20:24:02,175 - 🟡 Attempting to import: purchaseOrder.poedit
2026-03-03 20:24:02,182 - ✅ Successfully imported: purchaseOrder.poedit
2026-03-03 20:24:02,182 - ✅ Router found in: purchaseOrder.poedit
2026-03-03 20:24:02,187 - ✅ Included YEN ERP: purchaseOrder.poedit
2026-03-03 20:24:02,188 - 🟡 Attempting to import: purchaseOrder.freightfunction
2026-03-03 20:24:02,216 - ✅ Successfully imported: purchaseOrder.freightfunction
2026-03-03 20:24:02,216 - ✅ Router found in: purchaseOrder.freightfunction
2026-03-03 20:24:02,222 - ✅ Included YEN ERP: purchaseOrder.freightfunction
2026-03-03 20:24:02,223 - 🟡 Attempting to import: purchaseOrder.pending
2026-03-03 20:24:02,306 - ✅ Successfully imported: purchaseOrder.pending
2026-03-03 20:24:02,306 - ✅ Router found in: purchaseOrder.pending
2026-03-03 20:24:02,320 - ✅ Included YEN ERP: purchaseOrder.pending
2026-03-03 20:24:02,321 - 🟡 Attempting to import: grn.routes
2026-03-03 20:24:02,321 - ✅ Successfully imported: grn.routes
2026-03-03 20:24:02,321 - ✅ Router found in: grn.routes
2026-03-03 20:24:02,525 - ✅ Included YEN ERP: grn.routes
2026-03-03 20:24:02,525 - 🟡 Attempting to import: grn.return
2026-03-03 20:24:04,021 - ✅ Successfully imported: grn.return
2026-03-03 20:24:04,021 - ✅ Router found in: grn.return
2026-03-03 20:24:04,040 - ✅ Included YEN ERP: grn.return
2026-03-03 20:24:04,040 - 🟡 Attempting to import: grn.grn_to_ap
2026-03-03 20:24:04,285 - ✅ Successfully imported: grn.grn_to_ap
2026-03-03 20:24:04,285 - ✅ Router found in: grn.grn_to_ap
2026-03-03 20:24:04,289 - ✅ Included YEN ERP: grn.grn_to_ap
2026-03-03 20:24:04,289 - 🟡 Attempting to import: grn.debitnote
2026-03-03 20:24:04,898 - ✅ Successfully imported: grn.debitnote
2026-03-03 20:24:04,899 - ✅ Router found in: grn.debitnote
2026-03-03 20:24:04,938 - ✅ Included YEN ERP: grn.debitnote
2026-03-03 20:24:04,938 - 🟡 Attempting to import: grn.grn_to_ap_outgoing
2026-03-03 20:24:05,234 - ✅ Successfully imported: grn.grn_to_ap_outgoing
2026-03-03 20:24:05,234 - ✅ Router found in: grn.grn_to_ap_outgoing
2026-03-03 20:24:05,239 - ✅ Included YEN ERP: grn.grn_to_ap_outgoing
2026-03-03 20:24:05,239 - 🟡 Attempting to import: grn.grn_to_po
2026-03-03 20:24:05,246 - ✅ Successfully imported: grn.grn_to_po
2026-03-03 20:24:05,247 - ✅ Router found in: grn.grn_to_po
2026-03-03 20:24:05,249 - ✅ Included YEN ERP: grn.grn_to_po
2026-03-03 20:24:05,249 - 🟡 Attempting to import: apinvoice.routes
2026-03-03 20:24:05,249 - ✅ Successfully imported: apinvoice.routes
2026-03-03 20:24:05,249 - ✅ Router found in: apinvoice.routes
2026-03-03 20:24:05,312 - ✅ Included YEN ERP: apinvoice.routes
2026-03-03 20:24:05,312 - 🟡 Attempting to import: apinvoice.ap_to_outgoing
2026-03-03 20:24:05,317 - ✅ Successfully imported: apinvoice.ap_to_outgoing
2026-03-03 20:24:05,317 - ✅ Router found in: apinvoice.ap_to_outgoing
2026-03-03 20:24:05,318 - ✅ Included YEN ERP: apinvoice.ap_to_outgoing
2026-03-03 20:24:05,319 - 🟡 Attempting to import: apinvoice.apReturned
2026-03-03 20:24:05,323 - ✅ Successfully imported: apinvoice.apReturned
2026-03-03 20:24:05,323 - ✅ Router found in: apinvoice.apReturned
2026-03-03 20:24:05,326 - ✅ Included YEN ERP: apinvoice.apReturned
2026-03-03 20:24:05,327 - 🟡 Attempting to import: outgoingPayment.routes
2026-03-03 20:24:05,327 - ✅ Successfully imported: outgoingPayment.routes
2026-03-03 20:24:05,327 - ✅ Router found in: outgoingPayment.routes
2026-03-03 20:24:05,418 - ✅ Included YEN ERP: outgoingPayment.routes
2026-03-03 20:24:05,418 - 🟡 Attempting to import: outgoingPayment.bulk_payment
2026-03-03 20:24:05,439 - ✅ Successfully imported: outgoingPayment.bulk_payment
2026-03-03 20:24:05,439 - ✅ Router found in: outgoingPayment.bulk_payment
2026-03-03 20:24:05,442 - ✅ Included YEN ERP: outgoingPayment.bulk_payment
2026-03-03 20:24:05,442 - 🟡 Attempting to import: outgoingPayment.vendor_ledger
2026-03-03 20:24:05,453 - ✅ Successfully imported: outgoingPayment.vendor_ledger
2026-03-03 20:24:05,453 - ✅ Router found in: outgoingPayment.vendor_ledger
2026-03-03 20:24:05,457 - ✅ Included YEN ERP: outgoingPayment.vendor_ledger
2026-03-03 20:24:05,457 - 🟡 Attempting to import: outgoingPayment.single_payment
2026-03-03 20:24:05,466 - ✅ Successfully imported: outgoingPayment.single_payment
2026-03-03 20:24:05,466 - ✅ Router found in: outgoingPayment.single_payment
2026-03-03 20:24:05,470 - ✅ Included YEN ERP: outgoingPayment.single_payment
2026-03-03 20:24:05,470 - 🟡 Attempting to import: outgoingPayment.payment_history
2026-03-03 20:24:05,499 - ✅ Successfully imported: outgoingPayment.payment_history
2026-03-03 20:24:05,499 - ✅ Router found in: outgoingPayment.payment_history
2026-03-03 20:24:05,505 - ✅ Included YEN ERP: outgoingPayment.payment_history
2026-03-03 20:24:05,505 - 🟡 Attempting to import: outgoingPayment.advance_routes
2026-03-03 20:24:05,559 - ✅ Successfully imported: outgoingPayment.advance_routes
2026-03-03 20:24:05,559 - ✅ Router found in: outgoingPayment.advance_routes
2026-03-03 20:24:05,588 - ✅ Included YEN ERP: outgoingPayment.advance_routes
2026-03-03 20:24:05,589 - 🟡 Attempting to import: Business.routes
2026-03-03 20:24:05,618 - ✅ Successfully imported: Business.routes
2026-03-03 20:24:05,618 - ✅ Router found in: Business.routes
2026-03-03 20:24:05,633 - ✅ Included YEN ERP: Business.routes
2026-03-03 20:24:05,633 - 🟡 Attempting to import: Personal.routes
2026-03-03 20:24:05,651 - ✅ Successfully imported: Personal.routes
2026-03-03 20:24:05,651 - ✅ Router found in: Personal.routes
2026-03-03 20:24:05,660 - ✅ Included YEN ERP: Personal.routes
2026-03-03 20:24:05,661 - 🟡 Attempting to import: shippingaddress.routes
2026-03-03 20:24:05,680 - ✅ Successfully imported: shippingaddress.routes
2026-03-03 20:24:05,680 - ✅ Router found in: shippingaddress.routes
2026-03-03 20:24:05,695 - ✅ Included YEN ERP: shippingaddress.routes
2026-03-03 20:24:05,695 - 🟡 Attempting to import: ItemGroup.routes
2026-03-03 20:24:05,753 - ✅ Successfully imported: ItemGroup.routes
2026-03-03 20:24:05,753 - ✅ Router found in: ItemGroup.routes
2026-03-03 20:24:05,778 - ✅ Included YEN ERP: ItemGroup.routes
2026-03-03 20:24:05,778 - 🟡 Attempting to import: FreightMaster.routes
2026-03-03 20:24:05,809 - ✅ Successfully imported: FreightMaster.routes
2026-03-03 20:24:05,810 - ✅ Router found in: FreightMaster.routes
2026-03-03 20:24:05,833 - ✅ Included YEN ERP: FreightMaster.routes
2026-03-03 20:24:05,833 - 🟡 Attempting to import: purchaseOrder.poimport
2026-03-03 20:24:09,167 - ✅ Successfully imported: purchaseOrder.poimport
2026-03-03 20:24:09,167 - ✅ Router found in: purchaseOrder.poimport
2026-03-03 20:24:09,184 - ✅ Included YEN ERP: purchaseOrder.poimport
2026-03-03 20:24:09,184 - 🟡 Attempting to import: ServiceOrder.routes
2026-03-03 20:24:09,422 - ✅ Successfully imported: ServiceOrder.routes
2026-03-03 20:24:09,422 - ✅ Router found in: ServiceOrder.routes
2026-03-03 20:24:09,549 - ✅ Included YEN ERP: ServiceOrder.routes
2026-03-03 20:24:09,550 - 🟡 Attempting to import: Service.serviceSummary
2026-03-03 20:24:09,559 - ✅ Successfully imported: Service.serviceSummary
2026-03-03 20:24:09,559 - ✅ Router found in: Service.serviceSummary
2026-03-03 20:24:09,569 - ✅ Included YEN ERP: Service.serviceSummary
2026-03-03 20:24:09,569 - 🟡 Attempting to import: ServiceOrder.servicelist
2026-03-03 20:24:09,606 - ✅ Successfully imported: ServiceOrder.servicelist
2026-03-03 20:24:09,606 - ✅ Router found in: ServiceOrder.servicelist
2026-03-03 20:24:09,640 - ✅ Included YEN ERP: ServiceOrder.servicelist
2026-03-03 20:24:09,641 - 🟡 Attempting to import: ServiceOrder.filterpatch
2026-03-03 20:24:09,659 - ✅ Successfully imported: ServiceOrder.filterpatch
2026-03-03 20:24:09,659 - ✅ Router found in: ServiceOrder.filterpatch
2026-03-03 20:24:09,775 - ✅ Included YEN ERP: ServiceOrder.filterpatch
2026-03-03 20:24:09,776 - 🟡 Attempting to import: ServiceOrder.service_ap_outgoing
2026-03-03 20:24:09,789 - ✅ Successfully imported: ServiceOrder.service_ap_outgoing
2026-03-03 20:24:09,789 - ✅ Router found in: ServiceOrder.service_ap_outgoing
2026-03-03 20:24:09,839 - ✅ Included YEN ERP: ServiceOrder.service_ap_outgoing
2026-03-03 20:25:00,225 - ✅ Main sync connection created
2026-03-03 20:26:33,663 - Tenant context set: 698d68b26e0e40f613847b0c -> purchasetest
2026-03-03 20:26:33,775 - ✅ Tenant 698d68b26e0e40f613847b0c sync DB: purchasetest
2026-03-03 20:26:34,748 - Tenant context set: 698d68b26e0e40f613847b0c -> purchasetest
2026-03-03 20:26:35,149 - Tenant context set: 698d68b26e0e40f613847b0c -> purchasetest
2026-03-03 20:27:12,554 - Tenant context set: 698d68b26e0e40f613847b0c -> purchasetest
2026-03-03 20:27:12,853 - Tenant context set: 698d68b26e0e40f613847b0c -> purchasetest
2026-03-03 20:27:12,953 - Tenant context set: 698d68b26e0e40f613847b0c -> purchasetest
2026-03-03 20:27:13,057 - Tenant context set: 698d68b26e0e40f613847b0c -> purchasetest
2026-03-03 20:27:13,654 - Tenant context set: 698d68b26e0e40f613847b0c -> purchasetest
2026-03-03 20:27:13,759 - Tenant context set: 698d68b26e0e40f613847b0c -> purchasetest
2026-03-03 20:27:15,116 - Tenant context set: 698d68b26e0e40f613847b0c -> purchasetest
2026-03-03 20:27:15,654 - Tenant context set: 698d68b26e0e40f613847b0c -> purchasetest
2026-03-03 20:27:15,752 - Tenant context set: 698d68b26e0e40f613847b0c -> purchasetest
2026-03-03 20:27:16,053 - Tenant context set: 698d68b26e0e40f613847b0c -> purchasetest
2026-03-03 20:27:53,976 - Tenant context set: 698d68b26e0e40f613847b0c -> purchasetest
2026-03-03 20:27:54,352 - Tenant context set: 698d68b26e0e40f613847b0c -> purchasetest
2026-03-03 20:27:54,663 - Tenant context set: 698d68b26e0e40f613847b0c -> purchasetest
2026-03-03 20:27:54,854 - Tenant context set: 698d68b26e0e40f613847b0c -> purchasetest
2026-03-03 20:27:55,215 - Tenant context set: 698d68b26e0e40f613847b0c -> purchasetest
2026-03-03 20:27:55,664 - Tenant context set: 698d68b26e0e40f613847b0c -> purchasetest
2026-03-03 20:27:56,752 - Tenant context set: 698d68b26e0e40f613847b0c -> purchasetest
2026-03-03 20:27:57,051 - Tenant context set: 698d68b26e0e40f613847b0c -> purchasetest
2026-03-03 20:28:17,185 - Tenant context set: 698d68b26e0e40f613847b0c -> purchasetest
2026-03-03 20:28:19,204 - ✅ Inventory connection created
2026-03-03 20:28:21,050 - Tenant context set: 698d68b26e0e40f613847b0c -> purchasetest
2026-03-03 20:28:33,266 - Tenant context set: 698d68b26e0e40f613847b0c -> purchasetest
2026-03-03 20:28:33,551 - Tenant context set: 698d68b26e0e40f613847b0c -> purchasetest
2026-03-03 20:28:33,949 - Tenant context set: 698d68b26e0e40f613847b0c -> purchasetest
2026-03-03 20:28:34,066 - Tenant context set: 698d68b26e0e40f613847b0c -> purchasetest
2026-03-03 20:28:34,359 - Tenant context set: 698d68b26e0e40f613847b0c -> purchasetest
2026-03-03 20:28:34,459 - Tenant context set: 698d68b26e0e40f613847b0c -> purchasetest
2026-03-03 20:28:35,250 - Tenant context set: 698d68b26e0e40f613847b0c -> purchasetest
2026-03-03 20:28:35,551 - Tenant context set: 698d68b26e0e40f613847b0c -> purchasetest
2026-03-03 20:28:35,652 - Full MongoDB query: {'status': {'$in': ['Active', 'active', 'Partially Returned', 'PartiallyReturned']}}
2026-03-03 20:28:35,769 - Raw total matching GRNs: 24
2026-03-03 20:28:36,181 - Fetched 24 raw GRNs from cursor
2026-03-03 20:28:36,352 - GRN 69a6f70a53b748f37ca51f6f: vendorName raw='JAI AGENCIES', stripped='JAI AGENCIES', filter='None'
2026-03-03 20:28:36,352 - Matched GRN 69a6f70a53b748f37ca51f6f: vendorName='JAI AGENCIES'
2026-03-03 20:28:36,352 - GRN 69a135c5a9765cd70cbb736b: vendorName raw='SS AGENCY', stripped='SS AGENCY', filter='None'
2026-03-03 20:28:36,353 - Matched GRN 69a135c5a9765cd70cbb736b: vendorName='SS AGENCY'
2026-03-03 20:28:36,353 - GRN 699d99d56a6f9d358c97d8f5: vendorName raw='SRI BALAJI TRADERS', stripped='SRI BALAJI TRADERS', filter='None'
2026-03-03 20:28:36,353 - Matched GRN 699d99d56a6f9d358c97d8f5: vendorName='SRI BALAJI TRADERS'
2026-03-03 20:28:36,354 - GRN 699d915b6a6f9d358c97d8ea: vendorName raw='HANISH FOODS SHOP', stripped='HANISH FOODS SHOP', filter='None'
2026-03-03 20:28:36,354 - Matched GRN 699d915b6a6f9d358c97d8ea: vendorName='HANISH FOODS SHOP'
2026-03-03 20:28:36,354 - GRN 699d91386a6f9d358c97d8e6: vendorName raw='HANISH FOODS SHOP', stripped='HANISH FOODS SHOP', filter='None'
2026-03-03 20:28:36,354 - Matched GRN 699d91386a6f9d358c97d8e6: vendorName='HANISH FOODS SHOP'
2026-03-03 20:28:36,355 - GRN 699d8e0c9f900005f1e3c18e: vendorName raw='MAHIDARSHAN DAIRY FARM', stripped='MAHIDARSHAN DAIRY FARM', filter='None'
2026-03-03 20:28:36,355 - Matched GRN 699d8e0c9f900005f1e3c18e: vendorName='MAHIDARSHAN DAIRY FARM'
2026-03-03 20:28:36,356 - GRN 699d8dd39f900005f1e3c188: vendorName raw='MAHIDARSHAN DAIRY FARM', stripped='MAHIDARSHAN DAIRY FARM', filter='None'
2026-03-03 20:28:36,357 - Matched GRN 699d8dd39f900005f1e3c188: vendorName='MAHIDARSHAN DAIRY FARM'
2026-03-03 20:28:36,358 - GRN 699bfc4463679f169b7ef568: vendorName raw='MURUGAN STORE', stripped='MURUGAN STORE', filter='None'
2026-03-03 20:28:36,358 - Matched GRN 699bfc4463679f169b7ef568: vendorName='MURUGAN STORE'
2026-03-03 20:28:36,358 - GRN 699991b68c3eb2c19a18ef01: vendorName raw='NAMMAKADAI', stripped='NAMMAKADAI', filter='None'
2026-03-03 20:28:36,358 - Matched GRN 699991b68c3eb2c19a18ef01: vendorName='NAMMAKADAI'
2026-03-03 20:28:36,359 - GRN 69980a50167dfac83f79cef5: vendorName raw='RAJ PRINTING SOLUTION', stripped='RAJ PRINTING SOLUTION', filter='None'
2026-03-03 20:28:36,359 - Matched GRN 69980a50167dfac83f79cef5: vendorName='RAJ PRINTING SOLUTION'
2026-03-03 20:28:36,359 - GRN 6996b5ba29a5f78e456adaac: vendorName raw='SRI JANANI AGENCIES', stripped='SRI JANANI AGENCIES', filter='None'
2026-03-03 20:28:36,359 - Matched GRN 6996b5ba29a5f78e456adaac: vendorName='SRI JANANI AGENCIES'
2026-03-03 20:28:36,359 - GRN 6996b59629a5f78e456adaa1: vendorName raw='SRI JANANI AGENCIES', stripped='SRI JANANI AGENCIES', filter='None'
2026-03-03 20:28:36,359 - Matched GRN 6996b59629a5f78e456adaa1: vendorName='SRI JANANI AGENCIES'
2026-03-03 20:28:36,360 - GRN 6996b2e829a5f78e456ada8e: vendorName raw='SRI JANANI AGENCIES', stripped='SRI JANANI AGENCIES', filter='None'
2026-03-03 20:28:36,360 - Matched GRN 6996b2e829a5f78e456ada8e: vendorName='SRI JANANI AGENCIES'
2026-03-03 20:28:36,360 - GRN 6996aee74c33ae4c560a6466: vendorName raw='SRI JANANI AGENCIES', stripped='SRI JANANI AGENCIES', filter='None'
2026-03-03 20:28:36,360 - Matched GRN 6996aee74c33ae4c560a6466: vendorName='SRI JANANI AGENCIES'
2026-03-03 20:28:36,361 - GRN 6996a25cd099fcddeb14359e: vendorName raw='SRI JANANI AGENCIES', stripped='SRI JANANI AGENCIES', filter='None'
2026-03-03 20:28:36,361 - Matched GRN 6996a25cd099fcddeb14359e: vendorName='SRI JANANI AGENCIES'
2026-03-03 20:28:36,361 - GRN 6996a024d099fcddeb143598: vendorName raw='SRI JANANI AGENCIES', stripped='SRI JANANI AGENCIES', filter='None'
2026-03-03 20:28:36,361 - Matched GRN 6996a024d099fcddeb143598: vendorName='SRI JANANI AGENCIES'
2026-03-03 20:28:36,361 - GRN 69969afa63eff5b997ff6b98: vendorName raw='SRI JANANI AGENCIES', stripped='SRI JANANI AGENCIES', filter='None'
2026-03-03 20:28:36,361 - Matched GRN 69969afa63eff5b997ff6b98: vendorName='SRI JANANI AGENCIES'
2026-03-03 20:28:36,362 - GRN 69969a0263eff5b997ff6b92: vendorName raw='SRI JANANI AGENCIES', stripped='SRI JANANI AGENCIES', filter='None'
2026-03-03 20:28:36,362 - Matched GRN 69969a0263eff5b997ff6b92: vendorName='SRI JANANI AGENCIES'
2026-03-03 20:28:36,362 - GRN 6996978063eff5b997ff6b84: vendorName raw='SRI JANANI AGENCIES', stripped='SRI JANANI AGENCIES', filter='None'
2026-03-03 20:28:36,362 - Matched GRN 6996978063eff5b997ff6b84: vendorName='SRI JANANI AGENCIES'
2026-03-03 20:28:36,363 - GRN 6995afb6449649e8663db557: vendorName raw='SRI JANANI AGENCIES', stripped='SRI JANANI AGENCIES', filter='None'
2026-03-03 20:28:36,363 - Matched GRN 6995afb6449649e8663db557: vendorName='SRI JANANI AGENCIES'
2026-03-03 20:28:36,363 - GRN 6995ae2f449649e8663db53f: vendorName raw='ARR AGENCIES', stripped='ARR AGENCIES', filter='None'
2026-03-03 20:28:36,363 - Matched GRN 6995ae2f449649e8663db53f: vendorName='ARR AGENCIES'
2026-03-03 20:28:36,363 - GRN 69944345ddbb591e2d47c124: vendorName raw='MURUGAN STORE', stripped='MURUGAN STORE', filter='None'
2026-03-03 20:28:36,364 - Matched GRN 69944345ddbb591e2d47c124: vendorName='MURUGAN STORE'
2026-03-03 20:28:36,364 - GRN 6992d97d826cd1300a5f0cce: vendorName raw='SRI JANANI AGENCIES', stripped='SRI JANANI AGENCIES', filter='None'
2026-03-03 20:28:36,366 - Matched GRN 6992d97d826cd1300a5f0cce: vendorName='SRI JANANI AGENCIES'
2026-03-03 20:28:36,367 - GRN 69943ef3f3254ba5acb94d26: vendorName raw='HANISH FOODS SHOP', stripped='HANISH FOODS SHOP', filter='None'
2026-03-03 20:28:36,367 - Matched GRN 69943ef3f3254ba5acb94d26: vendorName='HANISH FOODS SHOP'
2026-03-03 20:28:36,367 - Final filtered GRNs: 24 (skipped: 0 total fetched: 24)
2026-03-03 20:28:36,464 - Tenant context set: 698d68b26e0e40f613847b0c -> purchasetest
2026-03-03 20:28:36,752 - Tenant context set: 698d68b26e0e40f613847b0c -> purchasetest
2026-03-03 20:28:37,151 - Full MongoDB query: {'status': {'$in': ['Active', 'active', 'Partially Returned', 'PartiallyReturned']}}
2026-03-03 20:28:37,251 - Raw total matching GRNs: 24
2026-03-03 20:28:37,461 - Fetched 24 raw GRNs from cursor
2026-03-03 20:28:37,652 - GRN 69a6f70a53b748f37ca51f6f: vendorName raw='JAI AGENCIES', stripped='JAI AGENCIES', filter='None'
2026-03-03 20:28:37,653 - Matched GRN 69a6f70a53b748f37ca51f6f: vendorName='JAI AGENCIES'
2026-03-03 20:28:37,653 - GRN 69a135c5a9765cd70cbb736b: vendorName raw='SS AGENCY', stripped='SS AGENCY', filter='None'
2026-03-03 20:28:37,653 - Matched GRN 69a135c5a9765cd70cbb736b: vendorName='SS AGENCY'
2026-03-03 20:28:37,653 - GRN 699d99d56a6f9d358c97d8f5: vendorName raw='SRI BALAJI TRADERS', stripped='SRI BALAJI TRADERS', filter='None'
2026-03-03 20:28:37,654 - Matched GRN 699d99d56a6f9d358c97d8f5: vendorName='SRI BALAJI TRADERS'
2026-03-03 20:28:37,654 - GRN 699d915b6a6f9d358c97d8ea: vendorName raw='HANISH FOODS SHOP', stripped='HANISH FOODS SHOP', filter='None'
2026-03-03 20:28:37,654 - Matched GRN 699d915b6a6f9d358c97d8ea: vendorName='HANISH FOODS SHOP'
2026-03-03 20:28:37,654 - GRN 699d91386a6f9d358c97d8e6: vendorName raw='HANISH FOODS SHOP', stripped='HANISH FOODS SHOP', filter='None'
2026-03-03 20:28:37,655 - Matched GRN 699d91386a6f9d358c97d8e6: vendorName='HANISH FOODS SHOP'
2026-03-03 20:28:37,655 - GRN 699d8e0c9f900005f1e3c18e: vendorName raw='MAHIDARSHAN DAIRY FARM', stripped='MAHIDARSHAN DAIRY FARM', filter='None'
2026-03-03 20:28:37,656 - Matched GRN 699d8e0c9f900005f1e3c18e: vendorName='MAHIDARSHAN DAIRY FARM'
2026-03-03 20:28:37,656 - GRN 699d8dd39f900005f1e3c188: vendorName raw='MAHIDARSHAN DAIRY FARM', stripped='MAHIDARSHAN DAIRY FARM', filter='None'
2026-03-03 20:28:37,657 - Matched GRN 699d8dd39f900005f1e3c188: vendorName='MAHIDARSHAN DAIRY FARM'
2026-03-03 20:28:37,657 - GRN 699bfc4463679f169b7ef568: vendorName raw='MURUGAN STORE', stripped='MURUGAN STORE', filter='None'
2026-03-03 20:28:37,657 - Matched GRN 699bfc4463679f169b7ef568: vendorName='MURUGAN STORE'
2026-03-03 20:28:37,658 - GRN 699991b68c3eb2c19a18ef01: vendorName raw='NAMMAKADAI', stripped='NAMMAKADAI', filter='None'
2026-03-03 20:28:37,658 - Matched GRN 699991b68c3eb2c19a18ef01: vendorName='NAMMAKADAI'
2026-03-03 20:28:37,659 - GRN 69980a50167dfac83f79cef5: vendorName raw='RAJ PRINTING SOLUTION', stripped='RAJ PRINTING SOLUTION', filter='None'
2026-03-03 20:28:37,659 - Matched GRN 69980a50167dfac83f79cef5: vendorName='RAJ PRINTING SOLUTION'
2026-03-03 20:28:37,659 - GRN 6996b5ba29a5f78e456adaac: vendorName raw='SRI JANANI AGENCIES', stripped='SRI JANANI AGENCIES', filter='None'
2026-03-03 20:28:37,659 - Matched GRN 6996b5ba29a5f78e456adaac: vendorName='SRI JANANI AGENCIES'
2026-03-03 20:28:37,660 - GRN 6996b59629a5f78e456adaa1: vendorName raw='SRI JANANI AGENCIES', stripped='SRI JANANI AGENCIES', filter='None'
2026-03-03 20:28:37,660 - Matched GRN 6996b59629a5f78e456adaa1: vendorName='SRI JANANI AGENCIES'
2026-03-03 20:28:37,660 - GRN 6996b2e829a5f78e456ada8e: vendorName raw='SRI JANANI AGENCIES', stripped='SRI JANANI AGENCIES', filter='None'
2026-03-03 20:28:37,660 - Matched GRN 6996b2e829a5f78e456ada8e: vendorName='SRI JANANI AGENCIES'
2026-03-03 20:28:37,660 - GRN 6996aee74c33ae4c560a6466: vendorName raw='SRI JANANI AGENCIES', stripped='SRI JANANI AGENCIES', filter='None'
2026-03-03 20:28:37,661 - Matched GRN 6996aee74c33ae4c560a6466: vendorName='SRI JANANI AGENCIES'
2026-03-03 20:28:37,661 - GRN 6996a25cd099fcddeb14359e: vendorName raw='SRI JANANI AGENCIES', stripped='SRI JANANI AGENCIES', filter='None'
2026-03-03 20:28:37,661 - Matched GRN 6996a25cd099fcddeb14359e: vendorName='SRI JANANI AGENCIES'
2026-03-03 20:28:37,661 - GRN 6996a024d099fcddeb143598: vendorName raw='SRI JANANI AGENCIES', stripped='SRI JANANI AGENCIES', filter='None'
2026-03-03 20:28:37,662 - Matched GRN 6996a024d099fcddeb143598: vendorName='SRI JANANI AGENCIES'
2026-03-03 20:28:37,662 - GRN 69969afa63eff5b997ff6b98: vendorName raw='SRI JANANI AGENCIES', stripped='SRI JANANI AGENCIES', filter='None'
2026-03-03 20:28:37,662 - Matched GRN 69969afa63eff5b997ff6b98: vendorName='SRI JANANI AGENCIES'
2026-03-03 20:28:37,662 - GRN 69969a0263eff5b997ff6b92: vendorName raw='SRI JANANI AGENCIES', stripped='SRI JANANI AGENCIES', filter='None'
2026-03-03 20:28:37,662 - Matched GRN 69969a0263eff5b997ff6b92: vendorName='SRI JANANI AGENCIES'
2026-03-03 20:28:37,663 - GRN 6996978063eff5b997ff6b84: vendorName raw='SRI JANANI AGENCIES', stripped='SRI JANANI AGENCIES', filter='None'
2026-03-03 20:28:37,663 - Matched GRN 6996978063eff5b997ff6b84: vendorName='SRI JANANI AGENCIES'
2026-03-03 20:28:37,663 - GRN 6995afb6449649e8663db557: vendorName raw='SRI JANANI AGENCIES', stripped='SRI JANANI AGENCIES', filter='None'
2026-03-03 20:28:37,663 - Matched GRN 6995afb6449649e8663db557: vendorName='SRI JANANI AGENCIES'
2026-03-03 20:28:37,664 - GRN 6995ae2f449649e8663db53f: vendorName raw='ARR AGENCIES', stripped='ARR AGENCIES', filter='None'
2026-03-03 20:28:37,664 - Matched GRN 6995ae2f449649e8663db53f: vendorName='ARR AGENCIES'
2026-03-03 20:28:37,664 - GRN 69944345ddbb591e2d47c124: vendorName raw='MURUGAN STORE', stripped='MURUGAN STORE', filter='None'
2026-03-03 20:28:37,664 - Matched GRN 69944345ddbb591e2d47c124: vendorName='MURUGAN STORE'
2026-03-03 20:28:37,664 - GRN 6992d97d826cd1300a5f0cce: vendorName raw='SRI JANANI AGENCIES', stripped='SRI JANANI AGENCIES', filter='None'
2026-03-03 20:28:37,665 - Matched GRN 6992d97d826cd1300a5f0cce: vendorName='SRI JANANI AGENCIES'
2026-03-03 20:28:37,665 - GRN 69943ef3f3254ba5acb94d26: vendorName raw='HANISH FOODS SHOP', stripped='HANISH FOODS SHOP', filter='None'
2026-03-03 20:28:37,665 - Matched GRN 69943ef3f3254ba5acb94d26: vendorName='HANISH FOODS SHOP'
2026-03-03 20:28:37,665 - Final filtered GRNs: 24 (skipped: 0 total fetched: 24)
2026-03-03 20:28:51,958 - Tenant context set: 698d68b26e0e40f613847b0c -> purchasetest
2026-03-03 20:28:52,447 - Tenant context set: 698d68b26e0e40f613847b0c -> purchasetest
2026-03-03 20:29:00,765 - Tenant context set: 698d68b26e0e40f613847b0c -> purchasetest
2026-03-03 20:29:03,564 - GRN_RETURN|grn_id=69a6f70a53b748f37ca51f6f|returned_by=admintest
2026-03-03 20:29:04,650 - Tenant context set: 698d68b26e0e40f613847b0c -> purchasetest
2026-03-03 20:29:04,953 - Processed fromDate (naive): 2026-03-03 00:00:00
2026-03-03 20:29:04,953 - Processed toDate (naive): 2026-03-04 23:59:59.999999
2026-03-03 20:29:04,953 - Full MongoDB query: {'status': {'$in': ['Active', 'active', 'Partially Returned', 'PartiallyReturned']}, 'grnDate': {'$gte': datetime.datetime(2026, 3, 3, 0, 0), '$lte': datetime.datetime(2026, 3, 4, 23, 59, 59, 999999)}}
2026-03-03 20:29:05,055 - Raw total matching GRNs: 0
2026-03-03 20:29:05,153 - Fetched 0 raw GRNs from cursor
2026-03-03 20:29:05,153 - No GRNs found matching the criteria
2026-03-03 20:29:05,556 - Tenant context set: 698d68b26e0e40f613847b0c -> purchasetest
2026-03-03 20:29:05,950 - Full MongoDB query: {'status': {'$in': ['Active', 'active', 'Partially Returned', 'PartiallyReturned']}}
2026-03-03 20:29:06,052 - Raw total matching GRNs: 23
2026-03-03 20:29:06,450 - Fetched 23 raw GRNs from cursor
2026-03-03 20:29:06,651 - GRN 69a135c5a9765cd70cbb736b: vendorName raw='SS AGENCY', stripped='SS AGENCY', filter='None'
2026-03-03 20:29:06,652 - Matched GRN 69a135c5a9765cd70cbb736b: vendorName='SS AGENCY'
2026-03-03 20:29:06,652 - GRN 699d99d56a6f9d358c97d8f5: vendorName raw='SRI BALAJI TRADERS', stripped='SRI BALAJI TRADERS', filter='None'
2026-03-03 20:29:06,652 - Matched GRN 699d99d56a6f9d358c97d8f5: vendorName='SRI BALAJI TRADERS'
2026-03-03 20:29:06,653 - GRN 699d915b6a6f9d358c97d8ea: vendorName raw='HANISH FOODS SHOP', stripped='HANISH FOODS SHOP', filter='None'
2026-03-03 20:29:06,653 - Matched GRN 699d915b6a6f9d358c97d8ea: vendorName='HANISH FOODS SHOP'
2026-03-03 20:29:06,653 - GRN 699d91386a6f9d358c97d8e6: vendorName raw='HANISH FOODS SHOP', stripped='HANISH FOODS SHOP', filter='None'
2026-03-03 20:29:06,654 - Matched GRN 699d91386a6f9d358c97d8e6: vendorName='HANISH FOODS SHOP'
2026-03-03 20:29:06,654 - GRN 699d8e0c9f900005f1e3c18e: vendorName raw='MAHIDARSHAN DAIRY FARM', stripped='MAHIDARSHAN DAIRY FARM', filter='None'
2026-03-03 20:29:06,654 - Matched GRN 699d8e0c9f900005f1e3c18e: vendorName='MAHIDARSHAN DAIRY FARM'
2026-03-03 20:29:06,655 - GRN 699d8dd39f900005f1e3c188: vendorName raw='MAHIDARSHAN DAIRY FARM', stripped='MAHIDARSHAN DAIRY FARM', filter='None'
2026-03-03 20:29:06,655 - Matched GRN 699d8dd39f900005f1e3c188: vendorName='MAHIDARSHAN DAIRY FARM'
2026-03-03 20:29:06,655 - GRN 699bfc4463679f169b7ef568: vendorName raw='MURUGAN STORE', stripped='MURUGAN STORE', filter='None'
2026-03-03 20:29:06,655 - Matched GRN 699bfc4463679f169b7ef568: vendorName='MURUGAN STORE'
2026-03-03 20:29:06,657 - GRN 699991b68c3eb2c19a18ef01: vendorName raw='NAMMAKADAI', stripped='NAMMAKADAI', filter='None'
2026-03-03 20:29:06,657 - Matched GRN 699991b68c3eb2c19a18ef01: vendorName='NAMMAKADAI'
2026-03-03 20:29:06,658 - GRN 69980a50167dfac83f79cef5: vendorName raw='RAJ PRINTING SOLUTION', stripped='RAJ PRINTING SOLUTION', filter='None'
2026-03-03 20:29:06,658 - Matched GRN 69980a50167dfac83f79cef5: vendorName='RAJ PRINTING SOLUTION'
2026-03-03 20:29:06,659 - GRN 6996b5ba29a5f78e456adaac: vendorName raw='SRI JANANI AGENCIES', stripped='SRI JANANI AGENCIES', filter='None'
2026-03-03 20:29:06,659 - Matched GRN 6996b5ba29a5f78e456adaac: vendorName='SRI JANANI AGENCIES'
2026-03-03 20:29:06,659 - GRN 6996b59629a5f78e456adaa1: vendorName raw='SRI JANANI AGENCIES', stripped='SRI JANANI AGENCIES', filter='None'
2026-03-03 20:29:06,660 - Matched GRN 6996b59629a5f78e456adaa1: vendorName='SRI JANANI AGENCIES'
2026-03-03 20:29:06,660 - GRN 6996b2e829a5f78e456ada8e: vendorName raw='SRI JANANI AGENCIES', stripped='SRI JANANI AGENCIES', filter='None'
2026-03-03 20:29:06,660 - Matched GRN 6996b2e829a5f78e456ada8e: vendorName='SRI JANANI AGENCIES'
2026-03-03 20:29:06,661 - GRN 6996aee74c33ae4c560a6466: vendorName raw='SRI JANANI AGENCIES', stripped='SRI JANANI AGENCIES', filter='None'
2026-03-03 20:29:06,661 - Matched GRN 6996aee74c33ae4c560a6466: vendorName='SRI JANANI AGENCIES'
2026-03-03 20:29:06,661 - GRN 6996a25cd099fcddeb14359e: vendorName raw='SRI JANANI AGENCIES', stripped='SRI JANANI AGENCIES', filter='None'
2026-03-03 20:29:06,662 - Matched GRN 6996a25cd099fcddeb14359e: vendorName='SRI JANANI AGENCIES'
2026-03-03 20:29:06,662 - GRN 6996a024d099fcddeb143598: vendorName raw='SRI JANANI AGENCIES', stripped='SRI JANANI AGENCIES', filter='None'
2026-03-03 20:29:06,662 - Matched GRN 6996a024d099fcddeb143598: vendorName='SRI JANANI AGENCIES'
2026-03-03 20:29:06,663 - GRN 69969afa63eff5b997ff6b98: vendorName raw='SRI JANANI AGENCIES', stripped='SRI JANANI AGENCIES', filter='None'
2026-03-03 20:29:06,663 - Matched GRN 69969afa63eff5b997ff6b98: vendorName='SRI JANANI AGENCIES'
2026-03-03 20:29:06,663 - GRN 69969a0263eff5b997ff6b92: vendorName raw='SRI JANANI AGENCIES', stripped='SRI JANANI AGENCIES', filter='None'
2026-03-03 20:29:06,663 - Matched GRN 69969a0263eff5b997ff6b92: vendorName='SRI JANANI AGENCIES'
2026-03-03 20:29:06,664 - GRN 6996978063eff5b997ff6b84: vendorName raw='SRI JANANI AGENCIES', stripped='SRI JANANI AGENCIES', filter='None'
2026-03-03 20:29:06,665 - Matched GRN 6996978063eff5b997ff6b84: vendorName='SRI JANANI AGENCIES'
2026-03-03 20:29:06,665 - GRN 6995afb6449649e8663db557: vendorName raw='SRI JANANI AGENCIES', stripped='SRI JANANI AGENCIES', filter='None'
2026-03-03 20:29:06,665 - Matched GRN 6995afb6449649e8663db557: vendorName='SRI JANANI AGENCIES'
2026-03-03 20:29:06,666 - GRN 6995ae2f449649e8663db53f: vendorName raw='ARR AGENCIES', stripped='ARR AGENCIES', filter='None'
2026-03-03 20:29:06,666 - Matched GRN 6995ae2f449649e8663db53f: vendorName='ARR AGENCIES'
2026-03-03 20:29:06,666 - GRN 69944345ddbb591e2d47c124: vendorName raw='MURUGAN STORE', stripped='MURUGAN STORE', filter='None'
2026-03-03 20:29:06,666 - Matched GRN 69944345ddbb591e2d47c124: vendorName='MURUGAN STORE'
2026-03-03 20:29:06,667 - GRN 6992d97d826cd1300a5f0cce: vendorName raw='SRI JANANI AGENCIES', stripped='SRI JANANI AGENCIES', filter='None'
2026-03-03 20:29:06,667 - Matched GRN 6992d97d826cd1300a5f0cce: vendorName='SRI JANANI AGENCIES'
2026-03-03 20:29:06,667 - GRN 69943ef3f3254ba5acb94d26: vendorName raw='HANISH FOODS SHOP', stripped='HANISH FOODS SHOP', filter='None'
2026-03-03 20:29:06,668 - Matched GRN 69943ef3f3254ba5acb94d26: vendorName='HANISH FOODS SHOP'
2026-03-03 20:29:06,668 - Final filtered GRNs: 23 (skipped: 0 total fetched: 23)
2026-03-03 20:30:05,855 - Tenant context set: 698d68b26e0e40f613847b0c -> purchasetest
2026-03-03 20:30:05,948 - Tenant context set: 698d68b26e0e40f613847b0c -> purchasetest
2026-03-03 20:30:06,248 - Tenant context set: 698d68b26e0e40f613847b0c -> purchasetest
2026-03-03 20:30:06,350 - Tenant context set: 698d68b26e0e40f613847b0c -> purchasetest
2026-03-03 20:30:06,961 - Tenant context set: 698d68b26e0e40f613847b0c -> purchasetest
2026-03-03 20:30:07,644 - Tenant context set: 698d68b26e0e40f613847b0c -> purchasetest
2026-03-03 20:30:08,148 - Executing query: {'status': {'$in': ['Fully Returned', 'Partially Returned', 'APInvoiceConverted']}}, sort by grnReturnedDate, skip: 0, limit: 50
2026-03-03 20:30:08,363 - Returning 23 GRNs
2026-03-03 20:30:08,460 - Tenant context set: 698d68b26e0e40f613847b0c -> purchasetest
2026-03-03 20:30:08,555 - Tenant context set: 698d68b26e0e40f613847b0c -> purchasetest
2026-03-03 20:30:08,948 - Executing query: {'status': {'$in': ['Fully Returned', 'Partially Returned', 'APInvoiceConverted']}}, sort by grnReturnedDate, skip: 0, limit: 50
2026-03-03 20:30:09,162 - Returning 23 GRNs
2026-03-03 20:30:29,769 - Tenant context set: 698d68b26e0e40f613847b0c -> purchasetest
2026-03-03 20:30:30,050 - Tenant context set: 698d68b26e0e40f613847b0c -> purchasetest
2026-03-03 20:30:30,167 - Tenant context set: 698d68b26e0e40f613847b0c -> purchasetest
2026-03-03 20:30:30,250 - Tenant context set: 698d68b26e0e40f613847b0c -> purchasetest
2026-03-03 20:30:30,756 - Tenant context set: 698d68b26e0e40f613847b0c -> purchasetest
2026-03-03 20:30:31,074 - Tenant context set: 698d68b26e0e40f613847b0c -> purchasetest
2026-03-03 20:30:31,652 - Full MongoDB query: {'status': {'$in': ['Active', 'active', 'Partially Returned', 'PartiallyReturned']}}
2026-03-03 20:30:31,787 - Raw total matching GRNs: 23
2026-03-03 20:30:32,093 - Fetched 23 raw GRNs from cursor
2026-03-03 20:30:32,285 - GRN 69a135c5a9765cd70cbb736b: vendorName raw='SS AGENCY', stripped='SS AGENCY', filter='None'
2026-03-03 20:30:32,286 - Matched GRN 69a135c5a9765cd70cbb736b: vendorName='SS AGENCY'
2026-03-03 20:30:32,287 - GRN 699d99d56a6f9d358c97d8f5: vendorName raw='SRI BALAJI TRADERS', stripped='SRI BALAJI TRADERS', filter='None'
2026-03-03 20:30:32,288 - Matched GRN 699d99d56a6f9d358c97d8f5: vendorName='SRI BALAJI TRADERS'
2026-03-03 20:30:32,289 - GRN 699d915b6a6f9d358c97d8ea: vendorName raw='HANISH FOODS SHOP', stripped='HANISH FOODS SHOP', filter='None'
2026-03-03 20:30:32,289 - Matched GRN 699d915b6a6f9d358c97d8ea: vendorName='HANISH FOODS SHOP'
2026-03-03 20:30:32,290 - GRN 699d91386a6f9d358c97d8e6: vendorName raw='HANISH FOODS SHOP', stripped='HANISH FOODS SHOP', filter='None'
2026-03-03 20:30:32,291 - Matched GRN 699d91386a6f9d358c97d8e6: vendorName='HANISH FOODS SHOP'
2026-03-03 20:30:32,291 - GRN 699d8e0c9f900005f1e3c18e: vendorName raw='MAHIDARSHAN DAIRY FARM', stripped='MAHIDARSHAN DAIRY FARM', filter='None'
2026-03-03 20:30:32,292 - Matched GRN 699d8e0c9f900005f1e3c18e: vendorName='MAHIDARSHAN DAIRY FARM'
2026-03-03 20:30:32,292 - GRN 699d8dd39f900005f1e3c188: vendorName raw='MAHIDARSHAN DAIRY FARM', stripped='MAHIDARSHAN DAIRY FARM', filter='None'
2026-03-03 20:30:32,293 - Matched GRN 699d8dd39f900005f1e3c188: vendorName='MAHIDARSHAN DAIRY FARM'
2026-03-03 20:30:32,294 - GRN 699bfc4463679f169b7ef568: vendorName raw='MURUGAN STORE', stripped='MURUGAN STORE', filter='None'
2026-03-03 20:30:32,294 - Matched GRN 699bfc4463679f169b7ef568: vendorName='MURUGAN STORE'
2026-03-03 20:30:32,302 - GRN 699991b68c3eb2c19a18ef01: vendorName raw='NAMMAKADAI', stripped='NAMMAKADAI', filter='None'
2026-03-03 20:30:32,304 - Matched GRN 699991b68c3eb2c19a18ef01: vendorName='NAMMAKADAI'
2026-03-03 20:30:32,305 - GRN 69980a50167dfac83f79cef5: vendorName raw='RAJ PRINTING SOLUTION', stripped='RAJ PRINTING SOLUTION', filter='None'
2026-03-03 20:30:32,306 - Matched GRN 69980a50167dfac83f79cef5: vendorName='RAJ PRINTING SOLUTION'
2026-03-03 20:30:32,307 - GRN 6996b5ba29a5f78e456adaac: vendorName raw='SRI JANANI AGENCIES', stripped='SRI JANANI AGENCIES', filter='None'
2026-03-03 20:30:32,307 - Matched GRN 6996b5ba29a5f78e456adaac: vendorName='SRI JANANI AGENCIES'
2026-03-03 20:30:32,308 - GRN 6996b59629a5f78e456adaa1: vendorName raw='SRI JANANI AGENCIES', stripped='SRI JANANI AGENCIES', filter='None'
2026-03-03 20:30:32,308 - Matched GRN 6996b59629a5f78e456adaa1: vendorName='SRI JANANI AGENCIES'
2026-03-03 20:30:32,309 - GRN 6996b2e829a5f78e456ada8e: vendorName raw='SRI JANANI AGENCIES', stripped='SRI JANANI AGENCIES', filter='None'
2026-03-03 20:30:32,309 - Matched GRN 6996b2e829a5f78e456ada8e: vendorName='SRI JANANI AGENCIES'
2026-03-03 20:30:32,310 - GRN 6996aee74c33ae4c560a6466: vendorName raw='SRI JANANI AGENCIES', stripped='SRI JANANI AGENCIES', filter='None'
2026-03-03 20:30:32,310 - Matched GRN 6996aee74c33ae4c560a6466: vendorName='SRI JANANI AGENCIES'
2026-03-03 20:30:32,317 - GRN 6996a25cd099fcddeb14359e: vendorName raw='SRI JANANI AGENCIES', stripped='SRI JANANI AGENCIES', filter='None'
2026-03-03 20:30:32,317 - Matched GRN 6996a25cd099fcddeb14359e: vendorName='SRI JANANI AGENCIES'
2026-03-03 20:30:32,318 - GRN 6996a024d099fcddeb143598: vendorName raw='SRI JANANI AGENCIES', stripped='SRI JANANI AGENCIES', filter='None'
2026-03-03 20:30:32,318 - Matched GRN 6996a024d099fcddeb143598: vendorName='SRI JANANI AGENCIES'
2026-03-03 20:30:32,319 - GRN 69969afa63eff5b997ff6b98: vendorName raw='SRI JANANI AGENCIES', stripped='SRI JANANI AGENCIES', filter='None'
2026-03-03 20:30:32,319 - Matched GRN 69969afa63eff5b997ff6b98: vendorName='SRI JANANI AGENCIES'
2026-03-03 20:30:32,319 - GRN 69969a0263eff5b997ff6b92: vendorName raw='SRI JANANI AGENCIES', stripped='SRI JANANI AGENCIES', filter='None'
2026-03-03 20:30:32,319 - Matched GRN 69969a0263eff5b997ff6b92: vendorName='SRI JANANI AGENCIES'
2026-03-03 20:30:32,320 - GRN 6996978063eff5b997ff6b84: vendorName raw='SRI JANANI AGENCIES', stripped='SRI JANANI AGENCIES', filter='None'
2026-03-03 20:30:32,320 - Matched GRN 6996978063eff5b997ff6b84: vendorName='SRI JANANI AGENCIES'
2026-03-03 20:30:32,321 - GRN 6995afb6449649e8663db557: vendorName raw='SRI JANANI AGENCIES', stripped='SRI JANANI AGENCIES', filter='None'
2026-03-03 20:30:32,321 - Matched GRN 6995afb6449649e8663db557: vendorName='SRI JANANI AGENCIES'
2026-03-03 20:30:32,321 - GRN 6995ae2f449649e8663db53f: vendorName raw='ARR AGENCIES', stripped='ARR AGENCIES', filter='None'
2026-03-03 20:30:32,322 - Matched GRN 6995ae2f449649e8663db53f: vendorName='ARR AGENCIES'
2026-03-03 20:30:32,322 - GRN 69944345ddbb591e2d47c124: vendorName raw='MURUGAN STORE', stripped='MURUGAN STORE', filter='None'
2026-03-03 20:30:32,322 - Matched GRN 69944345ddbb591e2d47c124: vendorName='MURUGAN STORE'
2026-03-03 20:30:32,323 - GRN 6992d97d826cd1300a5f0cce: vendorName raw='SRI JANANI AGENCIES', stripped='SRI JANANI AGENCIES', filter='None'
2026-03-03 20:30:32,323 - Matched GRN 6992d97d826cd1300a5f0cce: vendorName='SRI JANANI AGENCIES'
2026-03-03 20:30:32,323 - GRN 69943ef3f3254ba5acb94d26: vendorName raw='HANISH FOODS SHOP', stripped='HANISH FOODS SHOP', filter='None'
2026-03-03 20:30:32,324 - Matched GRN 69943ef3f3254ba5acb94d26: vendorName='HANISH FOODS SHOP'
2026-03-03 20:30:32,324 - Final filtered GRNs: 23 (skipped: 0 total fetched: 23)
2026-03-03 20:30:32,484 - Tenant context set: 698d68b26e0e40f613847b0c -> purchasetest
2026-03-03 20:30:32,855 - Tenant context set: 698d68b26e0e40f613847b0c -> purchasetest
2026-03-03 20:30:32,950 - Tenant context set: 698d68b26e0e40f613847b0c -> purchasetest
2026-03-03 20:30:33,051 - Tenant context set: 698d68b26e0e40f613847b0c -> purchasetest
2026-03-03 20:30:33,455 - Full MongoDB query: {'status': {'$in': ['Active', 'active', 'Partially Returned', 'PartiallyReturned']}}
2026-03-03 20:30:33,550 - Raw total matching GRNs: 23
2026-03-03 20:30:33,852 - Fetched 23 raw GRNs from cursor
2026-03-03 20:30:34,055 - GRN 69a135c5a9765cd70cbb736b: vendorName raw='SS AGENCY', stripped='SS AGENCY', filter='None'
2026-03-03 20:30:34,055 - Matched GRN 69a135c5a9765cd70cbb736b: vendorName='SS AGENCY'
2026-03-03 20:30:34,056 - GRN 699d99d56a6f9d358c97d8f5: vendorName raw='SRI BALAJI TRADERS', stripped='SRI BALAJI TRADERS', filter='None'
2026-03-03 20:30:34,056 - Matched GRN 699d99d56a6f9d358c97d8f5: vendorName='SRI BALAJI TRADERS'
2026-03-03 20:30:34,056 - GRN 699d915b6a6f9d358c97d8ea: vendorName raw='HANISH FOODS SHOP', stripped='HANISH FOODS SHOP', filter='None'
2026-03-03 20:30:34,056 - Matched GRN 699d915b6a6f9d358c97d8ea: vendorName='HANISH FOODS SHOP'
2026-03-03 20:30:34,057 - GRN 699d91386a6f9d358c97d8e6: vendorName raw='HANISH FOODS SHOP', stripped='HANISH FOODS SHOP', filter='None'
2026-03-03 20:30:34,057 - Matched GRN 699d91386a6f9d358c97d8e6: vendorName='HANISH FOODS SHOP'
2026-03-03 20:30:34,057 - GRN 699d8e0c9f900005f1e3c18e: vendorName raw='MAHIDARSHAN DAIRY FARM', stripped='MAHIDARSHAN DAIRY FARM', filter='None'
2026-03-03 20:30:34,057 - Matched GRN 699d8e0c9f900005f1e3c18e: vendorName='MAHIDARSHAN DAIRY FARM'
2026-03-03 20:30:34,058 - GRN 699d8dd39f900005f1e3c188: vendorName raw='MAHIDARSHAN DAIRY FARM', stripped='MAHIDARSHAN DAIRY FARM', filter='None'
2026-03-03 20:30:34,058 - Matched GRN 699d8dd39f900005f1e3c188: vendorName='MAHIDARSHAN DAIRY FARM'
2026-03-03 20:30:34,058 - GRN 699bfc4463679f169b7ef568: vendorName raw='MURUGAN STORE', stripped='MURUGAN STORE', filter='None'
2026-03-03 20:30:34,058 - Matched GRN 699bfc4463679f169b7ef568: vendorName='MURUGAN STORE'
2026-03-03 20:30:34,058 - GRN 699991b68c3eb2c19a18ef01: vendorName raw='NAMMAKADAI', stripped='NAMMAKADAI', filter='None'
2026-03-03 20:30:34,059 - Matched GRN 699991b68c3eb2c19a18ef01: vendorName='NAMMAKADAI'
2026-03-03 20:30:34,059 - GRN 69980a50167dfac83f79cef5: vendorName raw='RAJ PRINTING SOLUTION', stripped='RAJ PRINTING SOLUTION', filter='None'
2026-03-03 20:30:34,059 - Matched GRN 69980a50167dfac83f79cef5: vendorName='RAJ PRINTING SOLUTION'
2026-03-03 20:30:34,059 - GRN 6996b5ba29a5f78e456adaac: vendorName raw='SRI JANANI AGENCIES', stripped='SRI JANANI AGENCIES', filter='None'
2026-03-03 20:30:34,060 - Matched GRN 6996b5ba29a5f78e456adaac: vendorName='SRI JANANI AGENCIES'
2026-03-03 20:30:34,060 - GRN 6996b59629a5f78e456adaa1: vendorName raw='SRI JANANI AGENCIES', stripped='SRI JANANI AGENCIES', filter='None'
2026-03-03 20:30:34,060 - Matched GRN 6996b59629a5f78e456adaa1: vendorName='SRI JANANI AGENCIES'
2026-03-03 20:30:34,061 - GRN 6996b2e829a5f78e456ada8e: vendorName raw='SRI JANANI AGENCIES', stripped='SRI JANANI AGENCIES', filter='None'
2026-03-03 20:30:34,061 - Matched GRN 6996b2e829a5f78e456ada8e: vendorName='SRI JANANI AGENCIES'
2026-03-03 20:30:34,061 - GRN 6996aee74c33ae4c560a6466: vendorName raw='SRI JANANI AGENCIES', stripped='SRI JANANI AGENCIES', filter='None'
2026-03-03 20:30:34,062 - Matched GRN 6996aee74c33ae4c560a6466: vendorName='SRI JANANI AGENCIES'
2026-03-03 20:30:34,063 - GRN 6996a25cd099fcddeb14359e: vendorName raw='SRI JANANI AGENCIES', stripped='SRI JANANI AGENCIES', filter='None'
2026-03-03 20:30:34,063 - Matched GRN 6996a25cd099fcddeb14359e: vendorName='SRI JANANI AGENCIES'
2026-03-03 20:30:34,063 - GRN 6996a024d099fcddeb143598: vendorName raw='SRI JANANI AGENCIES', stripped='SRI JANANI AGENCIES', filter='None'
2026-03-03 20:30:34,063 - Matched GRN 6996a024d099fcddeb143598: vendorName='SRI JANANI AGENCIES'
2026-03-03 20:30:34,063 - GRN 69969afa63eff5b997ff6b98: vendorName raw='SRI JANANI AGENCIES', stripped='SRI JANANI AGENCIES', filter='None'
2026-03-03 20:30:34,063 - Matched GRN 69969afa63eff5b997ff6b98: vendorName='SRI JANANI AGENCIES'
2026-03-03 20:30:34,063 - GRN 69969a0263eff5b997ff6b92: vendorName raw='SRI JANANI AGENCIES', stripped='SRI JANANI AGENCIES', filter='None'
2026-03-03 20:30:34,064 - Matched GRN 69969a0263eff5b997ff6b92: vendorName='SRI JANANI AGENCIES'
2026-03-03 20:30:34,064 - GRN 6996978063eff5b997ff6b84: vendorName raw='SRI JANANI AGENCIES', stripped='SRI JANANI AGENCIES', filter='None'
2026-03-03 20:30:34,064 - Matched GRN 6996978063eff5b997ff6b84: vendorName='SRI JANANI AGENCIES'
2026-03-03 20:30:34,064 - GRN 6995afb6449649e8663db557: vendorName raw='SRI JANANI AGENCIES', stripped='SRI JANANI AGENCIES', filter='None'
2026-03-03 20:30:34,064 - Matched GRN 6995afb6449649e8663db557: vendorName='SRI JANANI AGENCIES'
2026-03-03 20:30:34,065 - GRN 6995ae2f449649e8663db53f: vendorName raw='ARR AGENCIES', stripped='ARR AGENCIES', filter='None'
2026-03-03 20:30:34,065 - Matched GRN 6995ae2f449649e8663db53f: vendorName='ARR AGENCIES'
2026-03-03 20:30:34,065 - GRN 69944345ddbb591e2d47c124: vendorName raw='MURUGAN STORE', stripped='MURUGAN STORE', filter='None'
2026-03-03 20:30:34,065 - Matched GRN 69944345ddbb591e2d47c124: vendorName='MURUGAN STORE'
2026-03-03 20:30:34,065 - GRN 6992d97d826cd1300a5f0cce: vendorName raw='SRI JANANI AGENCIES', stripped='SRI JANANI AGENCIES', filter='None'
2026-03-03 20:30:34,065 - Matched GRN 6992d97d826cd1300a5f0cce: vendorName='SRI JANANI AGENCIES'
2026-03-03 20:30:34,066 - GRN 69943ef3f3254ba5acb94d26: vendorName raw='HANISH FOODS SHOP', stripped='HANISH FOODS SHOP', filter='None'
2026-03-03 20:30:34,066 - Matched GRN 69943ef3f3254ba5acb94d26: vendorName='HANISH FOODS SHOP'
2026-03-03 20:30:34,066 - Final filtered GRNs: 23 (skipped: 0 total fetched: 23)
2026-03-03 20:30:55,854 - Tenant context set: 698d68b26e0e40f613847b0c -> purchasetest
2026-03-03 20:30:55,955 - Tenant context set: 698d68b26e0e40f613847b0c -> purchasetest
2026-03-03 20:30:56,060 - Tenant context set: 698d68b26e0e40f613847b0c -> purchasetest
2026-03-03 20:30:56,147 - Tenant context set: 698d68b26e0e40f613847b0c -> purchasetest
2026-03-03 20:30:56,857 - Executing query: {'status': {'$in': ['Fully Returned', 'Partially Returned', 'APInvoiceConverted']}}, sort by grnReturnedDate, skip: 0, limit: 50
2026-03-03 20:30:57,079 - Returning 23 GRNs
2026-03-03 20:30:57,454 - Tenant context set: 698d68b26e0e40f613847b0c -> purchasetest
2026-03-03 20:30:57,551 - Tenant context set: 698d68b26e0e40f613847b0c -> purchasetest
2026-03-03 20:30:58,050 - Tenant context set: 698d68b26e0e40f613847b0c -> purchasetest
2026-03-03 20:30:58,147 - Tenant context set: 698d68b26e0e40f613847b0c -> purchasetest
2026-03-03 20:30:58,548 - Executing query: {'status': {'$in': ['Fully Returned', 'Partially Returned', 'APInvoiceConverted']}}, sort by grnReturnedDate, skip: 0, limit: 50
2026-03-03 20:30:58,857 - Returning 23 GRNs
2026-03-03 20:31:00,555 - Tenant context set: 698d68b26e0e40f613847b0c -> purchasetest
2026-03-03 20:31:00,862 - Tenant context set: 698d68b26e0e40f613847b0c -> purchasetest
2026-03-03 20:31:00,970 - Tenant context set: 698d68b26e0e40f613847b0c -> purchasetest
2026-03-03 20:31:01,054 - Tenant context set: 698d68b26e0e40f613847b0c -> purchasetest
2026-03-03 20:31:01,449 - Tenant context set: 698d68b26e0e40f613847b0c -> purchasetest
2026-03-03 20:31:01,748 - Tenant context set: 698d68b26e0e40f613847b0c -> purchasetest
2026-03-03 20:31:02,355 - Full MongoDB query: {'status': {'$in': ['Active', 'active', 'Partially Returned', 'PartiallyReturned']}}
2026-03-03 20:31:02,500 - Raw total matching GRNs: 23
2026-03-03 20:31:02,804 - Fetched 23 raw GRNs from cursor
2026-03-03 20:31:03,003 - GRN 69a135c5a9765cd70cbb736b: vendorName raw='SS AGENCY', stripped='SS AGENCY', filter='None'
2026-03-03 20:31:03,003 - Matched GRN 69a135c5a9765cd70cbb736b: vendorName='SS AGENCY'
2026-03-03 20:31:03,003 - GRN 699d99d56a6f9d358c97d8f5: vendorName raw='SRI BALAJI TRADERS', stripped='SRI BALAJI TRADERS', filter='None'
2026-03-03 20:31:03,003 - Matched GRN 699d99d56a6f9d358c97d8f5: vendorName='SRI BALAJI TRADERS'
2026-03-03 20:31:03,004 - GRN 699d915b6a6f9d358c97d8ea: vendorName raw='HANISH FOODS SHOP', stripped='HANISH FOODS SHOP', filter='None'
2026-03-03 20:31:03,004 - Matched GRN 699d915b6a6f9d358c97d8ea: vendorName='HANISH FOODS SHOP'
2026-03-03 20:31:03,004 - GRN 699d91386a6f9d358c97d8e6: vendorName raw='HANISH FOODS SHOP', stripped='HANISH FOODS SHOP', filter='None'
2026-03-03 20:31:03,004 - Matched GRN 699d91386a6f9d358c97d8e6: vendorName='HANISH FOODS SHOP'
2026-03-03 20:31:03,005 - GRN 699d8e0c9f900005f1e3c18e: vendorName raw='MAHIDARSHAN DAIRY FARM', stripped='MAHIDARSHAN DAIRY FARM', filter='None'
2026-03-03 20:31:03,005 - Matched GRN 699d8e0c9f900005f1e3c18e: vendorName='MAHIDARSHAN DAIRY FARM'
2026-03-03 20:31:03,005 - GRN 699d8dd39f900005f1e3c188: vendorName raw='MAHIDARSHAN DAIRY FARM', stripped='MAHIDARSHAN DAIRY FARM', filter='None'
2026-03-03 20:31:03,005 - Matched GRN 699d8dd39f900005f1e3c188: vendorName='MAHIDARSHAN DAIRY FARM'
2026-03-03 20:31:03,006 - GRN 699bfc4463679f169b7ef568: vendorName raw='MURUGAN STORE', stripped='MURUGAN STORE', filter='None'
2026-03-03 20:31:03,006 - Matched GRN 699bfc4463679f169b7ef568: vendorName='MURUGAN STORE'
2026-03-03 20:31:03,007 - GRN 699991b68c3eb2c19a18ef01: vendorName raw='NAMMAKADAI', stripped='NAMMAKADAI', filter='None'
2026-03-03 20:31:03,007 - Matched GRN 699991b68c3eb2c19a18ef01: vendorName='NAMMAKADAI'
2026-03-03 20:31:03,008 - GRN 69980a50167dfac83f79cef5: vendorName raw='RAJ PRINTING SOLUTION', stripped='RAJ PRINTING SOLUTION', filter='None'
2026-03-03 20:31:03,008 - Matched GRN 69980a50167dfac83f79cef5: vendorName='RAJ PRINTING SOLUTION'
2026-03-03 20:31:03,008 - GRN 6996b5ba29a5f78e456adaac: vendorName raw='SRI JANANI AGENCIES', stripped='SRI JANANI AGENCIES', filter='None'
2026-03-03 20:31:03,008 - Matched GRN 6996b5ba29a5f78e456adaac: vendorName='SRI JANANI AGENCIES'
2026-03-03 20:31:03,008 - GRN 6996b59629a5f78e456adaa1: vendorName raw='SRI JANANI AGENCIES', stripped='SRI JANANI AGENCIES', filter='None'
2026-03-03 20:31:03,008 - Matched GRN 6996b59629a5f78e456adaa1: vendorName='SRI JANANI AGENCIES'
2026-03-03 20:31:03,009 - GRN 6996b2e829a5f78e456ada8e: vendorName raw='SRI JANANI AGENCIES', stripped='SRI JANANI AGENCIES', filter='None'
2026-03-03 20:31:03,009 - Matched GRN 6996b2e829a5f78e456ada8e: vendorName='SRI JANANI AGENCIES'
2026-03-03 20:31:03,009 - GRN 6996aee74c33ae4c560a6466: vendorName raw='SRI JANANI AGENCIES', stripped='SRI JANANI AGENCIES', filter='None'
2026-03-03 20:31:03,009 - Matched GRN 6996aee74c33ae4c560a6466: vendorName='SRI JANANI AGENCIES'
2026-03-03 20:31:03,011 - GRN 6996a25cd099fcddeb14359e: vendorName raw='SRI JANANI AGENCIES', stripped='SRI JANANI AGENCIES', filter='None'
2026-03-03 20:31:03,011 - Matched GRN 6996a25cd099fcddeb14359e: vendorName='SRI JANANI AGENCIES'
2026-03-03 20:31:03,011 - GRN 6996a024d099fcddeb143598: vendorName raw='SRI JANANI AGENCIES', stripped='SRI JANANI AGENCIES', filter='None'
2026-03-03 20:31:03,011 - Matched GRN 6996a024d099fcddeb143598: vendorName='SRI JANANI AGENCIES'
2026-03-03 20:31:03,011 - GRN 69969afa63eff5b997ff6b98: vendorName raw='SRI JANANI AGENCIES', stripped='SRI JANANI AGENCIES', filter='None'
2026-03-03 20:31:03,011 - Matched GRN 69969afa63eff5b997ff6b98: vendorName='SRI JANANI AGENCIES'
2026-03-03 20:31:03,013 - GRN 69969a0263eff5b997ff6b92: vendorName raw='SRI JANANI AGENCIES', stripped='SRI JANANI AGENCIES', filter='None'
2026-03-03 20:31:03,013 - Matched GRN 69969a0263eff5b997ff6b92: vendorName='SRI JANANI AGENCIES'
2026-03-03 20:31:03,014 - GRN 6996978063eff5b997ff6b84: vendorName raw='SRI JANANI AGENCIES', stripped='SRI JANANI AGENCIES', filter='None'
2026-03-03 20:31:03,014 - Matched GRN 6996978063eff5b997ff6b84: vendorName='SRI JANANI AGENCIES'
2026-03-03 20:31:03,014 - GRN 6995afb6449649e8663db557: vendorName raw='SRI JANANI AGENCIES', stripped='SRI JANANI AGENCIES', filter='None'
2026-03-03 20:31:03,015 - Matched GRN 6995afb6449649e8663db557: vendorName='SRI JANANI AGENCIES'
2026-03-03 20:31:03,015 - GRN 6995ae2f449649e8663db53f: vendorName raw='ARR AGENCIES', stripped='ARR AGENCIES', filter='None'
2026-03-03 20:31:03,015 - Matched GRN 6995ae2f449649e8663db53f: vendorName='ARR AGENCIES'
2026-03-03 20:31:03,015 - GRN 69944345ddbb591e2d47c124: vendorName raw='MURUGAN STORE', stripped='MURUGAN STORE', filter='None'
2026-03-03 20:31:03,015 - Matched GRN 69944345ddbb591e2d47c124: vendorName='MURUGAN STORE'
2026-03-03 20:31:03,016 - GRN 6992d97d826cd1300a5f0cce: vendorName raw='SRI JANANI AGENCIES', stripped='SRI JANANI AGENCIES', filter='None'
2026-03-03 20:31:03,016 - Matched GRN 6992d97d826cd1300a5f0cce: vendorName='SRI JANANI AGENCIES'
2026-03-03 20:31:03,016 - GRN 69943ef3f3254ba5acb94d26: vendorName raw='HANISH FOODS SHOP', stripped='HANISH FOODS SHOP', filter='None'
2026-03-03 20:31:03,017 - Matched GRN 69943ef3f3254ba5acb94d26: vendorName='HANISH FOODS SHOP'
2026-03-03 20:31:03,017 - Final filtered GRNs: 23 (skipped: 0 total fetched: 23)
2026-03-03 20:31:03,103 - Tenant context set: 698d68b26e0e40f613847b0c -> purchasetest
2026-03-03 20:31:03,758 - Tenant context set: 698d68b26e0e40f613847b0c -> purchasetest
2026-03-03 20:31:03,849 - Tenant context set: 698d68b26e0e40f613847b0c -> purchasetest
2026-03-03 20:31:04,249 - Tenant context set: 698d68b26e0e40f613847b0c -> purchasetest
2026-03-03 20:31:04,658 - Full MongoDB query: {'status': {'$in': ['Active', 'active', 'Partially Returned', 'PartiallyReturned']}}
2026-03-03 20:31:04,764 - Raw total matching GRNs: 23
2026-03-03 20:31:05,151 - Fetched 23 raw GRNs from cursor
2026-03-03 20:31:05,411 - GRN 69a135c5a9765cd70cbb736b: vendorName raw='SS AGENCY', stripped='SS AGENCY', filter='None'
2026-03-03 20:31:05,412 - Matched GRN 69a135c5a9765cd70cbb736b: vendorName='SS AGENCY'
2026-03-03 20:31:05,412 - GRN 699d99d56a6f9d358c97d8f5: vendorName raw='SRI BALAJI TRADERS', stripped='SRI BALAJI TRADERS', filter='None'
2026-03-03 20:31:05,412 - Matched GRN 699d99d56a6f9d358c97d8f5: vendorName='SRI BALAJI TRADERS'
2026-03-03 20:31:05,413 - GRN 699d915b6a6f9d358c97d8ea: vendorName raw='HANISH FOODS SHOP', stripped='HANISH FOODS SHOP', filter='None'
2026-03-03 20:31:05,413 - Matched GRN 699d915b6a6f9d358c97d8ea: vendorName='HANISH FOODS SHOP'
2026-03-03 20:31:05,413 - GRN 699d91386a6f9d358c97d8e6: vendorName raw='HANISH FOODS SHOP', stripped='HANISH FOODS SHOP', filter='None'
2026-03-03 20:31:05,413 - Matched GRN 699d91386a6f9d358c97d8e6: vendorName='HANISH FOODS SHOP'
2026-03-03 20:31:05,413 - GRN 699d8e0c9f900005f1e3c18e: vendorName raw='MAHIDARSHAN DAIRY FARM', stripped='MAHIDARSHAN DAIRY FARM', filter='None'
2026-03-03 20:31:05,414 - Matched GRN 699d8e0c9f900005f1e3c18e: vendorName='MAHIDARSHAN DAIRY FARM'
2026-03-03 20:31:05,414 - GRN 699d8dd39f900005f1e3c188: vendorName raw='MAHIDARSHAN DAIRY FARM', stripped='MAHIDARSHAN DAIRY FARM', filter='None'
2026-03-03 20:31:05,414 - Matched GRN 699d8dd39f900005f1e3c188: vendorName='MAHIDARSHAN DAIRY FARM'
2026-03-03 20:31:05,414 - GRN 699bfc4463679f169b7ef568: vendorName raw='MURUGAN STORE', stripped='MURUGAN STORE', filter='None'
2026-03-03 20:31:05,414 - Matched GRN 699bfc4463679f169b7ef568: vendorName='MURUGAN STORE'
2026-03-03 20:31:05,415 - GRN 699991b68c3eb2c19a18ef01: vendorName raw='NAMMAKADAI', stripped='NAMMAKADAI', filter='None'
2026-03-03 20:31:05,415 - Matched GRN 699991b68c3eb2c19a18ef01: vendorName='NAMMAKADAI'
2026-03-03 20:31:05,415 - GRN 69980a50167dfac83f79cef5: vendorName raw='RAJ PRINTING SOLUTION', stripped='RAJ PRINTING SOLUTION', filter='None'
2026-03-03 20:31:05,415 - Matched GRN 69980a50167dfac83f79cef5: vendorName='RAJ PRINTING SOLUTION'
2026-03-03 20:31:05,416 - GRN 6996b5ba29a5f78e456adaac: vendorName raw='SRI JANANI AGENCIES', stripped='SRI JANANI AGENCIES', filter='None'
2026-03-03 20:31:05,416 - Matched GRN 6996b5ba29a5f78e456adaac: vendorName='SRI JANANI AGENCIES'
2026-03-03 20:31:05,416 - GRN 6996b59629a5f78e456adaa1: vendorName raw='SRI JANANI AGENCIES', stripped='SRI JANANI AGENCIES', filter='None'
2026-03-03 20:31:05,416 - Matched GRN 6996b59629a5f78e456adaa1: vendorName='SRI JANANI AGENCIES'
2026-03-03 20:31:05,416 - GRN 6996b2e829a5f78e456ada8e: vendorName raw='SRI JANANI AGENCIES', stripped='SRI JANANI AGENCIES', filter='None'
2026-03-03 20:31:05,416 - Matched GRN 6996b2e829a5f78e456ada8e: vendorName='SRI JANANI AGENCIES'
2026-03-03 20:31:05,417 - GRN 6996aee74c33ae4c560a6466: vendorName raw='SRI JANANI AGENCIES', stripped='SRI JANANI AGENCIES', filter='None'
2026-03-03 20:31:05,417 - Matched GRN 6996aee74c33ae4c560a6466: vendorName='SRI JANANI AGENCIES'
2026-03-03 20:31:05,417 - GRN 6996a25cd099fcddeb14359e: vendorName raw='SRI JANANI AGENCIES', stripped='SRI JANANI AGENCIES', filter='None'
2026-03-03 20:31:05,417 - Matched GRN 6996a25cd099fcddeb14359e: vendorName='SRI JANANI AGENCIES'
2026-03-03 20:31:05,418 - GRN 6996a024d099fcddeb143598: vendorName raw='SRI JANANI AGENCIES', stripped='SRI JANANI AGENCIES', filter='None'
2026-03-03 20:31:05,418 - Matched GRN 6996a024d099fcddeb143598: vendorName='SRI JANANI AGENCIES'
2026-03-03 20:31:05,418 - GRN 69969afa63eff5b997ff6b98: vendorName raw='SRI JANANI AGENCIES', stripped='SRI JANANI AGENCIES', filter='None'
2026-03-03 20:31:05,418 - Matched GRN 69969afa63eff5b997ff6b98: vendorName='SRI JANANI AGENCIES'
2026-03-03 20:31:05,418 - GRN 69969a0263eff5b997ff6b92: vendorName raw='SRI JANANI AGENCIES', stripped='SRI JANANI AGENCIES', filter='None'
2026-03-03 20:31:05,419 - Matched GRN 69969a0263eff5b997ff6b92: vendorName='SRI JANANI AGENCIES'
2026-03-03 20:31:05,419 - GRN 6996978063eff5b997ff6b84: vendorName raw='SRI JANANI AGENCIES', stripped='SRI JANANI AGENCIES', filter='None'
2026-03-03 20:31:05,419 - Matched GRN 6996978063eff5b997ff6b84: vendorName='SRI JANANI AGENCIES'
2026-03-03 20:31:05,419 - GRN 6995afb6449649e8663db557: vendorName raw='SRI JANANI AGENCIES', stripped='SRI JANANI AGENCIES', filter='None'
2026-03-03 20:31:05,420 - Matched GRN 6995afb6449649e8663db557: vendorName='SRI JANANI AGENCIES'
2026-03-03 20:31:05,420 - GRN 6995ae2f449649e8663db53f: vendorName raw='ARR AGENCIES', stripped='ARR AGENCIES', filter='None'
2026-03-03 20:31:05,420 - Matched GRN 6995ae2f449649e8663db53f: vendorName='ARR AGENCIES'
2026-03-03 20:31:05,420 - GRN 69944345ddbb591e2d47c124: vendorName raw='MURUGAN STORE', stripped='MURUGAN STORE', filter='None'
2026-03-03 20:31:05,420 - Matched GRN 69944345ddbb591e2d47c124: vendorName='MURUGAN STORE'
2026-03-03 20:31:05,420 - GRN 6992d97d826cd1300a5f0cce: vendorName raw='SRI JANANI AGENCIES', stripped='SRI JANANI AGENCIES', filter='None'
2026-03-03 20:31:05,421 - Matched GRN 6992d97d826cd1300a5f0cce: vendorName='SRI JANANI AGENCIES'
2026-03-03 20:31:05,421 - GRN 69943ef3f3254ba5acb94d26: vendorName raw='HANISH FOODS SHOP', stripped='HANISH FOODS SHOP', filter='None'
2026-03-03 20:31:05,421 - Matched GRN 69943ef3f3254ba5acb94d26: vendorName='HANISH FOODS SHOP'
2026-03-03 20:31:05,421 - Final filtered GRNs: 23 (skipped: 0 total fetched: 23)
2026-03-03 20:31:17,950 - Tenant context set: 698d68b26e0e40f613847b0c -> purchasetest
2026-03-03 20:31:18,059 - Tenant context set: 698d68b26e0e40f613847b0c -> purchasetest
2026-03-03 20:31:18,162 - Tenant context set: 698d68b26e0e40f613847b0c -> purchasetest
2026-03-03 20:31:18,262 - Tenant context set: 698d68b26e0e40f613847b0c -> purchasetest
2026-03-03 20:31:19,160 - Tenant context set: 698d68b26e0e40f613847b0c -> purchasetest
2026-03-03 20:31:19,453 - Tenant context set: 698d68b26e0e40f613847b0c -> purchasetest
2026-03-03 20:31:19,555 - Tenant context set: 698d68b26e0e40f613847b0c -> purchasetest
2026-03-03 20:31:20,459 - Tenant context set: 698d68b26e0e40f613847b0c -> purchasetest
2026-03-03 20:33:08,146 - Tenant context set: 698d68b26e0e40f613847b0c -> purchasetest
2026-03-03 20:33:08,557 - Tenant context set: 698d68b26e0e40f613847b0c -> purchasetest
2026-03-03 20:33:08,856 - Tenant context set: 698d68b26e0e40f613847b0c -> purchasetest
2026-03-03 20:33:08,946 - Tenant context set: 698d68b26e0e40f613847b0c -> purchasetest
2026-03-03 20:33:09,246 - Tenant context set: 698d68b26e0e40f613847b0c -> purchasetest
2026-03-03 20:33:09,345 - Tenant context set: 698d68b26e0e40f613847b0c -> purchasetest
2026-03-03 20:33:10,648 - Tenant context set: 698d68b26e0e40f613847b0c -> purchasetest
2026-03-03 20:33:11,047 - Tenant context set: 698d68b26e0e40f613847b0c -> purchasetest
2026-03-03 20:33:15,150 - Tenant context set: 698d68b26e0e40f613847b0c -> purchasetest
2026-03-03 20:33:15,252 - Tenant context set: 698d68b26e0e40f613847b0c -> purchasetest
2026-03-03 20:33:15,348 - Tenant context set: 698d68b26e0e40f613847b0c -> purchasetest
2026-03-03 20:33:15,448 - Tenant context set: 698d68b26e0e40f613847b0c -> purchasetest
2026-03-03 20:33:16,347 - Tenant context set: 698d68b26e0e40f613847b0c -> purchasetest
2026-03-03 20:33:17,157 - Tenant context set: 698d68b26e0e40f613847b0c -> purchasetest
2026-03-03 20:33:17,552 - Tenant context set: 698d68b26e0e40f613847b0c -> purchasetest
2026-03-03 20:33:17,847 - Tenant context set: 698d68b26e0e40f613847b0c -> purchasetest
2026-03-03 20:33:30,960 - Tenant context set: 698d68b26e0e40f613847b0c -> purchasetest
2026-03-03 20:33:31,116 - Tenant context set: 698d68b26e0e40f613847b0c -> purchasetest
2026-03-03 20:33:31,787 - Tenant context set: 698d68b26e0e40f613847b0c -> purchasetest
2026-03-03 20:33:31,961 - Tenant context set: 698d68b26e0e40f613847b0c -> purchasetest
2026-03-03 20:33:32,147 - Tenant context set: 698d68b26e0e40f613847b0c -> purchasetest
2026-03-03 20:33:32,256 - ✅ Tenant 698d68b26e0e40f613847b0c async DB: purchasetest
2026-03-03 20:33:32,346 - Tenant context set: 698d68b26e0e40f613847b0c -> purchasetest
2026-03-03 20:33:33,453 - Fetching all storage locations
2026-03-03 20:33:33,846 - Tenant context set: 698d68b26e0e40f613847b0c -> purchasetest
2026-03-03 20:33:34,050 - Tenant context set: 698d68b26e0e40f613847b0c -> purchasetest
2026-03-03 20:33:34,050 - Retrieved 4 storage locations
2026-03-03 20:33:34,301 - Tenant context set: 698d68b26e0e40f613847b0c -> purchasetest
2026-03-03 20:33:34,465 - Tenant context set: 698d68b26e0e40f613847b0c -> purchasetest
2026-03-03 20:33:35,885 - Fetching all storage locations
2026-03-03 20:33:36,049 - Retrieved 4 storage locations
2026-03-03 20:33:45,886 - Tenant context set: 698d68b26e0e40f613847b0c -> purchasetest
2026-03-03 20:33:48,547 - Tenant context set: 698d68b26e0e40f613847b0c -> purchasetest
2026-03-03 20:33:49,147 - Tenant context set: 698d68b26e0e40f613847b0c -> purchasetest
2026-03-03 20:33:49,648 - Tenant context set: 698d68b26e0e40f613847b0c -> purchasetest
2026-03-03 20:33:51,711 - Tenant context set: 698d68b26e0e40f613847b0c -> purchasetest
2026-03-03 20:33:57,954 - Tenant context set: 698d68b26e0e40f613847b0c -> purchasetest
2026-03-03 20:34:02,183 - Tenant context set: 698d68b26e0e40f613847b0c -> purchasetest
2026-03-03 20:34:02,757 - Tenant context set: 698d68b26e0e40f613847b0c -> purchasetest
2026-03-03 20:34:16,571 - Tenant context set: 698d68b26e0e40f613847b0c -> purchasetest
2026-03-03 20:34:16,769 - Tenant context set: 698d68b26e0e40f613847b0c -> purchasetest
2026-03-03 20:34:25,704 - Tenant context set: 698d68b26e0e40f613847b0c -> purchasetest
2026-03-03 20:34:33,049 - Tenant context set: 698d68b26e0e40f613847b0c -> purchasetest
2026-03-03 20:34:36,946 - Tenant context set: 698d68b26e0e40f613847b0c -> purchasetest
2026-03-03 20:34:38,298 - Tenant context set: 698d68b26e0e40f613847b0c -> purchasetest
2026-03-03 21:06:04,622 - Tenant context set: 698d68b26e0e40f613847b0c -> purchasetest
2026-03-03 21:06:04,926 - Tenant context set: 698d68b26e0e40f613847b0c -> purchasetest
2026-03-03 21:06:05,027 - Tenant context set: 698d68b26e0e40f613847b0c -> purchasetest
2026-03-03 21:06:05,219 - Tenant context set: 698d68b26e0e40f613847b0c -> purchasetest
2026-03-03 21:06:05,521 - Tenant context set: 698d68b26e0e40f613847b0c -> purchasetest
2026-03-03 21:06:06,739 - Fetching all storage locations
2026-03-03 21:06:06,821 - Tenant context set: 698d68b26e0e40f613847b0c -> purchasetest
2026-03-03 21:06:06,919 - Tenant context set: 698d68b26e0e40f613847b0c -> purchasetest
2026-03-03 21:06:07,321 - Tenant context set: 698d68b26e0e40f613847b0c -> purchasetest
2026-03-03 21:06:07,422 - Tenant context set: 698d68b26e0e40f613847b0c -> purchasetest
2026-03-03 21:06:07,620 - Retrieved 4 storage locations
2026-03-03 21:06:07,739 - Tenant context set: 698d68b26e0e40f613847b0c -> purchasetest
2026-03-03 21:06:08,523 - Tenant context set: 698d68b26e0e40f613847b0c -> purchasetest
2026-03-03 21:06:08,832 - Tenant context set: 698d68b26e0e40f613847b0c -> purchasetest
2026-03-03 21:06:08,931 - Tenant context set: 698d68b26e0e40f613847b0c -> purchasetest
2026-03-03 21:06:09,426 - Tenant context set: 698d68b26e0e40f613847b0c -> purchasetest
2026-03-03 21:06:09,525 - Tenant context set: 698d68b26e0e40f613847b0c -> purchasetest
2026-03-03 21:06:09,831 - Fetching all storage locations
2026-03-03 21:06:09,926 - Tenant context set: 698d68b26e0e40f613847b0c -> purchasetest
2026-03-03 21:06:10,219 - Tenant context set: 698d68b26e0e40f613847b0c -> purchasetest
2026-03-03 21:06:10,926 - Tenant context set: 698d68b26e0e40f613847b0c -> purchasetest
2026-03-03 21:06:10,928 - Retrieved 4 storage locations
2026-03-03 21:06:11,252 - Tenant context set: 698d68b26e0e40f613847b0c -> purchasetest
2026-03-03 21:06:13,919 - Tenant context set: 698d68b26e0e40f613847b0c -> purchasetest
2026-03-03 21:06:14,019 - Tenant context set: 698d68b26e0e40f613847b0c -> purchasetest
2026-03-03 21:06:14,633 - Tenant context set: 698d68b26e0e40f613847b0c -> purchasetest
2026-03-03 21:06:14,721 - Tenant context set: 698d68b26e0e40f613847b0c -> purchasetest
2026-03-03 21:06:14,965 - Tenant context set: 698d68b26e0e40f613847b0c -> purchasetest
2026-03-03 21:06:15,342 - Tenant context set: 698d68b26e0e40f613847b0c -> purchasetest
2026-03-03 21:06:15,934 - Full MongoDB query: {'status': {'$in': ['Active', 'active', 'Partially Returned', 'PartiallyReturned']}}
2026-03-03 21:06:16,044 - Raw total matching GRNs: 20
2026-03-03 21:06:16,407 - Fetched 20 raw GRNs from cursor
2026-03-03 21:06:16,637 - GRN 699d91386a6f9d358c97d8e6: vendorName raw='HANISH FOODS SHOP', stripped='HANISH FOODS SHOP', filter='None'
2026-03-03 21:06:16,637 - Matched GRN 699d91386a6f9d358c97d8e6: vendorName='HANISH FOODS SHOP'
2026-03-03 21:06:16,640 - GRN 699d8e0c9f900005f1e3c18e: vendorName raw='MAHIDARSHAN DAIRY FARM', stripped='MAHIDARSHAN DAIRY FARM', filter='None'
2026-03-03 21:06:16,640 - Matched GRN 699d8e0c9f900005f1e3c18e: vendorName='MAHIDARSHAN DAIRY FARM'
2026-03-03 21:06:16,641 - GRN 699d8dd39f900005f1e3c188: vendorName raw='MAHIDARSHAN DAIRY FARM', stripped='MAHIDARSHAN DAIRY FARM', filter='None'
2026-03-03 21:06:16,641 - Matched GRN 699d8dd39f900005f1e3c188: vendorName='MAHIDARSHAN DAIRY FARM'
2026-03-03 21:06:16,642 - GRN 699bfc4463679f169b7ef568: vendorName raw='MURUGAN STORE', stripped='MURUGAN STORE', filter='None'
2026-03-03 21:06:16,642 - Matched GRN 699bfc4463679f169b7ef568: vendorName='MURUGAN STORE'
2026-03-03 21:06:16,643 - GRN 699991b68c3eb2c19a18ef01: vendorName raw='NAMMAKADAI', stripped='NAMMAKADAI', filter='None'
2026-03-03 21:06:16,644 - Matched GRN 699991b68c3eb2c19a18ef01: vendorName='NAMMAKADAI'
2026-03-03 21:06:16,646 - GRN 69980a50167dfac83f79cef5: vendorName raw='RAJ PRINTING SOLUTION', stripped='RAJ PRINTING SOLUTION', filter='None'
2026-03-03 21:06:16,646 - Matched GRN 69980a50167dfac83f79cef5: vendorName='RAJ PRINTING SOLUTION'
2026-03-03 21:06:16,647 - GRN 6996b5ba29a5f78e456adaac: vendorName raw='SRI JANANI AGENCIES', stripped='SRI JANANI AGENCIES', filter='None'
2026-03-03 21:06:16,648 - Matched GRN 6996b5ba29a5f78e456adaac: vendorName='SRI JANANI AGENCIES'
2026-03-03 21:06:16,651 - GRN 6996b59629a5f78e456adaa1: vendorName raw='SRI JANANI AGENCIES', stripped='SRI JANANI AGENCIES', filter='None'
2026-03-03 21:06:16,651 - Matched GRN 6996b59629a5f78e456adaa1: vendorName='SRI JANANI AGENCIES'
2026-03-03 21:06:16,653 - GRN 6996b2e829a5f78e456ada8e: vendorName raw='SRI JANANI AGENCIES', stripped='SRI JANANI AGENCIES', filter='None'
2026-03-03 21:06:16,653 - Matched GRN 6996b2e829a5f78e456ada8e: vendorName='SRI JANANI AGENCIES'
2026-03-03 21:06:16,653 - GRN 6996aee74c33ae4c560a6466: vendorName raw='SRI JANANI AGENCIES', stripped='SRI JANANI AGENCIES', filter='None'
2026-03-03 21:06:16,653 - Matched GRN 6996aee74c33ae4c560a6466: vendorName='SRI JANANI AGENCIES'
2026-03-03 21:06:16,655 - GRN 6996a25cd099fcddeb14359e: vendorName raw='SRI JANANI AGENCIES', stripped='SRI JANANI AGENCIES', filter='None'
2026-03-03 21:06:16,655 - Matched GRN 6996a25cd099fcddeb14359e: vendorName='SRI JANANI AGENCIES'
2026-03-03 21:06:16,655 - GRN 6996a024d099fcddeb143598: vendorName raw='SRI JANANI AGENCIES', stripped='SRI JANANI AGENCIES', filter='None'
2026-03-03 21:06:16,655 - Matched GRN 6996a024d099fcddeb143598: vendorName='SRI JANANI AGENCIES'
2026-03-03 21:06:16,655 - GRN 69969afa63eff5b997ff6b98: vendorName raw='SRI JANANI AGENCIES', stripped='SRI JANANI AGENCIES', filter='None'
2026-03-03 21:06:16,656 - Matched GRN 69969afa63eff5b997ff6b98: vendorName='SRI JANANI AGENCIES'
2026-03-03 21:06:16,656 - GRN 69969a0263eff5b997ff6b92: vendorName raw='SRI JANANI AGENCIES', stripped='SRI JANANI AGENCIES', filter='None'
2026-03-03 21:06:16,656 - Matched GRN 69969a0263eff5b997ff6b92: vendorName='SRI JANANI AGENCIES'
2026-03-03 21:06:16,657 - GRN 6996978063eff5b997ff6b84: vendorName raw='SRI JANANI AGENCIES', stripped='SRI JANANI AGENCIES', filter='None'
2026-03-03 21:06:16,657 - Matched GRN 6996978063eff5b997ff6b84: vendorName='SRI JANANI AGENCIES'
2026-03-03 21:06:16,658 - GRN 6995afb6449649e8663db557: vendorName raw='SRI JANANI AGENCIES', stripped='SRI JANANI AGENCIES', filter='None'
2026-03-03 21:06:16,658 - Matched GRN 6995afb6449649e8663db557: vendorName='SRI JANANI AGENCIES'
2026-03-03 21:06:16,659 - GRN 6995ae2f449649e8663db53f: vendorName raw='ARR AGENCIES', stripped='ARR AGENCIES', filter='None'
2026-03-03 21:06:16,659 - Matched GRN 6995ae2f449649e8663db53f: vendorName='ARR AGENCIES'
2026-03-03 21:06:16,659 - GRN 69944345ddbb591e2d47c124: vendorName raw='MURUGAN STORE', stripped='MURUGAN STORE', filter='None'
2026-03-03 21:06:16,660 - Matched GRN 69944345ddbb591e2d47c124: vendorName='MURUGAN STORE'
2026-03-03 21:06:16,660 - GRN 6992d97d826cd1300a5f0cce: vendorName raw='SRI JANANI AGENCIES', stripped='SRI JANANI AGENCIES', filter='None'
2026-03-03 21:06:16,660 - Matched GRN 6992d97d826cd1300a5f0cce: vendorName='SRI JANANI AGENCIES'
2026-03-03 21:06:16,661 - GRN 69943ef3f3254ba5acb94d26: vendorName raw='HANISH FOODS SHOP', stripped='HANISH FOODS SHOP', filter='None'
2026-03-03 21:06:16,661 - Matched GRN 69943ef3f3254ba5acb94d26: vendorName='HANISH FOODS SHOP'
2026-03-03 21:06:16,661 - Final filtered GRNs: 20 (skipped: 0 total fetched: 20)
2026-03-03 21:06:16,831 - Tenant context set: 698d68b26e0e40f613847b0c -> purchasetest
2026-03-03 21:06:17,125 - Tenant context set: 698d68b26e0e40f613847b0c -> purchasetest
2026-03-03 21:06:17,376 - Tenant context set: 698d68b26e0e40f613847b0c -> purchasetest
2026-03-03 21:06:17,595 - Tenant context set: 698d68b26e0e40f613847b0c -> purchasetest
2026-03-03 21:06:18,020 - Full MongoDB query: {'status': {'$in': ['Active', 'active', 'Partially Returned', 'PartiallyReturned']}}
2026-03-03 21:06:18,122 - Raw total matching GRNs: 20
2026-03-03 21:06:18,458 - Fetched 20 raw GRNs from cursor
2026-03-03 21:06:18,622 - GRN 699d91386a6f9d358c97d8e6: vendorName raw='HANISH FOODS SHOP', stripped='HANISH FOODS SHOP', filter='None'
2026-03-03 21:06:18,623 - Matched GRN 699d91386a6f9d358c97d8e6: vendorName='HANISH FOODS SHOP'
2026-03-03 21:06:18,623 - GRN 699d8e0c9f900005f1e3c18e: vendorName raw='MAHIDARSHAN DAIRY FARM', stripped='MAHIDARSHAN DAIRY FARM', filter='None'
2026-03-03 21:06:18,624 - Matched GRN 699d8e0c9f900005f1e3c18e: vendorName='MAHIDARSHAN DAIRY FARM'
2026-03-03 21:06:18,624 - GRN 699d8dd39f900005f1e3c188: vendorName raw='MAHIDARSHAN DAIRY FARM', stripped='MAHIDARSHAN DAIRY FARM', filter='None'
2026-03-03 21:06:18,625 - Matched GRN 699d8dd39f900005f1e3c188: vendorName='MAHIDARSHAN DAIRY FARM'
2026-03-03 21:06:18,625 - GRN 699bfc4463679f169b7ef568: vendorName raw='MURUGAN STORE', stripped='MURUGAN STORE', filter='None'
2026-03-03 21:06:18,625 - Matched GRN 699bfc4463679f169b7ef568: vendorName='MURUGAN STORE'
2026-03-03 21:06:18,626 - GRN 699991b68c3eb2c19a18ef01: vendorName raw='NAMMAKADAI', stripped='NAMMAKADAI', filter='None'
2026-03-03 21:06:18,627 - Matched GRN 699991b68c3eb2c19a18ef01: vendorName='NAMMAKADAI'
2026-03-03 21:06:18,628 - GRN 69980a50167dfac83f79cef5: vendorName raw='RAJ PRINTING SOLUTION', stripped='RAJ PRINTING SOLUTION', filter='None'
2026-03-03 21:06:18,629 - Matched GRN 69980a50167dfac83f79cef5: vendorName='RAJ PRINTING SOLUTION'
2026-03-03 21:06:18,630 - GRN 6996b5ba29a5f78e456adaac: vendorName raw='SRI JANANI AGENCIES', stripped='SRI JANANI AGENCIES', filter='None'
2026-03-03 21:06:18,632 - Matched GRN 6996b5ba29a5f78e456adaac: vendorName='SRI JANANI AGENCIES'
2026-03-03 21:06:18,632 - GRN 6996b59629a5f78e456adaa1: vendorName raw='SRI JANANI AGENCIES', stripped='SRI JANANI AGENCIES', filter='None'
2026-03-03 21:06:18,632 - Matched GRN 6996b59629a5f78e456adaa1: vendorName='SRI JANANI AGENCIES'
2026-03-03 21:06:18,633 - GRN 6996b2e829a5f78e456ada8e: vendorName raw='SRI JANANI AGENCIES', stripped='SRI JANANI AGENCIES', filter='None'
2026-03-03 21:06:18,634 - Matched GRN 6996b2e829a5f78e456ada8e: vendorName='SRI JANANI AGENCIES'
2026-03-03 21:06:18,635 - GRN 6996aee74c33ae4c560a6466: vendorName raw='SRI JANANI AGENCIES', stripped='SRI JANANI AGENCIES', filter='None'
2026-03-03 21:06:18,635 - Matched GRN 6996aee74c33ae4c560a6466: vendorName='SRI JANANI AGENCIES'
2026-03-03 21:06:18,636 - GRN 6996a25cd099fcddeb14359e: vendorName raw='SRI JANANI AGENCIES', stripped='SRI JANANI AGENCIES', filter='None'
2026-03-03 21:06:18,636 - Matched GRN 6996a25cd099fcddeb14359e: vendorName='SRI JANANI AGENCIES'
2026-03-03 21:06:18,637 - GRN 6996a024d099fcddeb143598: vendorName raw='SRI JANANI AGENCIES', stripped='SRI JANANI AGENCIES', filter='None'
2026-03-03 21:06:18,637 - Matched GRN 6996a024d099fcddeb143598: vendorName='SRI JANANI AGENCIES'
2026-03-03 21:06:18,637 - GRN 69969afa63eff5b997ff6b98: vendorName raw='SRI JANANI AGENCIES', stripped='SRI JANANI AGENCIES', filter='None'
2026-03-03 21:06:18,637 - Matched GRN 69969afa63eff5b997ff6b98: vendorName='SRI JANANI AGENCIES'
2026-03-03 21:06:18,638 - GRN 69969a0263eff5b997ff6b92: vendorName raw='SRI JANANI AGENCIES', stripped='SRI JANANI AGENCIES', filter='None'
2026-03-03 21:06:18,638 - Matched GRN 69969a0263eff5b997ff6b92: vendorName='SRI JANANI AGENCIES'
2026-03-03 21:06:18,639 - GRN 6996978063eff5b997ff6b84: vendorName raw='SRI JANANI AGENCIES', stripped='SRI JANANI AGENCIES', filter='None'
2026-03-03 21:06:18,639 - Matched GRN 6996978063eff5b997ff6b84: vendorName='SRI JANANI AGENCIES'
2026-03-03 21:06:18,639 - GRN 6995afb6449649e8663db557: vendorName raw='SRI JANANI AGENCIES', stripped='SRI JANANI AGENCIES', filter='None'
2026-03-03 21:06:18,640 - Matched GRN 6995afb6449649e8663db557: vendorName='SRI JANANI AGENCIES'
2026-03-03 21:06:18,640 - GRN 6995ae2f449649e8663db53f: vendorName raw='ARR AGENCIES', stripped='ARR AGENCIES', filter='None'
2026-03-03 21:06:18,640 - Matched GRN 6995ae2f449649e8663db53f: vendorName='ARR AGENCIES'
2026-03-03 21:06:18,641 - GRN 69944345ddbb591e2d47c124: vendorName raw='MURUGAN STORE', stripped='MURUGAN STORE', filter='None'
2026-03-03 21:06:18,641 - Matched GRN 69944345ddbb591e2d47c124: vendorName='MURUGAN STORE'
2026-03-03 21:06:18,642 - GRN 6992d97d826cd1300a5f0cce: vendorName raw='SRI JANANI AGENCIES', stripped='SRI JANANI AGENCIES', filter='None'
2026-03-03 21:06:18,643 - Matched GRN 6992d97d826cd1300a5f0cce: vendorName='SRI JANANI AGENCIES'
2026-03-03 21:06:18,643 - GRN 69943ef3f3254ba5acb94d26: vendorName raw='HANISH FOODS SHOP', stripped='HANISH FOODS SHOP', filter='None'
2026-03-03 21:06:18,643 - Matched GRN 69943ef3f3254ba5acb94d26: vendorName='HANISH FOODS SHOP'
2026-03-03 21:06:18,644 - Final filtered GRNs: 20 (skipped: 0 total fetched: 20)
2026-03-03 21:06:23,627 - Tenant context set: 698d68b26e0e40f613847b0c -> purchasetest
2026-03-03 21:06:24,034 - ====================================================================================================
2026-03-03 21:06:24,035 - 🔄 INITIATING GRN REVERT - GRN ID: 699d91386a6f9d358c97d8e6
2026-03-03 21:06:24,036 - Associated PO ID: 699d91026a6f9d358c97d8e4
2026-03-03 21:06:24,037 - ====================================================================================================
2026-03-03 21:06:24,037 - GRN_REVERT_START|grn_id=699d91386a6f9d358c97d8e6|po_id=699d91026a6f9d358c97d8e4
2026-03-03 21:06:24,047 - Reversed GRN for item 699d90fc6a6f9d358c97d8de: totalReceivedQuantity now 0.00, pending 100.00, expiryDate cleared
2026-03-03 21:06:24,047 - PO_ITEM_REVERT|item_id=699d90fc6a6f9d358c97d8de|randomId=PI002|qty_removed=100.00|new_total=0.00
2026-03-03 21:06:24,051 - ✅ Step 1: PO items updated - 1 items reversed
2026-03-03 21:06:24,054 - ====================================================================================================
2026-03-03 21:06:24,055 - STOCK UPDATE - REVERT (SUBTRACT)
2026-03-03 21:06:24,056 - Timestamp: 2026-03-03 21:06:24.053734+05:30
2026-03-03 21:06:24,056 - Total items to process: 1
2026-03-03 21:06:24,057 - ====================================================================================================
2026-03-03 21:06:24,057 - 
--- Processing Item 1/1 ---
2026-03-03 21:06:24,058 - Item RandomId: PI002
2026-03-03 21:06:24,058 - Item Name: FCM MILK 2L
2026-03-03 21:06:24,058 - Location: WH001
2026-03-03 21:06:24,059 - Quantity Change: -100.00 (SUBTRACT 100.0)
2026-03-03 21:06:24,223 - Item Master Stock Calculation: 877.00 + (-100.00) = 777.00
2026-03-03 21:06:24,426 - ✅ PURCHASEITEM UPDATED - Total Stock: 877.00 -> 777.00 (Change: -100.00)
2026-03-03 21:06:24,528 - ⚠️ No existing inventory record for location WH001. Creating with 0 stock.
2026-03-03 21:06:24,622 - ✅ INVENTORY CREATED for Location WH001 with stock: 0.00
2026-03-03 21:06:24,623 - ====================================================================================================
📊 STOCK UPDATE COMPLETE SUMMARY
====================================================================================================
Operation Type: REVERT (SUBTRACT)
Total Items Processed: 1
Successful: 1
Failed: 0

📦 PURCHASEITEM UPDATES (Item Master):
   - Total Stock Updates: 1

📍 INVENTORY UPDATES (Location-Based):
   - Location Updates: 0
   - Location Creates: 1
   - Errors: 0
====================================================================================================
2026-03-03 21:06:24,624 - ✅ Step 2: Stock quantities reversed in purchaseitem and inventory
2026-03-03 21:06:24,624 -    - PurchaseItem updates: 1
2026-03-03 21:06:24,624 -    - Inventory updates: 0
2026-03-03 21:06:24,625 -    - Inventory creates: 1
2026-03-03 21:06:24,625 - ✅ Step 3: PO totals recalculated
2026-03-03 21:06:24,628 - ✅ Step 4: Status determined - PO Status: Approved, Item Status: Pending
2026-03-03 21:06:24,836 - ✅ Step 5: GRN marked as reverted with canBeReUpdated=True
2026-03-03 21:06:25,031 - ✅ Step 6: PO updated successfully
2026-03-03 21:06:25,032 - 
====================================================================================================
✅ GRN REVERT COMPLETED SUCCESSFULLY
====================================================================================================
GRN ID: 699d91386a6f9d358c97d8e6
PO ID: 699d91026a6f9d358c97d8e4
New PO Status: Approved
Items Reversed: 1
Stock Updates:
  - PurchaseItem Updates: 1
  - Inventory Updates: 0
  - Inventory Creates: 1
Total Order Amount: 0.00
Pending Order Amount: 21000.00
Can Be Re-Updated: True
====================================================================================================
        
2026-03-03 21:06:25,032 - GRN_REVERT_COMPLETE|grn_id=699d91386a6f9d358c97d8e6|po_id=699d91026a6f9d358c97d8e4|status=Approved|items_reversed=1|stock_updates={'success': True, 'totalProcessed': 1, 'successful': 1, 'failed': 0, 'items': [{'randomId': 'PI002', 'itemName': 'FCM MILK 2L', 'stockChange': -100.0, 'newStock': 777.0, 'locationStockChange': 0, 'newLocationStock': 0, 'locationId': 'WH001', 'priceUpdated': False, 'status': 'success', 'reason': None}], 'timestamp': '2026-03-03T21:06:24.053734+05:30', 'purchaseitem_updates': 1, 'inventory_updates': 0, 'inventory_creates': 1, 'errors': 0}
2026-03-03 21:06:25,037 - GRN_REVERT|grn_id=699d91386a6f9d358c97d8e6|po_id=699d91026a6f9d358c97d8e4|timestamp=2026-03-03 21:06:24.628841+05:30
2026-03-03 21:06:25,582 - Tenant context set: 698d68b26e0e40f613847b0c -> purchasetest
2026-03-03 21:06:26,023 - Full MongoDB query: {'status': {'$in': ['Active', 'active', 'Partially Returned', 'PartiallyReturned']}}
2026-03-03 21:06:26,121 - Raw total matching GRNs: 19
2026-03-03 21:06:26,434 - Fetched 19 raw GRNs from cursor
2026-03-03 21:06:26,637 - GRN 699d8e0c9f900005f1e3c18e: vendorName raw='MAHIDARSHAN DAIRY FARM', stripped='MAHIDARSHAN DAIRY FARM', filter='None'
2026-03-03 21:06:26,637 - Matched GRN 699d8e0c9f900005f1e3c18e: vendorName='MAHIDARSHAN DAIRY FARM'
2026-03-03 21:06:26,638 - GRN 699d8dd39f900005f1e3c188: vendorName raw='MAHIDARSHAN DAIRY FARM', stripped='MAHIDARSHAN DAIRY FARM', filter='None'
2026-03-03 21:06:26,639 - Matched GRN 699d8dd39f900005f1e3c188: vendorName='MAHIDARSHAN DAIRY FARM'
2026-03-03 21:06:26,640 - GRN 699bfc4463679f169b7ef568: vendorName raw='MURUGAN STORE', stripped='MURUGAN STORE', filter='None'
2026-03-03 21:06:26,640 - Matched GRN 699bfc4463679f169b7ef568: vendorName='MURUGAN STORE'
2026-03-03 21:06:26,647 - GRN 699991b68c3eb2c19a18ef01: vendorName raw='NAMMAKADAI', stripped='NAMMAKADAI', filter='None'
2026-03-03 21:06:26,648 - Matched GRN 699991b68c3eb2c19a18ef01: vendorName='NAMMAKADAI'
2026-03-03 21:06:26,649 - GRN 69980a50167dfac83f79cef5: vendorName raw='RAJ PRINTING SOLUTION', stripped='RAJ PRINTING SOLUTION', filter='None'
2026-03-03 21:06:26,650 - Matched GRN 69980a50167dfac83f79cef5: vendorName='RAJ PRINTING SOLUTION'
2026-03-03 21:06:26,651 - GRN 6996b5ba29a5f78e456adaac: vendorName raw='SRI JANANI AGENCIES', stripped='SRI JANANI AGENCIES', filter='None'
2026-03-03 21:06:26,651 - Matched GRN 6996b5ba29a5f78e456adaac: vendorName='SRI JANANI AGENCIES'
2026-03-03 21:06:26,653 - GRN 6996b59629a5f78e456adaa1: vendorName raw='SRI JANANI AGENCIES', stripped='SRI JANANI AGENCIES', filter='None'
2026-03-03 21:06:26,653 - Matched GRN 6996b59629a5f78e456adaa1: vendorName='SRI JANANI AGENCIES'
2026-03-03 21:06:26,654 - GRN 6996b2e829a5f78e456ada8e: vendorName raw='SRI JANANI AGENCIES', stripped='SRI JANANI AGENCIES', filter='None'
2026-03-03 21:06:26,655 - Matched GRN 6996b2e829a5f78e456ada8e: vendorName='SRI JANANI AGENCIES'
2026-03-03 21:06:26,656 - GRN 6996aee74c33ae4c560a6466: vendorName raw='SRI JANANI AGENCIES', stripped='SRI JANANI AGENCIES', filter='None'
2026-03-03 21:06:26,656 - Matched GRN 6996aee74c33ae4c560a6466: vendorName='SRI JANANI AGENCIES'
2026-03-03 21:06:26,658 - GRN 6996a25cd099fcddeb14359e: vendorName raw='SRI JANANI AGENCIES', stripped='SRI JANANI AGENCIES', filter='None'
2026-03-03 21:06:26,660 - Matched GRN 6996a25cd099fcddeb14359e: vendorName='SRI JANANI AGENCIES'
2026-03-03 21:06:26,662 - GRN 6996a024d099fcddeb143598: vendorName raw='SRI JANANI AGENCIES', stripped='SRI JANANI AGENCIES', filter='None'
2026-03-03 21:06:26,664 - Matched GRN 6996a024d099fcddeb143598: vendorName='SRI JANANI AGENCIES'
2026-03-03 21:06:26,667 - GRN 69969afa63eff5b997ff6b98: vendorName raw='SRI JANANI AGENCIES', stripped='SRI JANANI AGENCIES', filter='None'
2026-03-03 21:06:26,667 - Matched GRN 69969afa63eff5b997ff6b98: vendorName='SRI JANANI AGENCIES'
2026-03-03 21:06:26,668 - GRN 69969a0263eff5b997ff6b92: vendorName raw='SRI JANANI AGENCIES', stripped='SRI JANANI AGENCIES', filter='None'
2026-03-03 21:06:26,669 - Matched GRN 69969a0263eff5b997ff6b92: vendorName='SRI JANANI AGENCIES'
2026-03-03 21:06:26,670 - GRN 6996978063eff5b997ff6b84: vendorName raw='SRI JANANI AGENCIES', stripped='SRI JANANI AGENCIES', filter='None'
2026-03-03 21:06:26,670 - Matched GRN 6996978063eff5b997ff6b84: vendorName='SRI JANANI AGENCIES'
2026-03-03 21:06:26,671 - GRN 6995afb6449649e8663db557: vendorName raw='SRI JANANI AGENCIES', stripped='SRI JANANI AGENCIES', filter='None'
2026-03-03 21:06:26,672 - Matched GRN 6995afb6449649e8663db557: vendorName='SRI JANANI AGENCIES'
2026-03-03 21:06:26,673 - GRN 6995ae2f449649e8663db53f: vendorName raw='ARR AGENCIES', stripped='ARR AGENCIES', filter='None'
2026-03-03 21:06:26,673 - Matched GRN 6995ae2f449649e8663db53f: vendorName='ARR AGENCIES'
2026-03-03 21:06:26,674 - GRN 69944345ddbb591e2d47c124: vendorName raw='MURUGAN STORE', stripped='MURUGAN STORE', filter='None'
2026-03-03 21:06:26,677 - Matched GRN 69944345ddbb591e2d47c124: vendorName='MURUGAN STORE'
2026-03-03 21:06:26,680 - GRN 6992d97d826cd1300a5f0cce: vendorName raw='SRI JANANI AGENCIES', stripped='SRI JANANI AGENCIES', filter='None'
2026-03-03 21:06:26,681 - Matched GRN 6992d97d826cd1300a5f0cce: vendorName='SRI JANANI AGENCIES'
2026-03-03 21:06:26,683 - GRN 69943ef3f3254ba5acb94d26: vendorName raw='HANISH FOODS SHOP', stripped='HANISH FOODS SHOP', filter='None'
2026-03-03 21:06:26,684 - Matched GRN 69943ef3f3254ba5acb94d26: vendorName='HANISH FOODS SHOP'
2026-03-03 21:06:26,685 - Final filtered GRNs: 19 (skipped: 0 total fetched: 19)
2026-03-03 21:06:57,425 - Tenant context set: 698d68b26e0e40f613847b0c -> purchasetest
2026-03-03 21:07:24,372 - Tenant context set: 698d68b26e0e40f613847b0c -> purchasetest
2026-03-03 21:07:24,831 - Tenant context set: 698d68b26e0e40f613847b0c -> purchasetest
2026-03-03 21:07:25,124 - Tenant context set: 698d68b26e0e40f613847b0c -> purchasetest
2026-03-03 21:07:39,719 - Tenant context set: 698d68b26e0e40f613847b0c -> purchasetest
2026-03-03 21:07:39,842 - Tenant context set: 698d68b26e0e40f613847b0c -> purchasetest
2026-03-03 21:07:40,234 - Tenant context set: 698d68b26e0e40f613847b0c -> purchasetest
2026-03-03 21:07:40,332 - Tenant context set: 698d68b26e0e40f613847b0c -> purchasetest
2026-03-03 21:07:40,934 - Tenant context set: 698d68b26e0e40f613847b0c -> purchasetest
2026-03-03 21:07:41,220 - Full MongoDB query: {'status': {'$in': ['Active', 'active', 'Partially Returned', 'PartiallyReturned']}}
2026-03-03 21:07:41,370 - Raw total matching GRNs: 19
2026-03-03 21:07:41,722 - Fetched 19 raw GRNs from cursor
2026-03-03 21:07:41,920 - GRN 699d8e0c9f900005f1e3c18e: vendorName raw='MAHIDARSHAN DAIRY FARM', stripped='MAHIDARSHAN DAIRY FARM', filter='None'
2026-03-03 21:07:41,920 - Matched GRN 699d8e0c9f900005f1e3c18e: vendorName='MAHIDARSHAN DAIRY FARM'
2026-03-03 21:07:41,921 - GRN 699d8dd39f900005f1e3c188: vendorName raw='MAHIDARSHAN DAIRY FARM', stripped='MAHIDARSHAN DAIRY FARM', filter='None'
2026-03-03 21:07:41,921 - Matched GRN 699d8dd39f900005f1e3c188: vendorName='MAHIDARSHAN DAIRY FARM'
2026-03-03 21:07:41,921 - GRN 699bfc4463679f169b7ef568: vendorName raw='MURUGAN STORE', stripped='MURUGAN STORE', filter='None'
2026-03-03 21:07:41,921 - Matched GRN 699bfc4463679f169b7ef568: vendorName='MURUGAN STORE'
2026-03-03 21:07:41,921 - GRN 699991b68c3eb2c19a18ef01: vendorName raw='NAMMAKADAI', stripped='NAMMAKADAI', filter='None'
2026-03-03 21:07:41,922 - Matched GRN 699991b68c3eb2c19a18ef01: vendorName='NAMMAKADAI'
2026-03-03 21:07:41,922 - GRN 69980a50167dfac83f79cef5: vendorName raw='RAJ PRINTING SOLUTION', stripped='RAJ PRINTING SOLUTION', filter='None'
2026-03-03 21:07:41,922 - Matched GRN 69980a50167dfac83f79cef5: vendorName='RAJ PRINTING SOLUTION'
2026-03-03 21:07:41,922 - GRN 6996b5ba29a5f78e456adaac: vendorName raw='SRI JANANI AGENCIES', stripped='SRI JANANI AGENCIES', filter='None'
2026-03-03 21:07:41,922 - Matched GRN 6996b5ba29a5f78e456adaac: vendorName='SRI JANANI AGENCIES'
2026-03-03 21:07:41,922 - GRN 6996b59629a5f78e456adaa1: vendorName raw='SRI JANANI AGENCIES', stripped='SRI JANANI AGENCIES', filter='None'
2026-03-03 21:07:41,922 - Matched GRN 6996b59629a5f78e456adaa1: vendorName='SRI JANANI AGENCIES'
2026-03-03 21:07:41,923 - GRN 6996b2e829a5f78e456ada8e: vendorName raw='SRI JANANI AGENCIES', stripped='SRI JANANI AGENCIES', filter='None'
2026-03-03 21:07:41,923 - Matched GRN 6996b2e829a5f78e456ada8e: vendorName='SRI JANANI AGENCIES'
2026-03-03 21:07:41,923 - GRN 6996aee74c33ae4c560a6466: vendorName raw='SRI JANANI AGENCIES', stripped='SRI JANANI AGENCIES', filter='None'
2026-03-03 21:07:41,923 - Matched GRN 6996aee74c33ae4c560a6466: vendorName='SRI JANANI AGENCIES'
2026-03-03 21:07:41,923 - GRN 6996a25cd099fcddeb14359e: vendorName raw='SRI JANANI AGENCIES', stripped='SRI JANANI AGENCIES', filter='None'
2026-03-03 21:07:41,923 - Matched GRN 6996a25cd099fcddeb14359e: vendorName='SRI JANANI AGENCIES'
2026-03-03 21:07:41,923 - GRN 6996a024d099fcddeb143598: vendorName raw='SRI JANANI AGENCIES', stripped='SRI JANANI AGENCIES', filter='None'
2026-03-03 21:07:41,923 - Matched GRN 6996a024d099fcddeb143598: vendorName='SRI JANANI AGENCIES'
2026-03-03 21:07:41,924 - GRN 69969afa63eff5b997ff6b98: vendorName raw='SRI JANANI AGENCIES', stripped='SRI JANANI AGENCIES', filter='None'
2026-03-03 21:07:41,924 - Matched GRN 69969afa63eff5b997ff6b98: vendorName='SRI JANANI AGENCIES'
2026-03-03 21:07:41,924 - GRN 69969a0263eff5b997ff6b92: vendorName raw='SRI JANANI AGENCIES', stripped='SRI JANANI AGENCIES', filter='None'
2026-03-03 21:07:41,924 - Matched GRN 69969a0263eff5b997ff6b92: vendorName='SRI JANANI AGENCIES'
2026-03-03 21:07:41,924 - GRN 6996978063eff5b997ff6b84: vendorName raw='SRI JANANI AGENCIES', stripped='SRI JANANI AGENCIES', filter='None'
2026-03-03 21:07:41,924 - Matched GRN 6996978063eff5b997ff6b84: vendorName='SRI JANANI AGENCIES'
2026-03-03 21:07:41,924 - GRN 6995afb6449649e8663db557: vendorName raw='SRI JANANI AGENCIES', stripped='SRI JANANI AGENCIES', filter='None'
2026-03-03 21:07:41,925 - Matched GRN 6995afb6449649e8663db557: vendorName='SRI JANANI AGENCIES'
2026-03-03 21:07:41,925 - GRN 6995ae2f449649e8663db53f: vendorName raw='ARR AGENCIES', stripped='ARR AGENCIES', filter='None'
2026-03-03 21:07:41,925 - Matched GRN 6995ae2f449649e8663db53f: vendorName='ARR AGENCIES'
2026-03-03 21:07:41,925 - GRN 69944345ddbb591e2d47c124: vendorName raw='MURUGAN STORE', stripped='MURUGAN STORE', filter='None'
2026-03-03 21:07:41,925 - Matched GRN 69944345ddbb591e2d47c124: vendorName='MURUGAN STORE'
2026-03-03 21:07:41,926 - GRN 6992d97d826cd1300a5f0cce: vendorName raw='SRI JANANI AGENCIES', stripped='SRI JANANI AGENCIES', filter='None'
2026-03-03 21:07:41,926 - Matched GRN 6992d97d826cd1300a5f0cce: vendorName='SRI JANANI AGENCIES'
2026-03-03 21:07:41,926 - GRN 69943ef3f3254ba5acb94d26: vendorName raw='HANISH FOODS SHOP', stripped='HANISH FOODS SHOP', filter='None'
2026-03-03 21:07:41,926 - Matched GRN 69943ef3f3254ba5acb94d26: vendorName='HANISH FOODS SHOP'
2026-03-03 21:07:41,926 - Final filtered GRNs: 19 (skipped: 0 total fetched: 19)
2026-03-03 21:07:42,034 - Tenant context set: 698d68b26e0e40f613847b0c -> purchasetest
2026-03-03 21:07:42,501 - Tenant context set: 698d68b26e0e40f613847b0c -> purchasetest
2026-03-03 21:07:42,720 - Tenant context set: 698d68b26e0e40f613847b0c -> purchasetest
2026-03-03 21:07:43,021 - Tenant context set: 698d68b26e0e40f613847b0c -> purchasetest
2026-03-03 21:07:43,120 - Tenant context set: 698d68b26e0e40f613847b0c -> purchasetest
2026-03-03 21:07:43,645 - Full MongoDB query: {'status': {'$in': ['Active', 'active', 'Partially Returned', 'PartiallyReturned']}}
2026-03-03 21:07:43,718 - Raw total matching GRNs: 19
2026-03-03 21:07:44,125 - Fetched 19 raw GRNs from cursor
2026-03-03 21:07:44,326 - GRN 699d8e0c9f900005f1e3c18e: vendorName raw='MAHIDARSHAN DAIRY FARM', stripped='MAHIDARSHAN DAIRY FARM', filter='None'
2026-03-03 21:07:44,326 - Matched GRN 699d8e0c9f900005f1e3c18e: vendorName='MAHIDARSHAN DAIRY FARM'
2026-03-03 21:07:44,326 - GRN 699d8dd39f900005f1e3c188: vendorName raw='MAHIDARSHAN DAIRY FARM', stripped='MAHIDARSHAN DAIRY FARM', filter='None'
2026-03-03 21:07:44,326 - Matched GRN 699d8dd39f900005f1e3c188: vendorName='MAHIDARSHAN DAIRY FARM'
2026-03-03 21:07:44,327 - GRN 699bfc4463679f169b7ef568: vendorName raw='MURUGAN STORE', stripped='MURUGAN STORE', filter='None'
2026-03-03 21:07:44,327 - Matched GRN 699bfc4463679f169b7ef568: vendorName='MURUGAN STORE'
2026-03-03 21:07:44,327 - GRN 699991b68c3eb2c19a18ef01: vendorName raw='NAMMAKADAI', stripped='NAMMAKADAI', filter='None'
2026-03-03 21:07:44,327 - Matched GRN 699991b68c3eb2c19a18ef01: vendorName='NAMMAKADAI'
2026-03-03 21:07:44,328 - GRN 69980a50167dfac83f79cef5: vendorName raw='RAJ PRINTING SOLUTION', stripped='RAJ PRINTING SOLUTION', filter='None'
2026-03-03 21:07:44,328 - Matched GRN 69980a50167dfac83f79cef5: vendorName='RAJ PRINTING SOLUTION'
2026-03-03 21:07:44,328 - GRN 6996b5ba29a5f78e456adaac: vendorName raw='SRI JANANI AGENCIES', stripped='SRI JANANI AGENCIES', filter='None'
2026-03-03 21:07:44,328 - Matched GRN 6996b5ba29a5f78e456adaac: vendorName='SRI JANANI AGENCIES'
2026-03-03 21:07:44,328 - GRN 6996b59629a5f78e456adaa1: vendorName raw='SRI JANANI AGENCIES', stripped='SRI JANANI AGENCIES', filter='None'
2026-03-03 21:07:44,328 - Matched GRN 6996b59629a5f78e456adaa1: vendorName='SRI JANANI AGENCIES'
2026-03-03 21:07:44,329 - GRN 6996b2e829a5f78e456ada8e: vendorName raw='SRI JANANI AGENCIES', stripped='SRI JANANI AGENCIES', filter='None'
2026-03-03 21:07:44,329 - Matched GRN 6996b2e829a5f78e456ada8e: vendorName='SRI JANANI AGENCIES'
2026-03-03 21:07:44,329 - GRN 6996aee74c33ae4c560a6466: vendorName raw='SRI JANANI AGENCIES', stripped='SRI JANANI AGENCIES', filter='None'
2026-03-03 21:07:44,329 - Matched GRN 6996aee74c33ae4c560a6466: vendorName='SRI JANANI AGENCIES'
2026-03-03 21:07:44,330 - GRN 6996a25cd099fcddeb14359e: vendorName raw='SRI JANANI AGENCIES', stripped='SRI JANANI AGENCIES', filter='None'
2026-03-03 21:07:44,330 - Matched GRN 6996a25cd099fcddeb14359e: vendorName='SRI JANANI AGENCIES'
2026-03-03 21:07:44,330 - GRN 6996a024d099fcddeb143598: vendorName raw='SRI JANANI AGENCIES', stripped='SRI JANANI AGENCIES', filter='None'
2026-03-03 21:07:44,330 - Matched GRN 6996a024d099fcddeb143598: vendorName='SRI JANANI AGENCIES'
2026-03-03 21:07:44,331 - GRN 69969afa63eff5b997ff6b98: vendorName raw='SRI JANANI AGENCIES', stripped='SRI JANANI AGENCIES', filter='None'
2026-03-03 21:07:44,331 - Matched GRN 69969afa63eff5b997ff6b98: vendorName='SRI JANANI AGENCIES'
2026-03-03 21:07:44,331 - GRN 69969a0263eff5b997ff6b92: vendorName raw='SRI JANANI AGENCIES', stripped='SRI JANANI AGENCIES', filter='None'
2026-03-03 21:07:44,331 - Matched GRN 69969a0263eff5b997ff6b92: vendorName='SRI JANANI AGENCIES'
2026-03-03 21:07:44,331 - GRN 6996978063eff5b997ff6b84: vendorName raw='SRI JANANI AGENCIES', stripped='SRI JANANI AGENCIES', filter='None'
2026-03-03 21:07:44,331 - Matched GRN 6996978063eff5b997ff6b84: vendorName='SRI JANANI AGENCIES'
2026-03-03 21:07:44,332 - GRN 6995afb6449649e8663db557: vendorName raw='SRI JANANI AGENCIES', stripped='SRI JANANI AGENCIES', filter='None'
2026-03-03 21:07:44,332 - Matched GRN 6995afb6449649e8663db557: vendorName='SRI JANANI AGENCIES'
2026-03-03 21:07:44,332 - GRN 6995ae2f449649e8663db53f: vendorName raw='ARR AGENCIES', stripped='ARR AGENCIES', filter='None'
2026-03-03 21:07:44,332 - Matched GRN 6995ae2f449649e8663db53f: vendorName='ARR AGENCIES'
2026-03-03 21:07:44,332 - GRN 69944345ddbb591e2d47c124: vendorName raw='MURUGAN STORE', stripped='MURUGAN STORE', filter='None'
2026-03-03 21:07:44,332 - Matched GRN 69944345ddbb591e2d47c124: vendorName='MURUGAN STORE'
2026-03-03 21:07:44,333 - GRN 6992d97d826cd1300a5f0cce: vendorName raw='SRI JANANI AGENCIES', stripped='SRI JANANI AGENCIES', filter='None'
2026-03-03 21:07:44,333 - Matched GRN 6992d97d826cd1300a5f0cce: vendorName='SRI JANANI AGENCIES'
2026-03-03 21:07:44,333 - GRN 69943ef3f3254ba5acb94d26: vendorName raw='HANISH FOODS SHOP', stripped='HANISH FOODS SHOP', filter='None'
2026-03-03 21:07:44,333 - Matched GRN 69943ef3f3254ba5acb94d26: vendorName='HANISH FOODS SHOP'
2026-03-03 21:07:44,333 - Final filtered GRNs: 19 (skipped: 0 total fetched: 19)
2026-03-03 21:07:58,836 - Tenant context set: 698d68b26e0e40f613847b0c -> purchasetest
2026-03-03 21:07:59,418 - ====================================================================================================
2026-03-03 21:07:59,419 - 🔄 INITIATING GRN REVERT - GRN ID: 699d8e0c9f900005f1e3c18e
2026-03-03 21:07:59,419 - Associated PO ID: 699d8d9e9f900005f1e3c186
2026-03-03 21:07:59,419 - ====================================================================================================
2026-03-03 21:07:59,420 - GRN_REVERT_START|grn_id=699d8e0c9f900005f1e3c18e|po_id=699d8d9e9f900005f1e3c186
2026-03-03 21:07:59,420 - Reversed GRN for item 699d8d9c9f900005f1e3c183: totalReceivedQuantity now 0.00, pending 100.00, expiryDate cleared
2026-03-03 21:07:59,420 - PO_ITEM_REVERT|item_id=699d8d9c9f900005f1e3c183|randomId=PI002|qty_removed=100.00|new_total=0.00
2026-03-03 21:07:59,421 - ✅ Step 1: PO items updated - 1 items reversed
2026-03-03 21:07:59,422 - ====================================================================================================
2026-03-03 21:07:59,422 - STOCK UPDATE - REVERT (SUBTRACT)
2026-03-03 21:07:59,422 - Timestamp: 2026-03-03 21:07:59.421811+05:30
2026-03-03 21:07:59,422 - Total items to process: 1
2026-03-03 21:07:59,422 - ====================================================================================================
2026-03-03 21:07:59,422 - 
--- Processing Item 1/1 ---
2026-03-03 21:07:59,422 - Item RandomId: PI002
2026-03-03 21:07:59,422 - Item Name: FCM MILK 2L
2026-03-03 21:07:59,422 - Location: WH001
2026-03-03 21:07:59,423 - Quantity Change: -100.00 (SUBTRACT 100.0)
2026-03-03 21:07:59,620 - Item Master Stock Calculation: 777.00 + (-100.00) = 677.00
2026-03-03 21:07:59,845 - ✅ PURCHASEITEM UPDATED - Total Stock: 777.00 -> 677.00 (Change: -100.00)
2026-03-03 21:07:59,919 - Location Stock Calculation: 0.00 + (-100.00) = -100.00
2026-03-03 21:07:59,920 - ⚠️ Location stock would become negative. Capping at 0. Actual removed: 0.00
2026-03-03 21:08:00,039 - ✅ INVENTORY UPDATED for Location WH001: 0.00 -> 0.00 (Change: +0.00)
2026-03-03 21:08:00,039 - ====================================================================================================
📊 STOCK UPDATE COMPLETE SUMMARY
====================================================================================================
Operation Type: REVERT (SUBTRACT)
Total Items Processed: 1
Successful: 1
Failed: 0

📦 PURCHASEITEM UPDATES (Item Master):
   - Total Stock Updates: 1

📍 INVENTORY UPDATES (Location-Based):
   - Location Updates: 1
   - Location Creates: 0
   - Errors: 0
====================================================================================================
2026-03-03 21:08:00,040 - ✅ Step 2: Stock quantities reversed in purchaseitem and inventory
2026-03-03 21:08:00,040 -    - PurchaseItem updates: 1
2026-03-03 21:08:00,040 -    - Inventory updates: 1
2026-03-03 21:08:00,040 -    - Inventory creates: 0
2026-03-03 21:08:00,040 - ✅ Step 3: PO totals recalculated
2026-03-03 21:08:00,040 - ✅ Step 4: Status determined - PO Status: PartiallyReceived, Item Status: Pending
2026-03-03 21:08:00,325 - ✅ Step 5: GRN marked as reverted with canBeReUpdated=True
2026-03-03 21:08:00,534 - ✅ Step 6: PO updated successfully
2026-03-03 21:08:00,535 - 
====================================================================================================
✅ GRN REVERT COMPLETED SUCCESSFULLY
====================================================================================================
GRN ID: 699d8e0c9f900005f1e3c18e
PO ID: 699d8d9e9f900005f1e3c186
New PO Status: PartiallyReceived
Items Reversed: 1
Stock Updates:
  - PurchaseItem Updates: 1
  - Inventory Updates: 1
  - Inventory Creates: 0
Total Order Amount: 6000.00
Pending Order Amount: 14000.00
Can Be Re-Updated: True
====================================================================================================
        
2026-03-03 21:08:00,536 - GRN_REVERT_COMPLETE|grn_id=699d8e0c9f900005f1e3c18e|po_id=699d8d9e9f900005f1e3c186|status=PartiallyReceived|items_reversed=1|stock_updates={'success': True, 'totalProcessed': 1, 'successful': 1, 'failed': 0, 'items': [{'randomId': 'PI002', 'itemName': 'FCM MILK 2L', 'stockChange': -100.0, 'newStock': 677.0, 'locationStockChange': 0, 'newLocationStock': 0, 'locationId': 'WH001', 'priceUpdated': False, 'status': 'success', 'reason': 'Location stock capped at 0'}], 'timestamp': '2026-03-03T21:07:59.421811+05:30', 'purchaseitem_updates': 1, 'inventory_updates': 1, 'inventory_creates': 0, 'errors': 0}
2026-03-03 21:08:00,539 - GRN_REVERT|grn_id=699d8e0c9f900005f1e3c18e|po_id=699d8d9e9f900005f1e3c186|timestamp=2026-03-03 21:08:00.040794+05:30
2026-03-03 21:08:01,071 - Tenant context set: 698d68b26e0e40f613847b0c -> purchasetest
2026-03-03 21:08:01,453 - Full MongoDB query: {'status': {'$in': ['Active', 'active', 'Partially Returned', 'PartiallyReturned']}}
2026-03-03 21:08:01,529 - Raw total matching GRNs: 18
2026-03-03 21:08:01,839 - Fetched 18 raw GRNs from cursor
2026-03-03 21:08:02,027 - GRN 699d8dd39f900005f1e3c188: vendorName raw='MAHIDARSHAN DAIRY FARM', stripped='MAHIDARSHAN DAIRY FARM', filter='None'
2026-03-03 21:08:02,028 - Matched GRN 699d8dd39f900005f1e3c188: vendorName='MAHIDARSHAN DAIRY FARM'
2026-03-03 21:08:02,029 - GRN 699bfc4463679f169b7ef568: vendorName raw='MURUGAN STORE', stripped='MURUGAN STORE', filter='None'
2026-03-03 21:08:02,029 - Matched GRN 699bfc4463679f169b7ef568: vendorName='MURUGAN STORE'
2026-03-03 21:08:02,030 - GRN 699991b68c3eb2c19a18ef01: vendorName raw='NAMMAKADAI', stripped='NAMMAKADAI', filter='None'
2026-03-03 21:08:02,030 - Matched GRN 699991b68c3eb2c19a18ef01: vendorName='NAMMAKADAI'
2026-03-03 21:08:02,031 - GRN 69980a50167dfac83f79cef5: vendorName raw='RAJ PRINTING SOLUTION', stripped='RAJ PRINTING SOLUTION', filter='None'
2026-03-03 21:08:02,031 - Matched GRN 69980a50167dfac83f79cef5: vendorName='RAJ PRINTING SOLUTION'
2026-03-03 21:08:02,031 - GRN 6996b5ba29a5f78e456adaac: vendorName raw='SRI JANANI AGENCIES', stripped='SRI JANANI AGENCIES', filter='None'
2026-03-03 21:08:02,031 - Matched GRN 6996b5ba29a5f78e456adaac: vendorName='SRI JANANI AGENCIES'
2026-03-03 21:08:02,032 - GRN 6996b59629a5f78e456adaa1: vendorName raw='SRI JANANI AGENCIES', stripped='SRI JANANI AGENCIES', filter='None'
2026-03-03 21:08:02,032 - Matched GRN 6996b59629a5f78e456adaa1: vendorName='SRI JANANI AGENCIES'
2026-03-03 21:08:02,032 - GRN 6996b2e829a5f78e456ada8e: vendorName raw='SRI JANANI AGENCIES', stripped='SRI JANANI AGENCIES', filter='None'
2026-03-03 21:08:02,033 - Matched GRN 6996b2e829a5f78e456ada8e: vendorName='SRI JANANI AGENCIES'
2026-03-03 21:08:02,033 - GRN 6996aee74c33ae4c560a6466: vendorName raw='SRI JANANI AGENCIES', stripped='SRI JANANI AGENCIES', filter='None'
2026-03-03 21:08:02,034 - Matched GRN 6996aee74c33ae4c560a6466: vendorName='SRI JANANI AGENCIES'
2026-03-03 21:08:02,034 - GRN 6996a25cd099fcddeb14359e: vendorName raw='SRI JANANI AGENCIES', stripped='SRI JANANI AGENCIES', filter='None'
2026-03-03 21:08:02,035 - Matched GRN 6996a25cd099fcddeb14359e: vendorName='SRI JANANI AGENCIES'
2026-03-03 21:08:02,035 - GRN 6996a024d099fcddeb143598: vendorName raw='SRI JANANI AGENCIES', stripped='SRI JANANI AGENCIES', filter='None'
2026-03-03 21:08:02,035 - Matched GRN 6996a024d099fcddeb143598: vendorName='SRI JANANI AGENCIES'
2026-03-03 21:08:02,036 - GRN 69969afa63eff5b997ff6b98: vendorName raw='SRI JANANI AGENCIES', stripped='SRI JANANI AGENCIES', filter='None'
2026-03-03 21:08:02,036 - Matched GRN 69969afa63eff5b997ff6b98: vendorName='SRI JANANI AGENCIES'
2026-03-03 21:08:02,036 - GRN 69969a0263eff5b997ff6b92: vendorName raw='SRI JANANI AGENCIES', stripped='SRI JANANI AGENCIES', filter='None'
2026-03-03 21:08:02,036 - Matched GRN 69969a0263eff5b997ff6b92: vendorName='SRI JANANI AGENCIES'
2026-03-03 21:08:02,037 - GRN 6996978063eff5b997ff6b84: vendorName raw='SRI JANANI AGENCIES', stripped='SRI JANANI AGENCIES', filter='None'
2026-03-03 21:08:02,037 - Matched GRN 6996978063eff5b997ff6b84: vendorName='SRI JANANI AGENCIES'
2026-03-03 21:08:02,038 - GRN 6995afb6449649e8663db557: vendorName raw='SRI JANANI AGENCIES', stripped='SRI JANANI AGENCIES', filter='None'
2026-03-03 21:08:02,038 - Matched GRN 6995afb6449649e8663db557: vendorName='SRI JANANI AGENCIES'
2026-03-03 21:08:02,039 - GRN 6995ae2f449649e8663db53f: vendorName raw='ARR AGENCIES', stripped='ARR AGENCIES', filter='None'
2026-03-03 21:08:02,039 - Matched GRN 6995ae2f449649e8663db53f: vendorName='ARR AGENCIES'
2026-03-03 21:08:02,040 - GRN 69944345ddbb591e2d47c124: vendorName raw='MURUGAN STORE', stripped='MURUGAN STORE', filter='None'
2026-03-03 21:08:02,040 - Matched GRN 69944345ddbb591e2d47c124: vendorName='MURUGAN STORE'
2026-03-03 21:08:02,040 - GRN 6992d97d826cd1300a5f0cce: vendorName raw='SRI JANANI AGENCIES', stripped='SRI JANANI AGENCIES', filter='None'
2026-03-03 21:08:02,043 - Matched GRN 6992d97d826cd1300a5f0cce: vendorName='SRI JANANI AGENCIES'
2026-03-03 21:08:02,044 - GRN 69943ef3f3254ba5acb94d26: vendorName raw='HANISH FOODS SHOP', stripped='HANISH FOODS SHOP', filter='None'
2026-03-03 21:08:02,045 - Matched GRN 69943ef3f3254ba5acb94d26: vendorName='HANISH FOODS SHOP'
2026-03-03 21:08:02,046 - Final filtered GRNs: 18 (skipped: 0 total fetched: 18)
2026-03-03 21:13:12,278 - Tenant context set: 698d68b26e0e40f613847b0c -> purchasetest
2026-03-03 21:13:12,839 - Tenant context set: 698d68b26e0e40f613847b0c -> purchasetest
2026-03-03 21:13:13,027 - Tenant context set: 698d68b26e0e40f613847b0c -> purchasetest
2026-03-03 21:13:13,156 - Tenant context set: 698d68b26e0e40f613847b0c -> purchasetest
2026-03-03 21:13:13,831 - Tenant context set: 698d68b26e0e40f613847b0c -> purchasetest
2026-03-03 21:13:15,224 - Full MongoDB query: {'status': {'$in': ['Active', 'active', 'Partially Returned', 'PartiallyReturned']}}
2026-03-03 21:13:15,325 - Raw total matching GRNs: 18
2026-03-03 21:13:15,628 - Fetched 18 raw GRNs from cursor
2026-03-03 21:13:16,177 - GRN 699d8dd39f900005f1e3c188: vendorName raw='MAHIDARSHAN DAIRY FARM', stripped='MAHIDARSHAN DAIRY FARM', filter='None'
2026-03-03 21:13:16,177 - Matched GRN 699d8dd39f900005f1e3c188: vendorName='MAHIDARSHAN DAIRY FARM'
2026-03-03 21:13:16,178 - GRN 699bfc4463679f169b7ef568: vendorName raw='MURUGAN STORE', stripped='MURUGAN STORE', filter='None'
2026-03-03 21:13:16,178 - Matched GRN 699bfc4463679f169b7ef568: vendorName='MURUGAN STORE'
2026-03-03 21:13:16,179 - GRN 699991b68c3eb2c19a18ef01: vendorName raw='NAMMAKADAI', stripped='NAMMAKADAI', filter='None'
2026-03-03 21:13:16,179 - Matched GRN 699991b68c3eb2c19a18ef01: vendorName='NAMMAKADAI'
2026-03-03 21:13:16,179 - GRN 69980a50167dfac83f79cef5: vendorName raw='RAJ PRINTING SOLUTION', stripped='RAJ PRINTING SOLUTION', filter='None'
2026-03-03 21:13:16,180 - Matched GRN 69980a50167dfac83f79cef5: vendorName='RAJ PRINTING SOLUTION'
2026-03-03 21:13:16,180 - GRN 6996b5ba29a5f78e456adaac: vendorName raw='SRI JANANI AGENCIES', stripped='SRI JANANI AGENCIES', filter='None'
2026-03-03 21:13:16,180 - Matched GRN 6996b5ba29a5f78e456adaac: vendorName='SRI JANANI AGENCIES'
2026-03-03 21:13:16,180 - GRN 6996b59629a5f78e456adaa1: vendorName raw='SRI JANANI AGENCIES', stripped='SRI JANANI AGENCIES', filter='None'
2026-03-03 21:13:16,180 - Matched GRN 6996b59629a5f78e456adaa1: vendorName='SRI JANANI AGENCIES'
2026-03-03 21:13:16,180 - GRN 6996b2e829a5f78e456ada8e: vendorName raw='SRI JANANI AGENCIES', stripped='SRI JANANI AGENCIES', filter='None'
2026-03-03 21:13:16,180 - Matched GRN 6996b2e829a5f78e456ada8e: vendorName='SRI JANANI AGENCIES'
2026-03-03 21:13:16,180 - GRN 6996aee74c33ae4c560a6466: vendorName raw='SRI JANANI AGENCIES', stripped='SRI JANANI AGENCIES', filter='None'
2026-03-03 21:13:16,180 - Matched GRN 6996aee74c33ae4c560a6466: vendorName='SRI JANANI AGENCIES'
2026-03-03 21:13:16,181 - GRN 6996a25cd099fcddeb14359e: vendorName raw='SRI JANANI AGENCIES', stripped='SRI JANANI AGENCIES', filter='None'
2026-03-03 21:13:16,181 - Matched GRN 6996a25cd099fcddeb14359e: vendorName='SRI JANANI AGENCIES'
2026-03-03 21:13:16,181 - GRN 6996a024d099fcddeb143598: vendorName raw='SRI JANANI AGENCIES', stripped='SRI JANANI AGENCIES', filter='None'
2026-03-03 21:13:16,181 - Matched GRN 6996a024d099fcddeb143598: vendorName='SRI JANANI AGENCIES'
2026-03-03 21:13:16,181 - GRN 69969afa63eff5b997ff6b98: vendorName raw='SRI JANANI AGENCIES', stripped='SRI JANANI AGENCIES', filter='None'
2026-03-03 21:13:16,181 - Matched GRN 69969afa63eff5b997ff6b98: vendorName='SRI JANANI AGENCIES'
2026-03-03 21:13:16,181 - GRN 69969a0263eff5b997ff6b92: vendorName raw='SRI JANANI AGENCIES', stripped='SRI JANANI AGENCIES', filter='None'
2026-03-03 21:13:16,181 - Matched GRN 69969a0263eff5b997ff6b92: vendorName='SRI JANANI AGENCIES'
2026-03-03 21:13:16,181 - GRN 6996978063eff5b997ff6b84: vendorName raw='SRI JANANI AGENCIES', stripped='SRI JANANI AGENCIES', filter='None'
2026-03-03 21:13:16,181 - Matched GRN 6996978063eff5b997ff6b84: vendorName='SRI JANANI AGENCIES'
2026-03-03 21:13:16,181 - GRN 6995afb6449649e8663db557: vendorName raw='SRI JANANI AGENCIES', stripped='SRI JANANI AGENCIES', filter='None'
2026-03-03 21:13:16,181 - Matched GRN 6995afb6449649e8663db557: vendorName='SRI JANANI AGENCIES'
2026-03-03 21:13:16,181 - GRN 6995ae2f449649e8663db53f: vendorName raw='ARR AGENCIES', stripped='ARR AGENCIES', filter='None'
2026-03-03 21:13:16,182 - Matched GRN 6995ae2f449649e8663db53f: vendorName='ARR AGENCIES'
2026-03-03 21:13:16,182 - GRN 69944345ddbb591e2d47c124: vendorName raw='MURUGAN STORE', stripped='MURUGAN STORE', filter='None'
2026-03-03 21:13:16,182 - Matched GRN 69944345ddbb591e2d47c124: vendorName='MURUGAN STORE'
2026-03-03 21:13:16,182 - GRN 6992d97d826cd1300a5f0cce: vendorName raw='SRI JANANI AGENCIES', stripped='SRI JANANI AGENCIES', filter='None'
2026-03-03 21:13:16,182 - Matched GRN 6992d97d826cd1300a5f0cce: vendorName='SRI JANANI AGENCIES'
2026-03-03 21:13:16,182 - GRN 69943ef3f3254ba5acb94d26: vendorName raw='HANISH FOODS SHOP', stripped='HANISH FOODS SHOP', filter='None'
2026-03-03 21:13:16,182 - Matched GRN 69943ef3f3254ba5acb94d26: vendorName='HANISH FOODS SHOP'
2026-03-03 21:13:16,183 - Final filtered GRNs: 18 (skipped: 0 total fetched: 18)
2026-03-03 21:13:16,415 - Tenant context set: 698d68b26e0e40f613847b0c -> purchasetest
2026-03-03 21:13:16,745 - Tenant context set: 698d68b26e0e40f613847b0c -> purchasetest
2026-03-03 21:13:17,417 - Tenant context set: 698d68b26e0e40f613847b0c -> purchasetest
2026-03-03 21:13:17,605 - Tenant context set: 698d68b26e0e40f613847b0c -> purchasetest
2026-03-03 21:13:18,398 - Tenant context set: 698d68b26e0e40f613847b0c -> purchasetest
2026-03-03 21:13:19,250 - Full MongoDB query: {'status': {'$in': ['Active', 'active', 'Partially Returned', 'PartiallyReturned']}}
2026-03-03 21:13:19,438 - Raw total matching GRNs: 18
2026-03-03 21:13:19,923 - Fetched 18 raw GRNs from cursor
2026-03-03 21:13:20,147 - GRN 699d8dd39f900005f1e3c188: vendorName raw='MAHIDARSHAN DAIRY FARM', stripped='MAHIDARSHAN DAIRY FARM', filter='None'
2026-03-03 21:13:20,147 - Matched GRN 699d8dd39f900005f1e3c188: vendorName='MAHIDARSHAN DAIRY FARM'
2026-03-03 21:13:20,147 - GRN 699bfc4463679f169b7ef568: vendorName raw='MURUGAN STORE', stripped='MURUGAN STORE', filter='None'
2026-03-03 21:13:20,147 - Matched GRN 699bfc4463679f169b7ef568: vendorName='MURUGAN STORE'
2026-03-03 21:13:20,148 - GRN 699991b68c3eb2c19a18ef01: vendorName raw='NAMMAKADAI', stripped='NAMMAKADAI', filter='None'
2026-03-03 21:13:20,148 - Matched GRN 699991b68c3eb2c19a18ef01: vendorName='NAMMAKADAI'
2026-03-03 21:13:20,148 - GRN 69980a50167dfac83f79cef5: vendorName raw='RAJ PRINTING SOLUTION', stripped='RAJ PRINTING SOLUTION', filter='None'
2026-03-03 21:13:20,148 - Matched GRN 69980a50167dfac83f79cef5: vendorName='RAJ PRINTING SOLUTION'
2026-03-03 21:13:20,148 - GRN 6996b5ba29a5f78e456adaac: vendorName raw='SRI JANANI AGENCIES', stripped='SRI JANANI AGENCIES', filter='None'
2026-03-03 21:13:20,148 - Matched GRN 6996b5ba29a5f78e456adaac: vendorName='SRI JANANI AGENCIES'
2026-03-03 21:13:20,148 - GRN 6996b59629a5f78e456adaa1: vendorName raw='SRI JANANI AGENCIES', stripped='SRI JANANI AGENCIES', filter='None'
2026-03-03 21:13:20,148 - Matched GRN 6996b59629a5f78e456adaa1: vendorName='SRI JANANI AGENCIES'
2026-03-03 21:13:20,149 - GRN 6996b2e829a5f78e456ada8e: vendorName raw='SRI JANANI AGENCIES', stripped='SRI JANANI AGENCIES', filter='None'
2026-03-03 21:13:20,149 - Matched GRN 6996b2e829a5f78e456ada8e: vendorName='SRI JANANI AGENCIES'
2026-03-03 21:13:20,149 - GRN 6996aee74c33ae4c560a6466: vendorName raw='SRI JANANI AGENCIES', stripped='SRI JANANI AGENCIES', filter='None'
2026-03-03 21:13:20,149 - Matched GRN 6996aee74c33ae4c560a6466: vendorName='SRI JANANI AGENCIES'
2026-03-03 21:13:20,149 - GRN 6996a25cd099fcddeb14359e: vendorName raw='SRI JANANI AGENCIES', stripped='SRI JANANI AGENCIES', filter='None'
2026-03-03 21:13:20,149 - Matched GRN 6996a25cd099fcddeb14359e: vendorName='SRI JANANI AGENCIES'
2026-03-03 21:13:20,149 - GRN 6996a024d099fcddeb143598: vendorName raw='SRI JANANI AGENCIES', stripped='SRI JANANI AGENCIES', filter='None'
2026-03-03 21:13:20,149 - Matched GRN 6996a024d099fcddeb143598: vendorName='SRI JANANI AGENCIES'
2026-03-03 21:13:20,150 - GRN 69969afa63eff5b997ff6b98: vendorName raw='SRI JANANI AGENCIES', stripped='SRI JANANI AGENCIES', filter='None'
2026-03-03 21:13:20,150 - Matched GRN 69969afa63eff5b997ff6b98: vendorName='SRI JANANI AGENCIES'
2026-03-03 21:13:20,150 - GRN 69969a0263eff5b997ff6b92: vendorName raw='SRI JANANI AGENCIES', stripped='SRI JANANI AGENCIES', filter='None'
2026-03-03 21:13:20,150 - Matched GRN 69969a0263eff5b997ff6b92: vendorName='SRI JANANI AGENCIES'
2026-03-03 21:13:20,150 - GRN 6996978063eff5b997ff6b84: vendorName raw='SRI JANANI AGENCIES', stripped='SRI JANANI AGENCIES', filter='None'
2026-03-03 21:13:20,150 - Matched GRN 6996978063eff5b997ff6b84: vendorName='SRI JANANI AGENCIES'
2026-03-03 21:13:20,150 - GRN 6995afb6449649e8663db557: vendorName raw='SRI JANANI AGENCIES', stripped='SRI JANANI AGENCIES', filter='None'
2026-03-03 21:13:20,150 - Matched GRN 6995afb6449649e8663db557: vendorName='SRI JANANI AGENCIES'
2026-03-03 21:13:20,150 - GRN 6995ae2f449649e8663db53f: vendorName raw='ARR AGENCIES', stripped='ARR AGENCIES', filter='None'
2026-03-03 21:13:20,151 - Matched GRN 6995ae2f449649e8663db53f: vendorName='ARR AGENCIES'
2026-03-03 21:13:20,151 - GRN 69944345ddbb591e2d47c124: vendorName raw='MURUGAN STORE', stripped='MURUGAN STORE', filter='None'
2026-03-03 21:13:20,151 - Matched GRN 69944345ddbb591e2d47c124: vendorName='MURUGAN STORE'
2026-03-03 21:13:20,151 - GRN 6992d97d826cd1300a5f0cce: vendorName raw='SRI JANANI AGENCIES', stripped='SRI JANANI AGENCIES', filter='None'
2026-03-03 21:13:20,151 - Matched GRN 6992d97d826cd1300a5f0cce: vendorName='SRI JANANI AGENCIES'
2026-03-03 21:13:20,151 - GRN 69943ef3f3254ba5acb94d26: vendorName raw='HANISH FOODS SHOP', stripped='HANISH FOODS SHOP', filter='None'
2026-03-03 21:13:20,151 - Matched GRN 69943ef3f3254ba5acb94d26: vendorName='HANISH FOODS SHOP'
2026-03-03 21:13:20,151 - Final filtered GRNs: 18 (skipped: 0 total fetched: 18)
2026-03-03 21:13:20,613 - Tenant context set: 698d68b26e0e40f613847b0c -> purchasetest
2026-03-03 21:13:23,077 - Tenant context set: 698d68b26e0e40f613847b0c -> purchasetest
2026-03-03 21:13:23,668 - ====================================================================================================
2026-03-03 21:13:23,669 - 🔄 INITIATING GRN REVERT - GRN ID: 699d8dd39f900005f1e3c188
2026-03-03 21:13:23,669 - Associated PO ID: 699d8d9e9f900005f1e3c186
2026-03-03 21:13:23,669 - ====================================================================================================
2026-03-03 21:13:23,670 - GRN_REVERT_START|grn_id=699d8dd39f900005f1e3c188|po_id=699d8d9e9f900005f1e3c186
2026-03-03 21:13:23,671 - Reversed GRN for item 699d8d9a9f900005f1e3c180: totalReceivedQuantity now 0.00, pending 100.00, expiryDate cleared
2026-03-03 21:13:23,672 - PO_ITEM_REVERT|item_id=699d8d9a9f900005f1e3c180|randomId=PI001|qty_removed=100.00|new_total=0.00
2026-03-03 21:13:23,677 - ✅ Step 1: PO items updated - 1 items reversed
2026-03-03 21:13:23,680 - ====================================================================================================
2026-03-03 21:13:23,681 - STOCK UPDATE - REVERT (SUBTRACT)
2026-03-03 21:13:23,682 - Timestamp: 2026-03-03 21:13:23.678581+05:30
2026-03-03 21:13:23,683 - Total items to process: 1
2026-03-03 21:13:23,684 - ====================================================================================================
2026-03-03 21:13:23,684 - 
--- Processing Item 1/1 ---
2026-03-03 21:13:23,685 - Item RandomId: PI001
2026-03-03 21:13:23,685 - Item Name: FCM MILK
2026-03-03 21:13:23,686 - Location: WH001
2026-03-03 21:13:23,687 - Quantity Change: -100.00 (SUBTRACT 100.0)
2026-03-03 21:13:24,299 - Item Master Stock Calculation: 7328.00 + (-100.00) = 7228.00
2026-03-03 21:13:24,556 - ✅ PURCHASEITEM UPDATED - Total Stock: 7328.00 -> 7228.00 (Change: -100.00)
2026-03-03 21:13:24,667 - Location Stock Calculation: 0.00 + (-100.00) = -100.00
2026-03-03 21:13:24,668 - ⚠️ Location stock would become negative. Capping at 0. Actual removed: 0.00
2026-03-03 21:13:24,918 - ✅ INVENTORY UPDATED for Location WH001: 0.00 -> 0.00 (Change: +0.00)
2026-03-03 21:13:24,921 - ====================================================================================================
📊 STOCK UPDATE COMPLETE SUMMARY
====================================================================================================
Operation Type: REVERT (SUBTRACT)
Total Items Processed: 1
Successful: 1
Failed: 0

📦 PURCHASEITEM UPDATES (Item Master):
   - Total Stock Updates: 1

📍 INVENTORY UPDATES (Location-Based):
   - Location Updates: 1
   - Location Creates: 0
   - Errors: 0
====================================================================================================
2026-03-03 21:13:24,923 - ✅ Step 2: Stock quantities reversed in purchaseitem and inventory
2026-03-03 21:13:24,923 -    - PurchaseItem updates: 1
2026-03-03 21:13:24,923 -    - Inventory updates: 1
2026-03-03 21:13:24,923 -    - Inventory creates: 0
2026-03-03 21:13:24,923 - ✅ Step 3: PO totals recalculated
2026-03-03 21:13:24,923 - ✅ Step 4: Status determined - PO Status: Approved, Item Status: Pending
2026-03-03 21:13:25,119 - ✅ Step 5: GRN marked as reverted with canBeReUpdated=True
2026-03-03 21:13:25,336 - ✅ Step 6: PO updated successfully
2026-03-03 21:13:25,337 - 
====================================================================================================
✅ GRN REVERT COMPLETED SUCCESSFULLY
====================================================================================================
GRN ID: 699d8dd39f900005f1e3c188
PO ID: 699d8d9e9f900005f1e3c186
New PO Status: Approved
Items Reversed: 1
Stock Updates:
  - PurchaseItem Updates: 1
  - Inventory Updates: 1
  - Inventory Creates: 0
Total Order Amount: 0.00
Pending Order Amount: 20000.00
Can Be Re-Updated: True
====================================================================================================
        
2026-03-03 21:13:25,337 - GRN_REVERT_COMPLETE|grn_id=699d8dd39f900005f1e3c188|po_id=699d8d9e9f900005f1e3c186|status=Approved|items_reversed=1|stock_updates={'success': True, 'totalProcessed': 1, 'successful': 1, 'failed': 0, 'items': [{'randomId': 'PI001', 'itemName': 'FCM MILK', 'stockChange': -100.0, 'newStock': 7228.0, 'locationStockChange': 0, 'newLocationStock': 0, 'locationId': 'WH001', 'priceUpdated': False, 'status': 'success', 'reason': 'Location stock capped at 0'}], 'timestamp': '2026-03-03T21:13:23.678581+05:30', 'purchaseitem_updates': 1, 'inventory_updates': 1, 'inventory_creates': 0, 'errors': 0}
2026-03-03 21:13:25,343 - GRN_REVERT|grn_id=699d8dd39f900005f1e3c188|po_id=699d8d9e9f900005f1e3c186|timestamp=2026-03-03 21:13:24.924855+05:30
2026-03-03 21:13:25,835 - Tenant context set: 698d68b26e0e40f613847b0c -> purchasetest
2026-03-03 21:13:26,354 - Full MongoDB query: {'status': {'$in': ['Active', 'active', 'Partially Returned', 'PartiallyReturned']}}
2026-03-03 21:13:26,476 - Raw total matching GRNs: 17
2026-03-03 21:13:26,882 - Fetched 17 raw GRNs from cursor
2026-03-03 21:13:27,137 - GRN 699bfc4463679f169b7ef568: vendorName raw='MURUGAN STORE', stripped='MURUGAN STORE', filter='None'
2026-03-03 21:13:27,137 - Matched GRN 699bfc4463679f169b7ef568: vendorName='MURUGAN STORE'
2026-03-03 21:13:27,139 - GRN 699991b68c3eb2c19a18ef01: vendorName raw='NAMMAKADAI', stripped='NAMMAKADAI', filter='None'
2026-03-03 21:13:27,141 - Matched GRN 699991b68c3eb2c19a18ef01: vendorName='NAMMAKADAI'
2026-03-03 21:13:27,144 - GRN 69980a50167dfac83f79cef5: vendorName raw='RAJ PRINTING SOLUTION', stripped='RAJ PRINTING SOLUTION', filter='None'
2026-03-03 21:13:27,145 - Matched GRN 69980a50167dfac83f79cef5: vendorName='RAJ PRINTING SOLUTION'
2026-03-03 21:13:27,145 - GRN 6996b5ba29a5f78e456adaac: vendorName raw='SRI JANANI AGENCIES', stripped='SRI JANANI AGENCIES', filter='None'
2026-03-03 21:13:27,146 - Matched GRN 6996b5ba29a5f78e456adaac: vendorName='SRI JANANI AGENCIES'
2026-03-03 21:13:27,146 - GRN 6996b59629a5f78e456adaa1: vendorName raw='SRI JANANI AGENCIES', stripped='SRI JANANI AGENCIES', filter='None'
2026-03-03 21:13:27,147 - Matched GRN 6996b59629a5f78e456adaa1: vendorName='SRI JANANI AGENCIES'
2026-03-03 21:13:27,147 - GRN 6996b2e829a5f78e456ada8e: vendorName raw='SRI JANANI AGENCIES', stripped='SRI JANANI AGENCIES', filter='None'
2026-03-03 21:13:27,148 - Matched GRN 6996b2e829a5f78e456ada8e: vendorName='SRI JANANI AGENCIES'
2026-03-03 21:13:27,148 - GRN 6996aee74c33ae4c560a6466: vendorName raw='SRI JANANI AGENCIES', stripped='SRI JANANI AGENCIES', filter='None'
2026-03-03 21:13:27,149 - Matched GRN 6996aee74c33ae4c560a6466: vendorName='SRI JANANI AGENCIES'
2026-03-03 21:13:27,150 - GRN 6996a25cd099fcddeb14359e: vendorName raw='SRI JANANI AGENCIES', stripped='SRI JANANI AGENCIES', filter='None'
2026-03-03 21:13:27,150 - Matched GRN 6996a25cd099fcddeb14359e: vendorName='SRI JANANI AGENCIES'
2026-03-03 21:13:27,151 - GRN 6996a024d099fcddeb143598: vendorName raw='SRI JANANI AGENCIES', stripped='SRI JANANI AGENCIES', filter='None'
2026-03-03 21:13:27,151 - Matched GRN 6996a024d099fcddeb143598: vendorName='SRI JANANI AGENCIES'
2026-03-03 21:13:27,152 - GRN 69969afa63eff5b997ff6b98: vendorName raw='SRI JANANI AGENCIES', stripped='SRI JANANI AGENCIES', filter='None'
2026-03-03 21:13:27,152 - Matched GRN 69969afa63eff5b997ff6b98: vendorName='SRI JANANI AGENCIES'
2026-03-03 21:13:27,152 - GRN 69969a0263eff5b997ff6b92: vendorName raw='SRI JANANI AGENCIES', stripped='SRI JANANI AGENCIES', filter='None'
2026-03-03 21:13:27,153 - Matched GRN 69969a0263eff5b997ff6b92: vendorName='SRI JANANI AGENCIES'
2026-03-03 21:13:27,153 - GRN 6996978063eff5b997ff6b84: vendorName raw='SRI JANANI AGENCIES', stripped='SRI JANANI AGENCIES', filter='None'
2026-03-03 21:13:27,154 - Matched GRN 6996978063eff5b997ff6b84: vendorName='SRI JANANI AGENCIES'
2026-03-03 21:13:27,154 - GRN 6995afb6449649e8663db557: vendorName raw='SRI JANANI AGENCIES', stripped='SRI JANANI AGENCIES', filter='None'
2026-03-03 21:13:27,155 - Matched GRN 6995afb6449649e8663db557: vendorName='SRI JANANI AGENCIES'
2026-03-03 21:13:27,157 - GRN 6995ae2f449649e8663db53f: vendorName raw='ARR AGENCIES', stripped='ARR AGENCIES', filter='None'
2026-03-03 21:13:27,159 - Matched GRN 6995ae2f449649e8663db53f: vendorName='ARR AGENCIES'
2026-03-03 21:13:27,160 - GRN 69944345ddbb591e2d47c124: vendorName raw='MURUGAN STORE', stripped='MURUGAN STORE', filter='None'
2026-03-03 21:13:27,160 - Matched GRN 69944345ddbb591e2d47c124: vendorName='MURUGAN STORE'
2026-03-03 21:13:27,161 - GRN 6992d97d826cd1300a5f0cce: vendorName raw='SRI JANANI AGENCIES', stripped='SRI JANANI AGENCIES', filter='None'
2026-03-03 21:13:27,161 - Matched GRN 6992d97d826cd1300a5f0cce: vendorName='SRI JANANI AGENCIES'
2026-03-03 21:13:27,162 - GRN 69943ef3f3254ba5acb94d26: vendorName raw='HANISH FOODS SHOP', stripped='HANISH FOODS SHOP', filter='None'
2026-03-03 21:13:27,162 - Matched GRN 69943ef3f3254ba5acb94d26: vendorName='HANISH FOODS SHOP'
2026-03-03 21:13:27,163 - Final filtered GRNs: 17 (skipped: 0 total fetched: 17)
2026-03-03 21:13:40,913 - Tenant context set: 698d68b26e0e40f613847b0c -> purchasetest
2026-03-03 21:15:23,665 - Tenant context set: 698d68b26e0e40f613847b0c -> purchasetest
2026-03-03 21:15:25,552 - Tenant context set: 698d68b26e0e40f613847b0c -> purchasetest
2026-03-03 21:15:27,262 - Tenant context set: 698d68b26e0e40f613847b0c -> purchasetest
2026-03-03 21:15:53,629 - Tenant context set: 698d68b26e0e40f613847b0c -> purchasetest
2026-03-03 21:15:55,319 - Tenant context set: 698d68b26e0e40f613847b0c -> purchasetest
2026-03-03 21:15:56,429 - Tenant context set: 698d68b26e0e40f613847b0c -> purchasetest
2026-03-03 21:15:56,714 - Tenant context set: 698d68b26e0e40f613847b0c -> purchasetest
2026-03-03 21:15:58,367 - Tenant context set: 698d68b26e0e40f613847b0c -> purchasetest
2026-03-03 21:15:59,650 - Full MongoDB query: {'status': {'$in': ['Active', 'active', 'Partially Returned', 'PartiallyReturned']}}
2026-03-03 21:15:59,726 - Raw total matching GRNs: 17
2026-03-03 21:16:00,131 - Fetched 17 raw GRNs from cursor
2026-03-03 21:16:00,328 - GRN 699bfc4463679f169b7ef568: vendorName raw='MURUGAN STORE', stripped='MURUGAN STORE', filter='None'
2026-03-03 21:16:00,328 - Matched GRN 699bfc4463679f169b7ef568: vendorName='MURUGAN STORE'
2026-03-03 21:16:00,330 - GRN 699991b68c3eb2c19a18ef01: vendorName raw='NAMMAKADAI', stripped='NAMMAKADAI', filter='None'
2026-03-03 21:16:00,330 - Matched GRN 699991b68c3eb2c19a18ef01: vendorName='NAMMAKADAI'
2026-03-03 21:16:00,330 - GRN 69980a50167dfac83f79cef5: vendorName raw='RAJ PRINTING SOLUTION', stripped='RAJ PRINTING SOLUTION', filter='None'
2026-03-03 21:16:00,330 - Matched GRN 69980a50167dfac83f79cef5: vendorName='RAJ PRINTING SOLUTION'
2026-03-03 21:16:00,330 - GRN 6996b5ba29a5f78e456adaac: vendorName raw='SRI JANANI AGENCIES', stripped='SRI JANANI AGENCIES', filter='None'
2026-03-03 21:16:00,330 - Matched GRN 6996b5ba29a5f78e456adaac: vendorName='SRI JANANI AGENCIES'
2026-03-03 21:16:00,331 - GRN 6996b59629a5f78e456adaa1: vendorName raw='SRI JANANI AGENCIES', stripped='SRI JANANI AGENCIES', filter='None'
2026-03-03 21:16:00,331 - Matched GRN 6996b59629a5f78e456adaa1: vendorName='SRI JANANI AGENCIES'
2026-03-03 21:16:00,333 - GRN 6996b2e829a5f78e456ada8e: vendorName raw='SRI JANANI AGENCIES', stripped='SRI JANANI AGENCIES', filter='None'
2026-03-03 21:16:00,333 - Matched GRN 6996b2e829a5f78e456ada8e: vendorName='SRI JANANI AGENCIES'
2026-03-03 21:16:00,334 - GRN 6996aee74c33ae4c560a6466: vendorName raw='SRI JANANI AGENCIES', stripped='SRI JANANI AGENCIES', filter='None'
2026-03-03 21:16:00,334 - Matched GRN 6996aee74c33ae4c560a6466: vendorName='SRI JANANI AGENCIES'
2026-03-03 21:16:00,334 - GRN 6996a25cd099fcddeb14359e: vendorName raw='SRI JANANI AGENCIES', stripped='SRI JANANI AGENCIES', filter='None'
2026-03-03 21:16:00,334 - Matched GRN 6996a25cd099fcddeb14359e: vendorName='SRI JANANI AGENCIES'
2026-03-03 21:16:00,334 - GRN 6996a024d099fcddeb143598: vendorName raw='SRI JANANI AGENCIES', stripped='SRI JANANI AGENCIES', filter='None'
2026-03-03 21:16:00,334 - Matched GRN 6996a024d099fcddeb143598: vendorName='SRI JANANI AGENCIES'
2026-03-03 21:16:00,335 - GRN 69969afa63eff5b997ff6b98: vendorName raw='SRI JANANI AGENCIES', stripped='SRI JANANI AGENCIES', filter='None'
2026-03-03 21:16:00,335 - Matched GRN 69969afa63eff5b997ff6b98: vendorName='SRI JANANI AGENCIES'
2026-03-03 21:16:00,335 - GRN 69969a0263eff5b997ff6b92: vendorName raw='SRI JANANI AGENCIES', stripped='SRI JANANI AGENCIES', filter='None'
2026-03-03 21:16:00,335 - Matched GRN 69969a0263eff5b997ff6b92: vendorName='SRI JANANI AGENCIES'
2026-03-03 21:16:00,335 - GRN 6996978063eff5b997ff6b84: vendorName raw='SRI JANANI AGENCIES', stripped='SRI JANANI AGENCIES', filter='None'
2026-03-03 21:16:00,335 - Matched GRN 6996978063eff5b997ff6b84: vendorName='SRI JANANI AGENCIES'
2026-03-03 21:16:00,336 - GRN 6995afb6449649e8663db557: vendorName raw='SRI JANANI AGENCIES', stripped='SRI JANANI AGENCIES', filter='None'
2026-03-03 21:16:00,336 - Matched GRN 6995afb6449649e8663db557: vendorName='SRI JANANI AGENCIES'
2026-03-03 21:16:00,336 - GRN 6995ae2f449649e8663db53f: vendorName raw='ARR AGENCIES', stripped='ARR AGENCIES', filter='None'
2026-03-03 21:16:00,336 - Matched GRN 6995ae2f449649e8663db53f: vendorName='ARR AGENCIES'
2026-03-03 21:16:00,336 - GRN 69944345ddbb591e2d47c124: vendorName raw='MURUGAN STORE', stripped='MURUGAN STORE', filter='None'
2026-03-03 21:16:00,336 - Matched GRN 69944345ddbb591e2d47c124: vendorName='MURUGAN STORE'
2026-03-03 21:16:00,337 - GRN 6992d97d826cd1300a5f0cce: vendorName raw='SRI JANANI AGENCIES', stripped='SRI JANANI AGENCIES', filter='None'
2026-03-03 21:16:00,337 - Matched GRN 6992d97d826cd1300a5f0cce: vendorName='SRI JANANI AGENCIES'
2026-03-03 21:16:00,337 - GRN 69943ef3f3254ba5acb94d26: vendorName raw='HANISH FOODS SHOP', stripped='HANISH FOODS SHOP', filter='None'
2026-03-03 21:16:00,337 - Matched GRN 69943ef3f3254ba5acb94d26: vendorName='HANISH FOODS SHOP'
2026-03-03 21:16:00,337 - Final filtered GRNs: 17 (skipped: 0 total fetched: 17)
2026-03-03 21:16:00,713 - Tenant context set: 698d68b26e0e40f613847b0c -> purchasetest
2026-03-03 21:16:01,030 - Tenant context set: 698d68b26e0e40f613847b0c -> purchasetest
2026-03-03 21:16:01,362 - Tenant context set: 698d68b26e0e40f613847b0c -> purchasetest
2026-03-03 21:16:01,555 - Tenant context set: 698d68b26e0e40f613847b0c -> purchasetest
2026-03-03 21:16:02,286 - Tenant context set: 698d68b26e0e40f613847b0c -> purchasetest
2026-03-03 21:16:03,237 - Full MongoDB query: {'status': {'$in': ['Active', 'active', 'Partially Returned', 'PartiallyReturned']}}
2026-03-03 21:16:03,361 - Raw total matching GRNs: 17
2026-03-03 21:16:04,024 - Fetched 17 raw GRNs from cursor
2026-03-03 21:16:04,231 - GRN 699bfc4463679f169b7ef568: vendorName raw='MURUGAN STORE', stripped='MURUGAN STORE', filter='None'
2026-03-03 21:16:04,231 - Matched GRN 699bfc4463679f169b7ef568: vendorName='MURUGAN STORE'
2026-03-03 21:16:04,233 - GRN 699991b68c3eb2c19a18ef01: vendorName raw='NAMMAKADAI', stripped='NAMMAKADAI', filter='None'
2026-03-03 21:16:04,233 - Matched GRN 699991b68c3eb2c19a18ef01: vendorName='NAMMAKADAI'
2026-03-03 21:16:04,234 - GRN 69980a50167dfac83f79cef5: vendorName raw='RAJ PRINTING SOLUTION', stripped='RAJ PRINTING SOLUTION', filter='None'
2026-03-03 21:16:04,235 - Matched GRN 69980a50167dfac83f79cef5: vendorName='RAJ PRINTING SOLUTION'
2026-03-03 21:16:04,235 - GRN 6996b5ba29a5f78e456adaac: vendorName raw='SRI JANANI AGENCIES', stripped='SRI JANANI AGENCIES', filter='None'
2026-03-03 21:16:04,235 - Matched GRN 6996b5ba29a5f78e456adaac: vendorName='SRI JANANI AGENCIES'
2026-03-03 21:16:04,236 - GRN 6996b59629a5f78e456adaa1: vendorName raw='SRI JANANI AGENCIES', stripped='SRI JANANI AGENCIES', filter='None'
2026-03-03 21:16:04,236 - Matched GRN 6996b59629a5f78e456adaa1: vendorName='SRI JANANI AGENCIES'
2026-03-03 21:16:04,237 - GRN 6996b2e829a5f78e456ada8e: vendorName raw='SRI JANANI AGENCIES', stripped='SRI JANANI AGENCIES', filter='None'
2026-03-03 21:16:04,237 - Matched GRN 6996b2e829a5f78e456ada8e: vendorName='SRI JANANI AGENCIES'
2026-03-03 21:16:04,237 - GRN 6996aee74c33ae4c560a6466: vendorName raw='SRI JANANI AGENCIES', stripped='SRI JANANI AGENCIES', filter='None'
2026-03-03 21:16:04,238 - Matched GRN 6996aee74c33ae4c560a6466: vendorName='SRI JANANI AGENCIES'
2026-03-03 21:16:04,238 - GRN 6996a25cd099fcddeb14359e: vendorName raw='SRI JANANI AGENCIES', stripped='SRI JANANI AGENCIES', filter='None'
2026-03-03 21:16:04,238 - Matched GRN 6996a25cd099fcddeb14359e: vendorName='SRI JANANI AGENCIES'
2026-03-03 21:16:04,239 - GRN 6996a024d099fcddeb143598: vendorName raw='SRI JANANI AGENCIES', stripped='SRI JANANI AGENCIES', filter='None'
2026-03-03 21:16:04,239 - Matched GRN 6996a024d099fcddeb143598: vendorName='SRI JANANI AGENCIES'
2026-03-03 21:16:04,241 - GRN 69969afa63eff5b997ff6b98: vendorName raw='SRI JANANI AGENCIES', stripped='SRI JANANI AGENCIES', filter='None'
2026-03-03 21:16:04,242 - Matched GRN 69969afa63eff5b997ff6b98: vendorName='SRI JANANI AGENCIES'
2026-03-03 21:16:04,243 - GRN 69969a0263eff5b997ff6b92: vendorName raw='SRI JANANI AGENCIES', stripped='SRI JANANI AGENCIES', filter='None'
2026-03-03 21:16:04,244 - Matched GRN 69969a0263eff5b997ff6b92: vendorName='SRI JANANI AGENCIES'
2026-03-03 21:16:04,245 - GRN 6996978063eff5b997ff6b84: vendorName raw='SRI JANANI AGENCIES', stripped='SRI JANANI AGENCIES', filter='None'
2026-03-03 21:16:04,246 - Matched GRN 6996978063eff5b997ff6b84: vendorName='SRI JANANI AGENCIES'
2026-03-03 21:16:04,248 - GRN 6995afb6449649e8663db557: vendorName raw='SRI JANANI AGENCIES', stripped='SRI JANANI AGENCIES', filter='None'
2026-03-03 21:16:04,248 - Matched GRN 6995afb6449649e8663db557: vendorName='SRI JANANI AGENCIES'
2026-03-03 21:16:04,249 - GRN 6995ae2f449649e8663db53f: vendorName raw='ARR AGENCIES', stripped='ARR AGENCIES', filter='None'
2026-03-03 21:16:04,250 - Matched GRN 6995ae2f449649e8663db53f: vendorName='ARR AGENCIES'
2026-03-03 21:16:04,250 - GRN 69944345ddbb591e2d47c124: vendorName raw='MURUGAN STORE', stripped='MURUGAN STORE', filter='None'
2026-03-03 21:16:04,250 - Matched GRN 69944345ddbb591e2d47c124: vendorName='MURUGAN STORE'
2026-03-03 21:16:04,251 - GRN 6992d97d826cd1300a5f0cce: vendorName raw='SRI JANANI AGENCIES', stripped='SRI JANANI AGENCIES', filter='None'
2026-03-03 21:16:04,251 - Matched GRN 6992d97d826cd1300a5f0cce: vendorName='SRI JANANI AGENCIES'
2026-03-03 21:16:04,252 - GRN 69943ef3f3254ba5acb94d26: vendorName raw='HANISH FOODS SHOP', stripped='HANISH FOODS SHOP', filter='None'
2026-03-03 21:16:04,252 - Matched GRN 69943ef3f3254ba5acb94d26: vendorName='HANISH FOODS SHOP'
2026-03-03 21:16:04,252 - Final filtered GRNs: 17 (skipped: 0 total fetched: 17)
2026-03-03 21:16:12,433 - Tenant context set: 698d68b26e0e40f613847b0c -> purchasetest
2026-03-03 21:16:12,819 - ====================================================================================================
2026-03-03 21:16:12,820 - 🔄 INITIATING GRN REVERT - GRN ID: 69980a50167dfac83f79cef5
2026-03-03 21:16:12,820 - Associated PO ID: 69980a2d167dfac83f79cef4
2026-03-03 21:16:12,821 - ====================================================================================================
2026-03-03 21:16:12,821 - GRN_REVERT_START|grn_id=69980a50167dfac83f79cef5|po_id=69980a2d167dfac83f79cef4
2026-03-03 21:16:12,823 - Reversed GRN for item 69980a2d167dfac83f79cef3: totalReceivedQuantity now 0.00, pending 55.00, expiryDate cleared
2026-03-03 21:16:12,823 - PO_ITEM_REVERT|item_id=69980a2d167dfac83f79cef3|randomId=PI800|qty_removed=55.00|new_total=0.00
2026-03-03 21:16:12,826 - ✅ Step 1: PO items updated - 1 items reversed
2026-03-03 21:16:12,826 - ====================================================================================================
2026-03-03 21:16:12,827 - STOCK UPDATE - REVERT (SUBTRACT)
2026-03-03 21:16:12,827 - Timestamp: 2026-03-03 21:16:12.826501+05:30
2026-03-03 21:16:12,827 - Total items to process: 1
2026-03-03 21:16:12,828 - ====================================================================================================
2026-03-03 21:16:12,828 - 
--- Processing Item 1/1 ---
2026-03-03 21:16:12,828 - Item RandomId: PI800
2026-03-03 21:16:12,828 - Item Name: 83 MM JAR CAP
2026-03-03 21:16:12,828 - Location: WH001
2026-03-03 21:16:12,829 - Quantity Change: -55.00 (SUBTRACT 55.0)
2026-03-03 21:16:13,019 - Item Master Stock Calculation: 155.00 + (-55.00) = 100.00
2026-03-03 21:16:13,214 - ✅ PURCHASEITEM UPDATED - Total Stock: 155.00 -> 100.00 (Change: -55.00)
2026-03-03 21:16:13,318 - ⚠️ No existing inventory record for location WH001. Creating with 0 stock.
2026-03-03 21:16:13,412 - ✅ INVENTORY CREATED for Location WH001 with stock: 0.00
2026-03-03 21:16:13,412 - ====================================================================================================
📊 STOCK UPDATE COMPLETE SUMMARY
====================================================================================================
Operation Type: REVERT (SUBTRACT)
Total Items Processed: 1
Successful: 1
Failed: 0

📦 PURCHASEITEM UPDATES (Item Master):
   - Total Stock Updates: 1

📍 INVENTORY UPDATES (Location-Based):
   - Location Updates: 0
   - Location Creates: 1
   - Errors: 0
====================================================================================================
2026-03-03 21:16:13,412 - ✅ Step 2: Stock quantities reversed in purchaseitem and inventory
2026-03-03 21:16:13,412 -    - PurchaseItem updates: 1
2026-03-03 21:16:13,412 -    - Inventory updates: 0
2026-03-03 21:16:13,413 -    - Inventory creates: 1
2026-03-03 21:16:13,413 - ✅ Step 3: PO totals recalculated
2026-03-03 21:16:13,413 - ✅ Step 4: Status determined - PO Status: Approved, Item Status: Pending
2026-03-03 21:16:13,633 - ✅ Step 5: GRN marked as reverted with canBeReUpdated=True
2026-03-03 21:16:13,816 - ✅ Step 6: PO updated successfully
2026-03-03 21:16:13,817 - 
====================================================================================================
✅ GRN REVERT COMPLETED SUCCESSFULLY
====================================================================================================
GRN ID: 69980a50167dfac83f79cef5
PO ID: 69980a2d167dfac83f79cef4
New PO Status: Approved
Items Reversed: 1
Stock Updates:
  - PurchaseItem Updates: 1
  - Inventory Updates: 0
  - Inventory Creates: 1
Total Order Amount: 0.00
Pending Order Amount: 110.33
Can Be Re-Updated: True
====================================================================================================
        
2026-03-03 21:16:13,818 - GRN_REVERT_COMPLETE|grn_id=69980a50167dfac83f79cef5|po_id=69980a2d167dfac83f79cef4|status=Approved|items_reversed=1|stock_updates={'success': True, 'totalProcessed': 1, 'successful': 1, 'failed': 0, 'items': [{'randomId': 'PI800', 'itemName': '83 MM JAR CAP', 'stockChange': -55.0, 'newStock': 100.0, 'locationStockChange': 0, 'newLocationStock': 0, 'locationId': 'WH001', 'priceUpdated': False, 'status': 'success', 'reason': None}], 'timestamp': '2026-03-03T21:16:12.826501+05:30', 'purchaseitem_updates': 1, 'inventory_updates': 0, 'inventory_creates': 1, 'errors': 0}
2026-03-03 21:16:13,824 - GRN_REVERT|grn_id=69980a50167dfac83f79cef5|po_id=69980a2d167dfac83f79cef4|timestamp=2026-03-03 21:16:13.413839+05:30
2026-03-03 21:16:14,525 - Tenant context set: 698d68b26e0e40f613847b0c -> purchasetest
2026-03-03 21:16:14,819 - Full MongoDB query: {'status': {'$in': ['Active', 'active', 'Partially Returned', 'PartiallyReturned']}}
2026-03-03 21:16:14,916 - Raw total matching GRNs: 16
2026-03-03 21:16:15,236 - Fetched 16 raw GRNs from cursor
2026-03-03 21:16:15,416 - GRN 699bfc4463679f169b7ef568: vendorName raw='MURUGAN STORE', stripped='MURUGAN STORE', filter='None'
2026-03-03 21:16:15,416 - Matched GRN 699bfc4463679f169b7ef568: vendorName='MURUGAN STORE'
2026-03-03 21:16:15,420 - GRN 699991b68c3eb2c19a18ef01: vendorName raw='NAMMAKADAI', stripped='NAMMAKADAI', filter='None'
2026-03-03 21:16:15,421 - Matched GRN 699991b68c3eb2c19a18ef01: vendorName='NAMMAKADAI'
2026-03-03 21:16:15,424 - GRN 6996b5ba29a5f78e456adaac: vendorName raw='SRI JANANI AGENCIES', stripped='SRI JANANI AGENCIES', filter='None'
2026-03-03 21:16:15,424 - Matched GRN 6996b5ba29a5f78e456adaac: vendorName='SRI JANANI AGENCIES'
2026-03-03 21:16:15,425 - GRN 6996b59629a5f78e456adaa1: vendorName raw='SRI JANANI AGENCIES', stripped='SRI JANANI AGENCIES', filter='None'
2026-03-03 21:16:15,425 - Matched GRN 6996b59629a5f78e456adaa1: vendorName='SRI JANANI AGENCIES'
2026-03-03 21:16:15,426 - GRN 6996b2e829a5f78e456ada8e: vendorName raw='SRI JANANI AGENCIES', stripped='SRI JANANI AGENCIES', filter='None'
2026-03-03 21:16:15,426 - Matched GRN 6996b2e829a5f78e456ada8e: vendorName='SRI JANANI AGENCIES'
2026-03-03 21:16:15,427 - GRN 6996aee74c33ae4c560a6466: vendorName raw='SRI JANANI AGENCIES', stripped='SRI JANANI AGENCIES', filter='None'
2026-03-03 21:16:15,428 - Matched GRN 6996aee74c33ae4c560a6466: vendorName='SRI JANANI AGENCIES'
2026-03-03 21:16:15,429 - GRN 6996a25cd099fcddeb14359e: vendorName raw='SRI JANANI AGENCIES', stripped='SRI JANANI AGENCIES', filter='None'
2026-03-03 21:16:15,429 - Matched GRN 6996a25cd099fcddeb14359e: vendorName='SRI JANANI AGENCIES'
2026-03-03 21:16:15,429 - GRN 6996a024d099fcddeb143598: vendorName raw='SRI JANANI AGENCIES', stripped='SRI JANANI AGENCIES', filter='None'
2026-03-03 21:16:15,430 - Matched GRN 6996a024d099fcddeb143598: vendorName='SRI JANANI AGENCIES'
2026-03-03 21:16:15,430 - GRN 69969afa63eff5b997ff6b98: vendorName raw='SRI JANANI AGENCIES', stripped='SRI JANANI AGENCIES', filter='None'
2026-03-03 21:16:15,431 - Matched GRN 69969afa63eff5b997ff6b98: vendorName='SRI JANANI AGENCIES'
2026-03-03 21:16:15,431 - GRN 69969a0263eff5b997ff6b92: vendorName raw='SRI JANANI AGENCIES', stripped='SRI JANANI AGENCIES', filter='None'
2026-03-03 21:16:15,432 - Matched GRN 69969a0263eff5b997ff6b92: vendorName='SRI JANANI AGENCIES'
2026-03-03 21:16:15,432 - GRN 6996978063eff5b997ff6b84: vendorName raw='SRI JANANI AGENCIES', stripped='SRI JANANI AGENCIES', filter='None'
2026-03-03 21:16:15,432 - Matched GRN 6996978063eff5b997ff6b84: vendorName='SRI JANANI AGENCIES'
2026-03-03 21:16:15,433 - GRN 6995afb6449649e8663db557: vendorName raw='SRI JANANI AGENCIES', stripped='SRI JANANI AGENCIES', filter='None'
2026-03-03 21:16:15,433 - Matched GRN 6995afb6449649e8663db557: vendorName='SRI JANANI AGENCIES'
2026-03-03 21:16:15,436 - GRN 6995ae2f449649e8663db53f: vendorName raw='ARR AGENCIES', stripped='ARR AGENCIES', filter='None'
2026-03-03 21:16:15,437 - Matched GRN 6995ae2f449649e8663db53f: vendorName='ARR AGENCIES'
2026-03-03 21:16:15,438 - GRN 69944345ddbb591e2d47c124: vendorName raw='MURUGAN STORE', stripped='MURUGAN STORE', filter='None'
2026-03-03 21:16:15,438 - Matched GRN 69944345ddbb591e2d47c124: vendorName='MURUGAN STORE'
2026-03-03 21:16:15,439 - GRN 6992d97d826cd1300a5f0cce: vendorName raw='SRI JANANI AGENCIES', stripped='SRI JANANI AGENCIES', filter='None'
2026-03-03 21:16:15,440 - Matched GRN 6992d97d826cd1300a5f0cce: vendorName='SRI JANANI AGENCIES'
2026-03-03 21:16:15,440 - GRN 69943ef3f3254ba5acb94d26: vendorName raw='HANISH FOODS SHOP', stripped='HANISH FOODS SHOP', filter='None'
2026-03-03 21:16:15,441 - Matched GRN 69943ef3f3254ba5acb94d26: vendorName='HANISH FOODS SHOP'
2026-03-03 21:16:15,441 - Final filtered GRNs: 16 (skipped: 0 total fetched: 16)
2026-03-03 21:17:47,674 - Tenant context set: 698d68b26e0e40f613847b0c -> purchasetest
2026-03-03 21:17:48,011 - Tenant context set: 698d68b26e0e40f613847b0c -> purchasetest
2026-03-03 21:17:48,110 - Tenant context set: 698d68b26e0e40f613847b0c -> purchasetest
2026-03-03 21:17:48,210 - Tenant context set: 698d68b26e0e40f613847b0c -> purchasetest
2026-03-03 21:17:48,512 - Tenant context set: 698d68b26e0e40f613847b0c -> purchasetest
2026-03-03 21:17:48,812 - Tenant context set: 698d68b26e0e40f613847b0c -> purchasetest
2026-03-03 21:17:49,299 - Full MongoDB query: {'status': {'$in': ['Active', 'active', 'Partially Returned', 'PartiallyReturned']}}
2026-03-03 21:17:49,501 - Raw total matching GRNs: 16
2026-03-03 21:17:49,919 - Fetched 16 raw GRNs from cursor
2026-03-03 21:17:50,116 - GRN 699bfc4463679f169b7ef568: vendorName raw='MURUGAN STORE', stripped='MURUGAN STORE', filter='None'
2026-03-03 21:17:50,117 - Matched GRN 699bfc4463679f169b7ef568: vendorName='MURUGAN STORE'
2026-03-03 21:17:50,118 - GRN 699991b68c3eb2c19a18ef01: vendorName raw='NAMMAKADAI', stripped='NAMMAKADAI', filter='None'
2026-03-03 21:17:50,118 - Matched GRN 699991b68c3eb2c19a18ef01: vendorName='NAMMAKADAI'
2026-03-03 21:17:50,119 - GRN 6996b5ba29a5f78e456adaac: vendorName raw='SRI JANANI AGENCIES', stripped='SRI JANANI AGENCIES', filter='None'
2026-03-03 21:17:50,119 - Matched GRN 6996b5ba29a5f78e456adaac: vendorName='SRI JANANI AGENCIES'
2026-03-03 21:17:50,122 - GRN 6996b59629a5f78e456adaa1: vendorName raw='SRI JANANI AGENCIES', stripped='SRI JANANI AGENCIES', filter='None'
2026-03-03 21:17:50,122 - Matched GRN 6996b59629a5f78e456adaa1: vendorName='SRI JANANI AGENCIES'
2026-03-03 21:17:50,123 - GRN 6996b2e829a5f78e456ada8e: vendorName raw='SRI JANANI AGENCIES', stripped='SRI JANANI AGENCIES', filter='None'
2026-03-03 21:17:50,123 - Matched GRN 6996b2e829a5f78e456ada8e: vendorName='SRI JANANI AGENCIES'
2026-03-03 21:17:50,124 - GRN 6996aee74c33ae4c560a6466: vendorName raw='SRI JANANI AGENCIES', stripped='SRI JANANI AGENCIES', filter='None'
2026-03-03 21:17:50,124 - Matched GRN 6996aee74c33ae4c560a6466: vendorName='SRI JANANI AGENCIES'
2026-03-03 21:17:50,124 - GRN 6996a25cd099fcddeb14359e: vendorName raw='SRI JANANI AGENCIES', stripped='SRI JANANI AGENCIES', filter='None'
2026-03-03 21:17:50,125 - Matched GRN 6996a25cd099fcddeb14359e: vendorName='SRI JANANI AGENCIES'
2026-03-03 21:17:50,125 - GRN 6996a024d099fcddeb143598: vendorName raw='SRI JANANI AGENCIES', stripped='SRI JANANI AGENCIES', filter='None'
2026-03-03 21:17:50,125 - Matched GRN 6996a024d099fcddeb143598: vendorName='SRI JANANI AGENCIES'
2026-03-03 21:17:50,126 - GRN 69969afa63eff5b997ff6b98: vendorName raw='SRI JANANI AGENCIES', stripped='SRI JANANI AGENCIES', filter='None'
2026-03-03 21:17:50,126 - Matched GRN 69969afa63eff5b997ff6b98: vendorName='SRI JANANI AGENCIES'
2026-03-03 21:17:50,126 - GRN 69969a0263eff5b997ff6b92: vendorName raw='SRI JANANI AGENCIES', stripped='SRI JANANI AGENCIES', filter='None'
2026-03-03 21:17:50,127 - Matched GRN 69969a0263eff5b997ff6b92: vendorName='SRI JANANI AGENCIES'
2026-03-03 21:17:50,127 - GRN 6996978063eff5b997ff6b84: vendorName raw='SRI JANANI AGENCIES', stripped='SRI JANANI AGENCIES', filter='None'
2026-03-03 21:17:50,127 - Matched GRN 6996978063eff5b997ff6b84: vendorName='SRI JANANI AGENCIES'
2026-03-03 21:17:50,128 - GRN 6995afb6449649e8663db557: vendorName raw='SRI JANANI AGENCIES', stripped='SRI JANANI AGENCIES', filter='None'
2026-03-03 21:17:50,128 - Matched GRN 6995afb6449649e8663db557: vendorName='SRI JANANI AGENCIES'
2026-03-03 21:17:50,129 - GRN 6995ae2f449649e8663db53f: vendorName raw='ARR AGENCIES', stripped='ARR AGENCIES', filter='None'
2026-03-03 21:17:50,129 - Matched GRN 6995ae2f449649e8663db53f: vendorName='ARR AGENCIES'
2026-03-03 21:17:50,130 - GRN 69944345ddbb591e2d47c124: vendorName raw='MURUGAN STORE', stripped='MURUGAN STORE', filter='None'
2026-03-03 21:17:50,130 - Matched GRN 69944345ddbb591e2d47c124: vendorName='MURUGAN STORE'
2026-03-03 21:17:50,130 - GRN 6992d97d826cd1300a5f0cce: vendorName raw='SRI JANANI AGENCIES', stripped='SRI JANANI AGENCIES', filter='None'
2026-03-03 21:17:50,131 - Matched GRN 6992d97d826cd1300a5f0cce: vendorName='SRI JANANI AGENCIES'
2026-03-03 21:17:50,131 - GRN 69943ef3f3254ba5acb94d26: vendorName raw='HANISH FOODS SHOP', stripped='HANISH FOODS SHOP', filter='None'
2026-03-03 21:17:50,131 - Matched GRN 69943ef3f3254ba5acb94d26: vendorName='HANISH FOODS SHOP'
2026-03-03 21:17:50,131 - Final filtered GRNs: 16 (skipped: 0 total fetched: 16)
2026-03-03 21:17:50,411 - Tenant context set: 698d68b26e0e40f613847b0c -> purchasetest
2026-03-03 21:17:50,711 - Tenant context set: 698d68b26e0e40f613847b0c -> purchasetest
2026-03-03 21:17:50,810 - Tenant context set: 698d68b26e0e40f613847b0c -> purchasetest
2026-03-03 21:17:50,911 - Tenant context set: 698d68b26e0e40f613847b0c -> purchasetest
2026-03-03 21:17:51,211 - Tenant context set: 698d68b26e0e40f613847b0c -> purchasetest
2026-03-03 21:17:51,717 - Full MongoDB query: {'status': {'$in': ['Active', 'active', 'Partially Returned', 'PartiallyReturned']}}
2026-03-03 21:17:51,811 - Raw total matching GRNs: 16
2026-03-03 21:17:52,016 - Fetched 16 raw GRNs from cursor
2026-03-03 21:17:52,210 - GRN 699bfc4463679f169b7ef568: vendorName raw='MURUGAN STORE', stripped='MURUGAN STORE', filter='None'
2026-03-03 21:17:52,210 - Matched GRN 699bfc4463679f169b7ef568: vendorName='MURUGAN STORE'
2026-03-03 21:17:52,210 - GRN 699991b68c3eb2c19a18ef01: vendorName raw='NAMMAKADAI', stripped='NAMMAKADAI', filter='None'
2026-03-03 21:17:52,210 - Matched GRN 699991b68c3eb2c19a18ef01: vendorName='NAMMAKADAI'
2026-03-03 21:17:52,211 - GRN 6996b5ba29a5f78e456adaac: vendorName raw='SRI JANANI AGENCIES', stripped='SRI JANANI AGENCIES', filter='None'
2026-03-03 21:17:52,211 - Matched GRN 6996b5ba29a5f78e456adaac: vendorName='SRI JANANI AGENCIES'
2026-03-03 21:17:52,212 - GRN 6996b59629a5f78e456adaa1: vendorName raw='SRI JANANI AGENCIES', stripped='SRI JANANI AGENCIES', filter='None'
2026-03-03 21:17:52,212 - Matched GRN 6996b59629a5f78e456adaa1: vendorName='SRI JANANI AGENCIES'
2026-03-03 21:17:52,212 - GRN 6996b2e829a5f78e456ada8e: vendorName raw='SRI JANANI AGENCIES', stripped='SRI JANANI AGENCIES', filter='None'
2026-03-03 21:17:52,213 - Matched GRN 6996b2e829a5f78e456ada8e: vendorName='SRI JANANI AGENCIES'
2026-03-03 21:17:52,213 - GRN 6996aee74c33ae4c560a6466: vendorName raw='SRI JANANI AGENCIES', stripped='SRI JANANI AGENCIES', filter='None'
2026-03-03 21:17:52,213 - Matched GRN 6996aee74c33ae4c560a6466: vendorName='SRI JANANI AGENCIES'
2026-03-03 21:17:52,214 - GRN 6996a25cd099fcddeb14359e: vendorName raw='SRI JANANI AGENCIES', stripped='SRI JANANI AGENCIES', filter='None'
2026-03-03 21:17:52,214 - Matched GRN 6996a25cd099fcddeb14359e: vendorName='SRI JANANI AGENCIES'
2026-03-03 21:17:52,215 - GRN 6996a024d099fcddeb143598: vendorName raw='SRI JANANI AGENCIES', stripped='SRI JANANI AGENCIES', filter='None'
2026-03-03 21:17:52,215 - Matched GRN 6996a024d099fcddeb143598: vendorName='SRI JANANI AGENCIES'
2026-03-03 21:17:52,216 - GRN 69969afa63eff5b997ff6b98: vendorName raw='SRI JANANI AGENCIES', stripped='SRI JANANI AGENCIES', filter='None'
2026-03-03 21:17:52,216 - Matched GRN 69969afa63eff5b997ff6b98: vendorName='SRI JANANI AGENCIES'
2026-03-03 21:17:52,216 - GRN 69969a0263eff5b997ff6b92: vendorName raw='SRI JANANI AGENCIES', stripped='SRI JANANI AGENCIES', filter='None'
2026-03-03 21:17:52,216 - Matched GRN 69969a0263eff5b997ff6b92: vendorName='SRI JANANI AGENCIES'
2026-03-03 21:17:52,217 - GRN 6996978063eff5b997ff6b84: vendorName raw='SRI JANANI AGENCIES', stripped='SRI JANANI AGENCIES', filter='None'
2026-03-03 21:17:52,217 - Matched GRN 6996978063eff5b997ff6b84: vendorName='SRI JANANI AGENCIES'
2026-03-03 21:17:52,218 - GRN 6995afb6449649e8663db557: vendorName raw='SRI JANANI AGENCIES', stripped='SRI JANANI AGENCIES', filter='None'
2026-03-03 21:17:52,218 - Matched GRN 6995afb6449649e8663db557: vendorName='SRI JANANI AGENCIES'
2026-03-03 21:17:52,218 - GRN 6995ae2f449649e8663db53f: vendorName raw='ARR AGENCIES', stripped='ARR AGENCIES', filter='None'
2026-03-03 21:17:52,219 - Matched GRN 6995ae2f449649e8663db53f: vendorName='ARR AGENCIES'
2026-03-03 21:17:52,219 - GRN 69944345ddbb591e2d47c124: vendorName raw='MURUGAN STORE', stripped='MURUGAN STORE', filter='None'
2026-03-03 21:17:52,219 - Matched GRN 69944345ddbb591e2d47c124: vendorName='MURUGAN STORE'
2026-03-03 21:17:52,220 - GRN 6992d97d826cd1300a5f0cce: vendorName raw='SRI JANANI AGENCIES', stripped='SRI JANANI AGENCIES', filter='None'
2026-03-03 21:17:52,220 - Matched GRN 6992d97d826cd1300a5f0cce: vendorName='SRI JANANI AGENCIES'
2026-03-03 21:17:52,220 - GRN 69943ef3f3254ba5acb94d26: vendorName raw='HANISH FOODS SHOP', stripped='HANISH FOODS SHOP', filter='None'
2026-03-03 21:17:52,221 - Matched GRN 69943ef3f3254ba5acb94d26: vendorName='HANISH FOODS SHOP'
2026-03-03 21:17:52,221 - Final filtered GRNs: 16 (skipped: 0 total fetched: 16)
2026-03-03 21:18:02,310 - Tenant context set: 698d68b26e0e40f613847b0c -> purchasetest
2026-03-03 21:18:02,815 - Tenant context set: 698d68b26e0e40f613847b0c -> purchasetest
2026-03-03 21:18:07,833 - Tenant context set: 698d68b26e0e40f613847b0c -> purchasetest
2026-03-03 21:18:08,215 - ====================================================================================================
2026-03-03 21:18:08,215 - 🔄 INITIATING GRN REVERT - GRN ID: 6996b59629a5f78e456adaa1
2026-03-03 21:18:08,215 - Associated PO ID: 6996aea34c33ae4c560a645f
2026-03-03 21:18:08,215 - ====================================================================================================
2026-03-03 21:18:08,216 - GRN_REVERT_START|grn_id=6996b59629a5f78e456adaa1|po_id=6996aea34c33ae4c560a645f
2026-03-03 21:18:08,216 - Reversed GRN for item 6996aea14c33ae4c560a6456: totalReceivedQuantity now 20.00, pending 80.00, expiryDate cleared
2026-03-03 21:18:08,216 - PO_ITEM_REVERT|item_id=6996aea14c33ae4c560a6456|randomId=PI031|qty_removed=80.00|new_total=20.00
2026-03-03 21:18:08,216 - Reversed GRN for item 6996aea24c33ae4c560a6459: totalReceivedQuantity now 90.00, pending 10.00, expiryDate cleared
2026-03-03 21:18:08,216 - PO_ITEM_REVERT|item_id=6996aea24c33ae4c560a6459|randomId=PI034|qty_removed=10.00|new_total=90.00
2026-03-03 21:18:08,217 - ✅ Step 1: PO items updated - 2 items reversed
2026-03-03 21:18:08,217 - ====================================================================================================
2026-03-03 21:18:08,217 - STOCK UPDATE - REVERT (SUBTRACT)
2026-03-03 21:18:08,217 - Timestamp: 2026-03-03 21:18:08.217979+05:30
2026-03-03 21:18:08,217 - Total items to process: 2
2026-03-03 21:18:08,217 - ====================================================================================================
2026-03-03 21:18:08,217 - 
--- Processing Item 1/2 ---
2026-03-03 21:18:08,218 - Item RandomId: PI031
2026-03-03 21:18:08,218 - Item Name: CURRY MASALA POWDER-50G
2026-03-03 21:18:08,218 - Location: WH001
2026-03-03 21:18:08,218 - Quantity Change: -80.00 (SUBTRACT 80.0)
2026-03-03 21:18:08,411 - Item Master Stock Calculation: 86.45 + (-80.00) = 6.45
2026-03-03 21:18:08,615 - ✅ PURCHASEITEM UPDATED - Total Stock: 86.45 -> 6.45 (Change: -80.00)
2026-03-03 21:18:08,710 - ⚠️ No existing inventory record for location WH001. Creating with 0 stock.
2026-03-03 21:18:08,856 - ✅ INVENTORY CREATED for Location WH001 with stock: 0.00
2026-03-03 21:18:08,857 - 
--- Processing Item 2/2 ---
2026-03-03 21:18:08,857 - Item RandomId: PI034
2026-03-03 21:18:08,858 - Item Name: MUTTON MASALA-100G
2026-03-03 21:18:08,858 - Location: WH001
2026-03-03 21:18:08,859 - Quantity Change: -10.00 (SUBTRACT 10.0)
2026-03-03 21:18:09,025 - Item Master Stock Calculation: 361.50 + (-10.00) = 351.50
2026-03-03 21:18:09,214 - ✅ PURCHASEITEM UPDATED - Total Stock: 361.50 -> 351.50 (Change: -10.00)
2026-03-03 21:18:09,309 - ⚠️ No existing inventory record for location WH001. Creating with 0 stock.
2026-03-03 21:18:09,474 - ✅ INVENTORY CREATED for Location WH001 with stock: 0.00
2026-03-03 21:18:09,474 - ====================================================================================================
📊 STOCK UPDATE COMPLETE SUMMARY
====================================================================================================
Operation Type: REVERT (SUBTRACT)
Total Items Processed: 2
Successful: 2
Failed: 0

📦 PURCHASEITEM UPDATES (Item Master):
   - Total Stock Updates: 2

📍 INVENTORY UPDATES (Location-Based):
   - Location Updates: 0
   - Location Creates: 2
   - Errors: 0
====================================================================================================
2026-03-03 21:18:09,476 - ✅ Step 2: Stock quantities reversed in purchaseitem and inventory
2026-03-03 21:18:09,477 -    - PurchaseItem updates: 2
2026-03-03 21:18:09,477 -    - Inventory updates: 0
2026-03-03 21:18:09,477 -    - Inventory creates: 2
2026-03-03 21:18:09,477 - ✅ Step 3: PO totals recalculated
2026-03-03 21:18:09,477 - ✅ Step 4: Status determined - PO Status: PartiallyReceived, Item Status: Pending
2026-03-03 21:18:09,721 - ✅ Step 5: GRN marked as reverted with canBeReUpdated=True
2026-03-03 21:18:10,086 - ✅ Step 6: PO updated successfully
2026-03-03 21:18:10,086 - 
====================================================================================================
✅ GRN REVERT COMPLETED SUCCESSFULLY
====================================================================================================
GRN ID: 6996b59629a5f78e456adaa1
PO ID: 6996aea34c33ae4c560a645f
New PO Status: PartiallyReceived
Items Reversed: 2
Stock Updates:
  - PurchaseItem Updates: 2
  - Inventory Updates: 0
  - Inventory Creates: 2
Total Order Amount: 116700.04
Pending Order Amount: 34800.26
Can Be Re-Updated: True
====================================================================================================
        
2026-03-03 21:18:10,086 - GRN_REVERT_COMPLETE|grn_id=6996b59629a5f78e456adaa1|po_id=6996aea34c33ae4c560a645f|status=PartiallyReceived|items_reversed=2|stock_updates={'success': True, 'totalProcessed': 2, 'successful': 2, 'failed': 0, 'items': [{'randomId': 'PI031', 'itemName': 'CURRY MASALA POWDER-50G', 'stockChange': -80.0, 'newStock': 6.450000000000003, 'locationStockChange': 0, 'newLocationStock': 0, 'locationId': 'WH001', 'priceUpdated': False, 'status': 'success', 'reason': None}, {'randomId': 'PI034', 'itemName': 'MUTTON MASALA-100G', 'stockChange': -10.0, 'newStock': 351.5, 'locationStockChange': 0, 'newLocationStock': 0, 'locationId': 'WH001', 'priceUpdated': False, 'status': 'success', 'reason': None}], 'timestamp': '2026-03-03T21:18:08.217979+05:30', 'purchaseitem_updates': 2, 'inventory_updates': 0, 'inventory_creates': 2, 'errors': 0}
2026-03-03 21:18:10,088 - GRN_REVERT|grn_id=6996b59629a5f78e456adaa1|po_id=6996aea34c33ae4c560a645f|timestamp=2026-03-03 21:18:09.477309+05:30
2026-03-03 21:18:10,511 - Tenant context set: 698d68b26e0e40f613847b0c -> purchasetest
2026-03-03 21:18:10,811 - Full MongoDB query: {'status': {'$in': ['Active', 'active', 'Partially Returned', 'PartiallyReturned']}}
2026-03-03 21:18:10,933 - Raw total matching GRNs: 15
2026-03-03 21:18:11,231 - Fetched 15 raw GRNs from cursor
2026-03-03 21:18:11,434 - GRN 699bfc4463679f169b7ef568: vendorName raw='MURUGAN STORE', stripped='MURUGAN STORE', filter='None'
2026-03-03 21:18:11,435 - Matched GRN 699bfc4463679f169b7ef568: vendorName='MURUGAN STORE'
2026-03-03 21:18:11,435 - GRN 699991b68c3eb2c19a18ef01: vendorName raw='NAMMAKADAI', stripped='NAMMAKADAI', filter='None'
2026-03-03 21:18:11,436 - Matched GRN 699991b68c3eb2c19a18ef01: vendorName='NAMMAKADAI'
2026-03-03 21:18:11,438 - GRN 6996b5ba29a5f78e456adaac: vendorName raw='SRI JANANI AGENCIES', stripped='SRI JANANI AGENCIES', filter='None'
2026-03-03 21:18:11,438 - Matched GRN 6996b5ba29a5f78e456adaac: vendorName='SRI JANANI AGENCIES'
2026-03-03 21:18:11,438 - GRN 6996b2e829a5f78e456ada8e: vendorName raw='SRI JANANI AGENCIES', stripped='SRI JANANI AGENCIES', filter='None'
2026-03-03 21:18:11,438 - Matched GRN 6996b2e829a5f78e456ada8e: vendorName='SRI JANANI AGENCIES'
2026-03-03 21:18:11,439 - GRN 6996aee74c33ae4c560a6466: vendorName raw='SRI JANANI AGENCIES', stripped='SRI JANANI AGENCIES', filter='None'
2026-03-03 21:18:11,439 - Matched GRN 6996aee74c33ae4c560a6466: vendorName='SRI JANANI AGENCIES'
2026-03-03 21:18:11,440 - GRN 6996a25cd099fcddeb14359e: vendorName raw='SRI JANANI AGENCIES', stripped='SRI JANANI AGENCIES', filter='None'
2026-03-03 21:18:11,440 - Matched GRN 6996a25cd099fcddeb14359e: vendorName='SRI JANANI AGENCIES'
2026-03-03 21:18:11,441 - GRN 6996a024d099fcddeb143598: vendorName raw='SRI JANANI AGENCIES', stripped='SRI JANANI AGENCIES', filter='None'
2026-03-03 21:18:11,442 - Matched GRN 6996a024d099fcddeb143598: vendorName='SRI JANANI AGENCIES'
2026-03-03 21:18:11,442 - GRN 69969afa63eff5b997ff6b98: vendorName raw='SRI JANANI AGENCIES', stripped='SRI JANANI AGENCIES', filter='None'
2026-03-03 21:18:11,443 - Matched GRN 69969afa63eff5b997ff6b98: vendorName='SRI JANANI AGENCIES'
2026-03-03 21:18:11,443 - GRN 69969a0263eff5b997ff6b92: vendorName raw='SRI JANANI AGENCIES', stripped='SRI JANANI AGENCIES', filter='None'
2026-03-03 21:18:11,444 - Matched GRN 69969a0263eff5b997ff6b92: vendorName='SRI JANANI AGENCIES'
2026-03-03 21:18:11,444 - GRN 6996978063eff5b997ff6b84: vendorName raw='SRI JANANI AGENCIES', stripped='SRI JANANI AGENCIES', filter='None'
2026-03-03 21:18:11,445 - Matched GRN 6996978063eff5b997ff6b84: vendorName='SRI JANANI AGENCIES'
2026-03-03 21:18:11,445 - GRN 6995afb6449649e8663db557: vendorName raw='SRI JANANI AGENCIES', stripped='SRI JANANI AGENCIES', filter='None'
2026-03-03 21:18:11,445 - Matched GRN 6995afb6449649e8663db557: vendorName='SRI JANANI AGENCIES'
2026-03-03 21:18:11,446 - GRN 6995ae2f449649e8663db53f: vendorName raw='ARR AGENCIES', stripped='ARR AGENCIES', filter='None'
2026-03-03 21:18:11,446 - Matched GRN 6995ae2f449649e8663db53f: vendorName='ARR AGENCIES'
2026-03-03 21:18:11,446 - GRN 69944345ddbb591e2d47c124: vendorName raw='MURUGAN STORE', stripped='MURUGAN STORE', filter='None'
2026-03-03 21:18:11,446 - Matched GRN 69944345ddbb591e2d47c124: vendorName='MURUGAN STORE'
2026-03-03 21:18:11,449 - GRN 6992d97d826cd1300a5f0cce: vendorName raw='SRI JANANI AGENCIES', stripped='SRI JANANI AGENCIES', filter='None'
2026-03-03 21:18:11,449 - Matched GRN 6992d97d826cd1300a5f0cce: vendorName='SRI JANANI AGENCIES'
2026-03-03 21:18:11,450 - GRN 69943ef3f3254ba5acb94d26: vendorName raw='HANISH FOODS SHOP', stripped='HANISH FOODS SHOP', filter='None'
2026-03-03 21:18:11,450 - Matched GRN 69943ef3f3254ba5acb94d26: vendorName='HANISH FOODS SHOP'
2026-03-03 21:18:11,451 - Final filtered GRNs: 15 (skipped: 0 total fetched: 15)
2026-03-03 21:18:21,512 - Tenant context set: 698d68b26e0e40f613847b0c -> purchasetest
2026-03-03 21:18:21,913 - ====================================================================================================
2026-03-03 21:18:21,913 - 🔄 INITIATING GRN REVERT - GRN ID: 699bfc4463679f169b7ef568
2026-03-03 21:18:21,913 - Associated PO ID: 699bfb5063679f169b7ef55d
2026-03-03 21:18:21,913 - ====================================================================================================
2026-03-03 21:18:21,913 - GRN_REVERT_START|grn_id=699bfc4463679f169b7ef568|po_id=699bfb5063679f169b7ef55d
2026-03-03 21:18:21,913 - Reversed GRN for item 699bfb3e63679f169b7ef53f: totalReceivedQuantity now 0.00, pending 100.00, expiryDate cleared
2026-03-03 21:18:21,914 - PO_ITEM_REVERT|item_id=699bfb3e63679f169b7ef53f|randomId=PI001|qty_removed=100.00|new_total=0.00
2026-03-03 21:18:21,914 - Reversed GRN for item 699bfb4063679f169b7ef542: totalReceivedQuantity now 0.00, pending 100.00, expiryDate cleared
2026-03-03 21:18:21,914 - PO_ITEM_REVERT|item_id=699bfb4063679f169b7ef542|randomId=PI002|qty_removed=100.00|new_total=0.00
2026-03-03 21:18:21,915 - Reversed GRN for item 699bfb4363679f169b7ef545: totalReceivedQuantity now 0.00, pending 100.00, expiryDate cleared
2026-03-03 21:18:21,915 - PO_ITEM_REVERT|item_id=699bfb4363679f169b7ef545|randomId=PI003|qty_removed=100.00|new_total=0.00
2026-03-03 21:18:21,915 - Reversed GRN for item 699bfb4563679f169b7ef548: totalReceivedQuantity now 0.00, pending 100.00, expiryDate cleared
2026-03-03 21:18:21,915 - PO_ITEM_REVERT|item_id=699bfb4563679f169b7ef548|randomId=PI004|qty_removed=100.00|new_total=0.00
2026-03-03 21:18:21,916 - Reversed GRN for item 699bfb4763679f169b7ef54b: totalReceivedQuantity now 0.00, pending 100.00, expiryDate cleared
2026-03-03 21:18:21,916 - PO_ITEM_REVERT|item_id=699bfb4763679f169b7ef54b|randomId=PI005|qty_removed=100.00|new_total=0.00
2026-03-03 21:18:21,917 - Reversed GRN for item 699bfb4863679f169b7ef54e: totalReceivedQuantity now 0.00, pending 100.00, expiryDate cleared
2026-03-03 21:18:21,917 - PO_ITEM_REVERT|item_id=699bfb4863679f169b7ef54e|randomId=PI006|qty_removed=100.00|new_total=0.00
2026-03-03 21:18:21,918 - Reversed GRN for item 699bfb4963679f169b7ef551: totalReceivedQuantity now 0.00, pending 100.00, expiryDate cleared
2026-03-03 21:18:21,918 - PO_ITEM_REVERT|item_id=699bfb4963679f169b7ef551|randomId=PI007|qty_removed=100.00|new_total=0.00
2026-03-03 21:18:21,919 - Reversed GRN for item 699bfb4b63679f169b7ef554: totalReceivedQuantity now 0.00, pending 100.00, expiryDate cleared
2026-03-03 21:18:21,919 - PO_ITEM_REVERT|item_id=699bfb4b63679f169b7ef554|randomId=PI008|qty_removed=100.00|new_total=0.00
2026-03-03 21:18:21,920 - Reversed GRN for item 699bfb4d63679f169b7ef557: totalReceivedQuantity now 0.00, pending 100.00, expiryDate cleared
2026-03-03 21:18:21,920 - PO_ITEM_REVERT|item_id=699bfb4d63679f169b7ef557|randomId=PI009|qty_removed=100.00|new_total=0.00
2026-03-03 21:18:21,921 - Reversed GRN for item 699bfb4f63679f169b7ef55a: totalReceivedQuantity now 0.00, pending 100.00, expiryDate cleared
2026-03-03 21:18:21,921 - PO_ITEM_REVERT|item_id=699bfb4f63679f169b7ef55a|randomId=PI010|qty_removed=100.00|new_total=0.00
2026-03-03 21:18:21,921 - ✅ Step 1: PO items updated - 10 items reversed
2026-03-03 21:18:21,921 - ====================================================================================================
2026-03-03 21:18:21,921 - STOCK UPDATE - REVERT (SUBTRACT)
2026-03-03 21:18:21,922 - Timestamp: 2026-03-03 21:18:21.921069+05:30
2026-03-03 21:18:21,922 - Total items to process: 10
2026-03-03 21:18:21,922 - ====================================================================================================
2026-03-03 21:18:21,922 - 
--- Processing Item 1/10 ---
2026-03-03 21:18:21,922 - Item RandomId: PI001
2026-03-03 21:18:21,922 - Item Name: FCM MILK
2026-03-03 21:18:21,922 - Location: WH001
2026-03-03 21:18:21,922 - Quantity Change: -100.00 (SUBTRACT 100.0)
2026-03-03 21:18:22,110 - Item Master Stock Calculation: 7228.00 + (-100.00) = 7128.00
2026-03-03 21:18:22,319 - ✅ PURCHASEITEM UPDATED - Total Stock: 7228.00 -> 7128.00 (Change: -100.00)
2026-03-03 21:18:22,410 - Location Stock Calculation: 0.00 + (-100.00) = -100.00
2026-03-03 21:18:22,410 - ⚠️ Location stock would become negative. Capping at 0. Actual removed: 0.00
2026-03-03 21:18:22,516 - ✅ INVENTORY UPDATED for Location WH001: 0.00 -> 0.00 (Change: +0.00)
2026-03-03 21:18:22,516 - 
--- Processing Item 2/10 ---
2026-03-03 21:18:22,516 - Item RandomId: PI002
2026-03-03 21:18:22,516 - Item Name: FCM MILK 2L
2026-03-03 21:18:22,516 - Location: WH001
2026-03-03 21:18:22,516 - Quantity Change: -100.00 (SUBTRACT 100.0)
2026-03-03 21:18:22,710 - Item Master Stock Calculation: 677.00 + (-100.00) = 577.00
2026-03-03 21:18:23,117 - ✅ PURCHASEITEM UPDATED - Total Stock: 677.00 -> 577.00 (Change: -100.00)
2026-03-03 21:18:23,313 - Location Stock Calculation: 0.00 + (-100.00) = -100.00
2026-03-03 21:18:23,314 - ⚠️ Location stock would become negative. Capping at 0. Actual removed: 0.00
2026-03-03 21:18:23,456 - ✅ INVENTORY UPDATED for Location WH001: 0.00 -> 0.00 (Change: +0.00)
2026-03-03 21:18:23,456 - 
--- Processing Item 3/10 ---
2026-03-03 21:18:23,456 - Item RandomId: PI003
2026-03-03 21:18:23,456 - Item Name: MUSKMELON
2026-03-03 21:18:23,456 - Location: WH001
2026-03-03 21:18:23,456 - Quantity Change: -100.00 (SUBTRACT 100.0)
2026-03-03 21:18:23,648 - Item Master Stock Calculation: 213.00 + (-100.00) = 113.00
2026-03-03 21:18:24,034 - ✅ PURCHASEITEM UPDATED - Total Stock: 213.00 -> 113.00 (Change: -100.00)
2026-03-03 21:18:24,153 - ⚠️ No existing inventory record for location WH001. Creating with 0 stock.
2026-03-03 21:18:24,522 - ✅ INVENTORY CREATED for Location WH001 with stock: 0.00
2026-03-03 21:18:24,522 - 
--- Processing Item 4/10 ---
2026-03-03 21:18:24,522 - Item RandomId: PI004
2026-03-03 21:18:24,522 - Item Name: APPLE
2026-03-03 21:18:24,522 - Location: WH001
2026-03-03 21:18:24,522 - Quantity Change: -100.00 (SUBTRACT 100.0)
2026-03-03 21:18:24,712 - Item Master Stock Calculation: 207.99 + (-100.00) = 107.99
2026-03-03 21:18:24,920 - ✅ PURCHASEITEM UPDATED - Total Stock: 207.99 -> 107.99 (Change: -100.00)
2026-03-03 21:18:25,012 - ⚠️ No existing inventory record for location WH001. Creating with 0 stock.
2026-03-03 21:18:25,511 - ✅ INVENTORY CREATED for Location WH001 with stock: 0.00
2026-03-03 21:18:25,511 - 
--- Processing Item 5/10 ---
2026-03-03 21:18:25,511 - Item RandomId: PI005
2026-03-03 21:18:25,511 - Item Name: CARROT
2026-03-03 21:18:25,511 - Location: WH001
2026-03-03 21:18:25,511 - Quantity Change: -100.00 (SUBTRACT 100.0)
2026-03-03 21:18:25,725 - Item Master Stock Calculation: 152.79 + (-100.00) = 52.79
2026-03-03 21:18:25,915 - ✅ PURCHASEITEM UPDATED - Total Stock: 152.79 -> 52.79 (Change: -100.00)
2026-03-03 21:18:26,015 - ⚠️ No existing inventory record for location WH001. Creating with 0 stock.
2026-03-03 21:18:26,115 - ✅ INVENTORY CREATED for Location WH001 with stock: 0.00
2026-03-03 21:18:26,115 - 
--- Processing Item 6/10 ---
2026-03-03 21:18:26,115 - Item RandomId: PI006
2026-03-03 21:18:26,115 - Item Name: PINEAPPLE
2026-03-03 21:18:26,115 - Location: WH001
2026-03-03 21:18:26,115 - Quantity Change: -100.00 (SUBTRACT 100.0)
2026-03-03 21:18:26,310 - Item Master Stock Calculation: 100.00 + (-100.00) = 0.00
2026-03-03 21:18:26,514 - ✅ PURCHASEITEM UPDATED - Total Stock: 100.00 -> 0.00 (Change: -100.00)
2026-03-03 21:18:26,610 - ⚠️ No existing inventory record for location WH001. Creating with 0 stock.
2026-03-03 21:18:26,721 - ✅ INVENTORY CREATED for Location WH001 with stock: 0.00
2026-03-03 21:18:26,721 - 
--- Processing Item 7/10 ---
2026-03-03 21:18:26,721 - Item RandomId: PI007
2026-03-03 21:18:26,721 - Item Name: WATERMELON
2026-03-03 21:18:26,721 - Location: WH001
2026-03-03 21:18:26,721 - Quantity Change: -100.00 (SUBTRACT 100.0)
2026-03-03 21:18:26,912 - Item Master Stock Calculation: 107.00 + (-100.00) = 7.00
2026-03-03 21:18:27,109 - ✅ PURCHASEITEM UPDATED - Total Stock: 107.00 -> 7.00 (Change: -100.00)
2026-03-03 21:18:27,210 - ⚠️ No existing inventory record for location WH001. Creating with 0 stock.
2026-03-03 21:18:27,331 - ✅ INVENTORY CREATED for Location WH001 with stock: 0.00
2026-03-03 21:18:27,331 - 
--- Processing Item 8/10 ---
2026-03-03 21:18:27,331 - Item RandomId: PI008
2026-03-03 21:18:27,331 - Item Name: CALIFLOWER
2026-03-03 21:18:27,331 - Location: WH001
2026-03-03 21:18:27,331 - Quantity Change: -100.00 (SUBTRACT 100.0)
2026-03-03 21:18:27,517 - Item Master Stock Calculation: 1305.49 + (-100.00) = 1205.49
2026-03-03 21:18:27,716 - ✅ PURCHASEITEM UPDATED - Total Stock: 1305.49 -> 1205.49 (Change: -100.00)
2026-03-03 21:18:27,810 - ⚠️ No existing inventory record for location WH001. Creating with 0 stock.
2026-03-03 21:18:28,005 - ✅ INVENTORY CREATED for Location WH001 with stock: 0.00
2026-03-03 21:18:28,005 - 
--- Processing Item 9/10 ---
2026-03-03 21:18:28,005 - Item RandomId: PI009
2026-03-03 21:18:28,005 - Item Name: CLEAR WATER BOTTLE - 1 LTR
2026-03-03 21:18:28,005 - Location: WH001
2026-03-03 21:18:28,005 - Quantity Change: -100.00 (SUBTRACT 100.0)
2026-03-03 21:18:28,210 - Item Master Stock Calculation: 200.00 + (-100.00) = 100.00
2026-03-03 21:18:28,412 - ✅ PURCHASEITEM UPDATED - Total Stock: 200.00 -> 100.00 (Change: -100.00)
2026-03-03 21:18:28,515 - ⚠️ No existing inventory record for location WH001. Creating with 0 stock.
2026-03-03 21:18:28,722 - ✅ INVENTORY CREATED for Location WH001 with stock: 0.00
2026-03-03 21:18:28,722 - 
--- Processing Item 10/10 ---
2026-03-03 21:18:28,722 - Item RandomId: PI010
2026-03-03 21:18:28,722 - Item Name: CUCUMBER
2026-03-03 21:18:28,722 - Location: WH001
2026-03-03 21:18:28,722 - Quantity Change: -100.00 (SUBTRACT 100.0)
2026-03-03 21:18:28,909 - Item Master Stock Calculation: 128.52 + (-100.00) = 28.52
2026-03-03 21:18:29,134 - ✅ PURCHASEITEM UPDATED - Total Stock: 128.52 -> 28.52 (Change: -100.00)
2026-03-03 21:18:29,213 - ⚠️ No existing inventory record for location WH001. Creating with 0 stock.
2026-03-03 21:18:29,317 - ✅ INVENTORY CREATED for Location WH001 with stock: 0.00
2026-03-03 21:18:29,317 - ====================================================================================================
📊 STOCK UPDATE COMPLETE SUMMARY
====================================================================================================
Operation Type: REVERT (SUBTRACT)
Total Items Processed: 10
Successful: 10
Failed: 0

📦 PURCHASEITEM UPDATES (Item Master):
   - Total Stock Updates: 10

📍 INVENTORY UPDATES (Location-Based):
   - Location Updates: 2
   - Location Creates: 8
   - Errors: 0
====================================================================================================
2026-03-03 21:18:29,318 - ✅ Step 2: Stock quantities reversed in purchaseitem and inventory
2026-03-03 21:18:29,318 -    - PurchaseItem updates: 10
2026-03-03 21:18:29,318 -    - Inventory updates: 2
2026-03-03 21:18:29,318 -    - Inventory creates: 8
2026-03-03 21:18:29,318 - ✅ Step 3: PO totals recalculated
2026-03-03 21:18:29,319 - ✅ Step 4: Status determined - PO Status: Approved, Item Status: Pending
2026-03-03 21:18:29,522 - ✅ Step 5: GRN marked as reverted with canBeReUpdated=True
2026-03-03 21:18:30,243 - ✅ Step 6: PO updated successfully
2026-03-03 21:18:30,243 - 
====================================================================================================
✅ GRN REVERT COMPLETED SUCCESSFULLY
====================================================================================================
GRN ID: 699bfc4463679f169b7ef568
PO ID: 699bfb5063679f169b7ef55d
New PO Status: Approved
Items Reversed: 10
Stock Updates:
  - PurchaseItem Updates: 10
  - Inventory Updates: 2
  - Inventory Creates: 8
Total Order Amount: 0.00
Pending Order Amount: 67598.00
Can Be Re-Updated: True
====================================================================================================
        
2026-03-03 21:18:30,243 - GRN_REVERT_COMPLETE|grn_id=699bfc4463679f169b7ef568|po_id=699bfb5063679f169b7ef55d|status=Approved|items_reversed=10|stock_updates={'success': True, 'totalProcessed': 10, 'successful': 10, 'failed': 0, 'items': [{'randomId': 'PI001', 'itemName': 'FCM MILK', 'stockChange': -100.0, 'newStock': 7128.0, 'locationStockChange': 0, 'newLocationStock': 0, 'locationId': 'WH001', 'priceUpdated': False, 'status': 'success', 'reason': 'Location stock capped at 0'}, {'randomId': 'PI002', 'itemName': 'FCM MILK 2L', 'stockChange': -100.0, 'newStock': 577.0, 'locationStockChange': 0, 'newLocationStock': 0, 'locationId': 'WH001', 'priceUpdated': False, 'status': 'success', 'reason': 'Location stock capped at 0'}, {'randomId': 'PI003', 'itemName': 'MUSKMELON', 'stockChange': -100.0, 'newStock': 113.0, 'locationStockChange': 0, 'newLocationStock': 0, 'locationId': 'WH001', 'priceUpdated': False, 'status': 'success', 'reason': None}, {'randomId': 'PI004', 'itemName': 'APPLE', 'stockChange': -100.0, 'newStock': 107.99000000000001, 'locationStockChange': 0, 'newLocationStock': 0, 'locationId': 'WH001', 'priceUpdated': False, 'status': 'success', 'reason': None}, {'randomId': 'PI005', 'itemName': 'CARROT', 'stockChange': -100.0, 'newStock': 52.78999999999999, 'locationStockChange': 0, 'newLocationStock': 0, 'locationId': 'WH001', 'priceUpdated': False, 'status': 'success', 'reason': None}, {'randomId': 'PI006', 'itemName': 'PINEAPPLE', 'stockChange': -100.0, 'newStock': 0.0, 'locationStockChange': 0, 'newLocationStock': 0, 'locationId': 'WH001', 'priceUpdated': False, 'status': 'success', 'reason': None}, {'randomId': 'PI007', 'itemName': 'WATERMELON', 'stockChange': -100.0, 'newStock': 7.0, 'locationStockChange': 0, 'newLocationStock': 0, 'locationId': 'WH001', 'priceUpdated': False, 'status': 'success', 'reason': None}, {'randomId': 'PI008', 'itemName': 'CALIFLOWER', 'stockChange': -100.0, 'newStock': 1205.49, 'locationStockChange': 0, 'newLocationStock': 0, 'locationId': 'WH001', 'priceUpdated': False, 'status': 'success', 'reason': None}, {'randomId': 'PI009', 'itemName': 'CLEAR WATER BOTTLE - 1 LTR', 'stockChange': -100.0, 'newStock': 100.0, 'locationStockChange': 0, 'newLocationStock': 0, 'locationId': 'WH001', 'priceUpdated': False, 'status': 'success', 'reason': None}, {'randomId': 'PI010', 'itemName': 'CUCUMBER', 'stockChange': -100.0, 'newStock': 28.524, 'locationStockChange': 0, 'newLocationStock': 0, 'locationId': 'WH001', 'priceUpdated': False, 'status': 'success', 'reason': None}], 'timestamp': '2026-03-03T21:18:21.921069+05:30', 'purchaseitem_updates': 10, 'inventory_updates': 2, 'inventory_creates': 8, 'errors': 0}
2026-03-03 21:18:30,259 - GRN_REVERT|grn_id=699bfc4463679f169b7ef568|po_id=699bfb5063679f169b7ef55d|timestamp=2026-03-03 21:18:29.319387+05:30
2026-03-03 21:18:31,683 - Tenant context set: 698d68b26e0e40f613847b0c -> purchasetest
2026-03-03 21:18:32,023 - Full MongoDB query: {'status': {'$in': ['Active', 'active', 'Partially Returned', 'PartiallyReturned']}}
2026-03-03 21:18:32,155 - Raw total matching GRNs: 14
2026-03-03 21:18:32,415 - Fetched 14 raw GRNs from cursor
2026-03-03 21:18:32,611 - GRN 699991b68c3eb2c19a18ef01: vendorName raw='NAMMAKADAI', stripped='NAMMAKADAI', filter='None'
2026-03-03 21:18:32,611 - Matched GRN 699991b68c3eb2c19a18ef01: vendorName='NAMMAKADAI'
2026-03-03 21:18:32,612 - GRN 6996b5ba29a5f78e456adaac: vendorName raw='SRI JANANI AGENCIES', stripped='SRI JANANI AGENCIES', filter='None'
2026-03-03 21:18:32,612 - Matched GRN 6996b5ba29a5f78e456adaac: vendorName='SRI JANANI AGENCIES'
2026-03-03 21:18:32,613 - GRN 6996b2e829a5f78e456ada8e: vendorName raw='SRI JANANI AGENCIES', stripped='SRI JANANI AGENCIES', filter='None'
2026-03-03 21:18:32,614 - Matched GRN 6996b2e829a5f78e456ada8e: vendorName='SRI JANANI AGENCIES'
2026-03-03 21:18:32,614 - GRN 6996aee74c33ae4c560a6466: vendorName raw='SRI JANANI AGENCIES', stripped='SRI JANANI AGENCIES', filter='None'
2026-03-03 21:18:32,614 - Matched GRN 6996aee74c33ae4c560a6466: vendorName='SRI JANANI AGENCIES'
2026-03-03 21:18:32,615 - GRN 6996a25cd099fcddeb14359e: vendorName raw='SRI JANANI AGENCIES', stripped='SRI JANANI AGENCIES', filter='None'
2026-03-03 21:18:32,615 - Matched GRN 6996a25cd099fcddeb14359e: vendorName='SRI JANANI AGENCIES'
2026-03-03 21:18:32,615 - GRN 6996a024d099fcddeb143598: vendorName raw='SRI JANANI AGENCIES', stripped='SRI JANANI AGENCIES', filter='None'
2026-03-03 21:18:32,615 - Matched GRN 6996a024d099fcddeb143598: vendorName='SRI JANANI AGENCIES'
2026-03-03 21:18:32,615 - GRN 69969afa63eff5b997ff6b98: vendorName raw='SRI JANANI AGENCIES', stripped='SRI JANANI AGENCIES', filter='None'
2026-03-03 21:18:32,615 - Matched GRN 69969afa63eff5b997ff6b98: vendorName='SRI JANANI AGENCIES'
2026-03-03 21:18:32,616 - GRN 69969a0263eff5b997ff6b92: vendorName raw='SRI JANANI AGENCIES', stripped='SRI JANANI AGENCIES', filter='None'
2026-03-03 21:18:32,616 - Matched GRN 69969a0263eff5b997ff6b92: vendorName='SRI JANANI AGENCIES'
2026-03-03 21:18:32,616 - GRN 6996978063eff5b997ff6b84: vendorName raw='SRI JANANI AGENCIES', stripped='SRI JANANI AGENCIES', filter='None'
2026-03-03 21:18:32,616 - Matched GRN 6996978063eff5b997ff6b84: vendorName='SRI JANANI AGENCIES'
2026-03-03 21:18:32,616 - GRN 6995afb6449649e8663db557: vendorName raw='SRI JANANI AGENCIES', stripped='SRI JANANI AGENCIES', filter='None'
2026-03-03 21:18:32,616 - Matched GRN 6995afb6449649e8663db557: vendorName='SRI JANANI AGENCIES'
2026-03-03 21:18:32,617 - GRN 6995ae2f449649e8663db53f: vendorName raw='ARR AGENCIES', stripped='ARR AGENCIES', filter='None'
2026-03-03 21:18:32,617 - Matched GRN 6995ae2f449649e8663db53f: vendorName='ARR AGENCIES'
2026-03-03 21:18:32,617 - GRN 69944345ddbb591e2d47c124: vendorName raw='MURUGAN STORE', stripped='MURUGAN STORE', filter='None'
2026-03-03 21:18:32,617 - Matched GRN 69944345ddbb591e2d47c124: vendorName='MURUGAN STORE'
2026-03-03 21:18:32,618 - GRN 6992d97d826cd1300a5f0cce: vendorName raw='SRI JANANI AGENCIES', stripped='SRI JANANI AGENCIES', filter='None'
2026-03-03 21:18:32,618 - Matched GRN 6992d97d826cd1300a5f0cce: vendorName='SRI JANANI AGENCIES'
2026-03-03 21:18:32,618 - GRN 69943ef3f3254ba5acb94d26: vendorName raw='HANISH FOODS SHOP', stripped='HANISH FOODS SHOP', filter='None'
2026-03-03 21:18:32,618 - Matched GRN 69943ef3f3254ba5acb94d26: vendorName='HANISH FOODS SHOP'
2026-03-03 21:18:32,618 - Final filtered GRNs: 14 (skipped: 0 total fetched: 14)
2026-03-03 21:18:57,811 - Tenant context set: 698d68b26e0e40f613847b0c -> purchasetest
2026-03-03 21:18:58,110 - Tenant context set: 698d68b26e0e40f613847b0c -> purchasetest
2026-03-03 21:18:58,221 - Tenant context set: 698d68b26e0e40f613847b0c -> purchasetest
2026-03-03 21:18:58,722 - Tenant context set: 698d68b26e0e40f613847b0c -> purchasetest
2026-03-03 21:18:58,820 - Tenant context set: 698d68b26e0e40f613847b0c -> purchasetest
2026-03-03 21:18:59,610 - Tenant context set: 698d68b26e0e40f613847b0c -> purchasetest
2026-03-03 21:19:00,010 - Tenant context set: 698d68b26e0e40f613847b0c -> purchasetest
2026-03-03 21:19:00,108 - Tenant context set: 698d68b26e0e40f613847b0c -> purchasetest
2026-03-03 21:19:52,328 - Tenant context set: 698d68b26e0e40f613847b0c -> purchasetest
2026-03-03 21:19:52,709 - Tenant context set: 698d68b26e0e40f613847b0c -> purchasetest
2026-03-03 21:19:52,816 - Tenant context set: 698d68b26e0e40f613847b0c -> purchasetest
2026-03-03 21:19:53,310 - Tenant context set: 698d68b26e0e40f613847b0c -> purchasetest
2026-03-03 21:19:53,516 - Tenant context set: 698d68b26e0e40f613847b0c -> purchasetest
2026-03-03 21:19:53,908 - Tenant context set: 698d68b26e0e40f613847b0c -> purchasetest
2026-03-03 21:19:54,009 - Tenant context set: 698d68b26e0e40f613847b0c -> purchasetest
2026-03-03 21:19:55,211 - Tenant context set: 698d68b26e0e40f613847b0c -> purchasetest
2026-03-03 21:20:05,798 - Tenant context set: 698d68b26e0e40f613847b0c -> purchasetest
2026-03-03 21:20:08,254 - Tenant context set: 698d68b26e0e40f613847b0c -> purchasetest
2026-03-03 21:20:15,641 - Tenant context set: 698d68b26e0e40f613847b0c -> purchasetest
2026-03-03 21:20:15,909 - Tenant context set: 698d68b26e0e40f613847b0c -> purchasetest
2026-03-03 21:20:16,011 - Tenant context set: 698d68b26e0e40f613847b0c -> purchasetest
2026-03-03 21:20:16,122 - Tenant context set: 698d68b26e0e40f613847b0c -> purchasetest
2026-03-03 21:20:16,514 - Tenant context set: 698d68b26e0e40f613847b0c -> purchasetest
2026-03-03 21:20:16,867 - Full MongoDB query: {'status': {'$in': ['Active', 'active', 'Partially Returned', 'PartiallyReturned']}}
2026-03-03 21:20:16,956 - Raw total matching GRNs: 14
2026-03-03 21:20:17,238 - Fetched 14 raw GRNs from cursor
2026-03-03 21:20:17,436 - GRN 699991b68c3eb2c19a18ef01: vendorName raw='NAMMAKADAI', stripped='NAMMAKADAI', filter='None'
2026-03-03 21:20:17,437 - Matched GRN 699991b68c3eb2c19a18ef01: vendorName='NAMMAKADAI'
2026-03-03 21:20:17,437 - GRN 6996b5ba29a5f78e456adaac: vendorName raw='SRI JANANI AGENCIES', stripped='SRI JANANI AGENCIES', filter='None'
2026-03-03 21:20:17,438 - Matched GRN 6996b5ba29a5f78e456adaac: vendorName='SRI JANANI AGENCIES'
2026-03-03 21:20:17,438 - GRN 6996b2e829a5f78e456ada8e: vendorName raw='SRI JANANI AGENCIES', stripped='SRI JANANI AGENCIES', filter='None'
2026-03-03 21:20:17,438 - Matched GRN 6996b2e829a5f78e456ada8e: vendorName='SRI JANANI AGENCIES'
2026-03-03 21:20:17,439 - GRN 6996aee74c33ae4c560a6466: vendorName raw='SRI JANANI AGENCIES', stripped='SRI JANANI AGENCIES', filter='None'
2026-03-03 21:20:17,439 - Matched GRN 6996aee74c33ae4c560a6466: vendorName='SRI JANANI AGENCIES'
2026-03-03 21:20:17,439 - GRN 6996a25cd099fcddeb14359e: vendorName raw='SRI JANANI AGENCIES', stripped='SRI JANANI AGENCIES', filter='None'
2026-03-03 21:20:17,439 - Matched GRN 6996a25cd099fcddeb14359e: vendorName='SRI JANANI AGENCIES'
2026-03-03 21:20:17,440 - GRN 6996a024d099fcddeb143598: vendorName raw='SRI JANANI AGENCIES', stripped='SRI JANANI AGENCIES', filter='None'
2026-03-03 21:20:17,440 - Matched GRN 6996a024d099fcddeb143598: vendorName='SRI JANANI AGENCIES'
2026-03-03 21:20:17,440 - GRN 69969afa63eff5b997ff6b98: vendorName raw='SRI JANANI AGENCIES', stripped='SRI JANANI AGENCIES', filter='None'
2026-03-03 21:20:17,440 - Matched GRN 69969afa63eff5b997ff6b98: vendorName='SRI JANANI AGENCIES'
2026-03-03 21:20:17,440 - GRN 69969a0263eff5b997ff6b92: vendorName raw='SRI JANANI AGENCIES', stripped='SRI JANANI AGENCIES', filter='None'
2026-03-03 21:20:17,442 - Matched GRN 69969a0263eff5b997ff6b92: vendorName='SRI JANANI AGENCIES'
2026-03-03 21:20:17,443 - GRN 6996978063eff5b997ff6b84: vendorName raw='SRI JANANI AGENCIES', stripped='SRI JANANI AGENCIES', filter='None'
2026-03-03 21:20:17,443 - Matched GRN 6996978063eff5b997ff6b84: vendorName='SRI JANANI AGENCIES'
2026-03-03 21:20:17,443 - GRN 6995afb6449649e8663db557: vendorName raw='SRI JANANI AGENCIES', stripped='SRI JANANI AGENCIES', filter='None'
2026-03-03 21:20:17,443 - Matched GRN 6995afb6449649e8663db557: vendorName='SRI JANANI AGENCIES'
2026-03-03 21:20:17,444 - GRN 6995ae2f449649e8663db53f: vendorName raw='ARR AGENCIES', stripped='ARR AGENCIES', filter='None'
2026-03-03 21:20:17,444 - Matched GRN 6995ae2f449649e8663db53f: vendorName='ARR AGENCIES'
2026-03-03 21:20:17,444 - GRN 69944345ddbb591e2d47c124: vendorName raw='MURUGAN STORE', stripped='MURUGAN STORE', filter='None'
2026-03-03 21:20:17,446 - Matched GRN 69944345ddbb591e2d47c124: vendorName='MURUGAN STORE'
2026-03-03 21:20:17,446 - GRN 6992d97d826cd1300a5f0cce: vendorName raw='SRI JANANI AGENCIES', stripped='SRI JANANI AGENCIES', filter='None'
2026-03-03 21:20:17,447 - Matched GRN 6992d97d826cd1300a5f0cce: vendorName='SRI JANANI AGENCIES'
2026-03-03 21:20:17,447 - GRN 69943ef3f3254ba5acb94d26: vendorName raw='HANISH FOODS SHOP', stripped='HANISH FOODS SHOP', filter='None'
2026-03-03 21:20:17,447 - Matched GRN 69943ef3f3254ba5acb94d26: vendorName='HANISH FOODS SHOP'
2026-03-03 21:20:17,447 - Final filtered GRNs: 14 (skipped: 0 total fetched: 14)
2026-03-03 21:20:17,779 - Tenant context set: 698d68b26e0e40f613847b0c -> purchasetest
2026-03-03 21:20:18,234 - Tenant context set: 698d68b26e0e40f613847b0c -> purchasetest
2026-03-03 21:20:18,750 - Tenant context set: 698d68b26e0e40f613847b0c -> purchasetest
2026-03-03 21:20:18,992 - Tenant context set: 698d68b26e0e40f613847b0c -> purchasetest
2026-03-03 21:20:19,236 - Tenant context set: 698d68b26e0e40f613847b0c -> purchasetest
2026-03-03 21:20:19,587 - Full MongoDB query: {'status': {'$in': ['Active', 'active', 'Partially Returned', 'PartiallyReturned']}}
2026-03-03 21:20:19,831 - Raw total matching GRNs: 14
2026-03-03 21:20:20,344 - Fetched 14 raw GRNs from cursor
2026-03-03 21:20:20,515 - GRN 699991b68c3eb2c19a18ef01: vendorName raw='NAMMAKADAI', stripped='NAMMAKADAI', filter='None'
2026-03-03 21:20:20,516 - Matched GRN 699991b68c3eb2c19a18ef01: vendorName='NAMMAKADAI'
2026-03-03 21:20:20,516 - GRN 6996b5ba29a5f78e456adaac: vendorName raw='SRI JANANI AGENCIES', stripped='SRI JANANI AGENCIES', filter='None'
2026-03-03 21:20:20,516 - Matched GRN 6996b5ba29a5f78e456adaac: vendorName='SRI JANANI AGENCIES'
2026-03-03 21:20:20,517 - GRN 6996b2e829a5f78e456ada8e: vendorName raw='SRI JANANI AGENCIES', stripped='SRI JANANI AGENCIES', filter='None'
2026-03-03 21:20:20,517 - Matched GRN 6996b2e829a5f78e456ada8e: vendorName='SRI JANANI AGENCIES'
2026-03-03 21:20:20,518 - GRN 6996aee74c33ae4c560a6466: vendorName raw='SRI JANANI AGENCIES', stripped='SRI JANANI AGENCIES', filter='None'
2026-03-03 21:20:20,518 - Matched GRN 6996aee74c33ae4c560a6466: vendorName='SRI JANANI AGENCIES'
2026-03-03 21:20:20,518 - GRN 6996a25cd099fcddeb14359e: vendorName raw='SRI JANANI AGENCIES', stripped='SRI JANANI AGENCIES', filter='None'
2026-03-03 21:20:20,519 - Matched GRN 6996a25cd099fcddeb14359e: vendorName='SRI JANANI AGENCIES'
2026-03-03 21:20:20,519 - GRN 6996a024d099fcddeb143598: vendorName raw='SRI JANANI AGENCIES', stripped='SRI JANANI AGENCIES', filter='None'
2026-03-03 21:20:20,519 - Matched GRN 6996a024d099fcddeb143598: vendorName='SRI JANANI AGENCIES'
2026-03-03 21:20:20,520 - GRN 69969afa63eff5b997ff6b98: vendorName raw='SRI JANANI AGENCIES', stripped='SRI JANANI AGENCIES', filter='None'
2026-03-03 21:20:20,520 - Matched GRN 69969afa63eff5b997ff6b98: vendorName='SRI JANANI AGENCIES'
2026-03-03 21:20:20,520 - GRN 69969a0263eff5b997ff6b92: vendorName raw='SRI JANANI AGENCIES', stripped='SRI JANANI AGENCIES', filter='None'
2026-03-03 21:20:20,520 - Matched GRN 69969a0263eff5b997ff6b92: vendorName='SRI JANANI AGENCIES'
2026-03-03 21:20:20,521 - GRN 6996978063eff5b997ff6b84: vendorName raw='SRI JANANI AGENCIES', stripped='SRI JANANI AGENCIES', filter='None'
2026-03-03 21:20:20,521 - Matched GRN 6996978063eff5b997ff6b84: vendorName='SRI JANANI AGENCIES'
2026-03-03 21:20:20,521 - GRN 6995afb6449649e8663db557: vendorName raw='SRI JANANI AGENCIES', stripped='SRI JANANI AGENCIES', filter='None'
2026-03-03 21:20:20,521 - Matched GRN 6995afb6449649e8663db557: vendorName='SRI JANANI AGENCIES'
2026-03-03 21:20:20,521 - GRN 6995ae2f449649e8663db53f: vendorName raw='ARR AGENCIES', stripped='ARR AGENCIES', filter='None'
2026-03-03 21:20:20,521 - Matched GRN 6995ae2f449649e8663db53f: vendorName='ARR AGENCIES'
2026-03-03 21:20:20,522 - GRN 69944345ddbb591e2d47c124: vendorName raw='MURUGAN STORE', stripped='MURUGAN STORE', filter='None'
2026-03-03 21:20:20,522 - Matched GRN 69944345ddbb591e2d47c124: vendorName='MURUGAN STORE'
2026-03-03 21:20:20,523 - GRN 6992d97d826cd1300a5f0cce: vendorName raw='SRI JANANI AGENCIES', stripped='SRI JANANI AGENCIES', filter='None'
2026-03-03 21:20:20,523 - Matched GRN 6992d97d826cd1300a5f0cce: vendorName='SRI JANANI AGENCIES'
2026-03-03 21:20:20,524 - GRN 69943ef3f3254ba5acb94d26: vendorName raw='HANISH FOODS SHOP', stripped='HANISH FOODS SHOP', filter='None'
2026-03-03 21:20:20,524 - Matched GRN 69943ef3f3254ba5acb94d26: vendorName='HANISH FOODS SHOP'
2026-03-03 21:20:20,524 - Final filtered GRNs: 14 (skipped: 0 total fetched: 14)
2026-03-03 21:20:36,214 - Tenant context set: 698d68b26e0e40f613847b0c -> purchasetest
2026-03-03 21:20:36,318 - Tenant context set: 698d68b26e0e40f613847b0c -> purchasetest
2026-03-03 21:20:36,425 - Tenant context set: 698d68b26e0e40f613847b0c -> purchasetest
2026-03-03 21:20:36,513 - Tenant context set: 698d68b26e0e40f613847b0c -> purchasetest
2026-03-03 21:20:38,308 - Tenant context set: 698d68b26e0e40f613847b0c -> purchasetest
2026-03-03 21:20:38,409 - Tenant context set: 698d68b26e0e40f613847b0c -> purchasetest
2026-03-03 21:20:39,036 - Tenant context set: 698d68b26e0e40f613847b0c -> purchasetest
2026-03-03 21:20:39,434 - Tenant context set: 698d68b26e0e40f613847b0c -> purchasetest
2026-03-03 21:20:42,622 - Tenant context set: 698d68b26e0e40f613847b0c -> purchasetest
2026-03-03 21:20:43,202 - Tenant context set: 698d68b26e0e40f613847b0c -> purchasetest
2026-03-03 21:20:43,338 - Tenant context set: 698d68b26e0e40f613847b0c -> purchasetest
2026-03-03 21:20:43,410 - Tenant context set: 698d68b26e0e40f613847b0c -> purchasetest
2026-03-03 21:20:44,114 - Tenant context set: 698d68b26e0e40f613847b0c -> purchasetest
2026-03-03 21:20:45,433 - Tenant context set: 698d68b26e0e40f613847b0c -> purchasetest
2026-03-03 21:20:45,513 - Tenant context set: 698d68b26e0e40f613847b0c -> purchasetest
2026-03-03 21:20:46,113 - Tenant context set: 698d68b26e0e40f613847b0c -> purchasetest
2026-03-03 21:21:10,013 - Tenant context set: 698d68b26e0e40f613847b0c -> purchasetest
2026-03-03 21:21:12,707 - Tenant context set: 698d68b26e0e40f613847b0c -> purchasetest
2026-03-03 21:21:53,913 - Tenant context set: 698d68b26e0e40f613847b0c -> purchasetest
2026-03-03 21:21:54,208 - Tenant context set: 698d68b26e0e40f613847b0c -> purchasetest
2026-03-03 21:21:54,313 - Tenant context set: 698d68b26e0e40f613847b0c -> purchasetest
2026-03-03 21:21:54,408 - Tenant context set: 698d68b26e0e40f613847b0c -> purchasetest
2026-03-03 21:21:54,809 - Tenant context set: 698d68b26e0e40f613847b0c -> purchasetest
2026-03-03 21:21:55,108 - Tenant context set: 698d68b26e0e40f613847b0c -> purchasetest
2026-03-03 21:21:55,414 - Tenant context set: 698d68b26e0e40f613847b0c -> purchasetest
2026-03-03 21:21:55,711 - Full MongoDB query: {'status': {'$in': ['Active', 'active', 'Partially Returned', 'PartiallyReturned']}}
2026-03-03 21:21:55,810 - Raw total matching GRNs: 14
2026-03-03 21:21:56,018 - Fetched 14 raw GRNs from cursor
2026-03-03 21:21:56,208 - GRN 699991b68c3eb2c19a18ef01: vendorName raw='NAMMAKADAI', stripped='NAMMAKADAI', filter='None'
2026-03-03 21:21:56,208 - Matched GRN 699991b68c3eb2c19a18ef01: vendorName='NAMMAKADAI'
2026-03-03 21:21:56,209 - GRN 6996b5ba29a5f78e456adaac: vendorName raw='SRI JANANI AGENCIES', stripped='SRI JANANI AGENCIES', filter='None'
2026-03-03 21:21:56,209 - Matched GRN 6996b5ba29a5f78e456adaac: vendorName='SRI JANANI AGENCIES'
2026-03-03 21:21:56,209 - GRN 6996b2e829a5f78e456ada8e: vendorName raw='SRI JANANI AGENCIES', stripped='SRI JANANI AGENCIES', filter='None'
2026-03-03 21:21:56,210 - Matched GRN 6996b2e829a5f78e456ada8e: vendorName='SRI JANANI AGENCIES'
2026-03-03 21:21:56,210 - GRN 6996aee74c33ae4c560a6466: vendorName raw='SRI JANANI AGENCIES', stripped='SRI JANANI AGENCIES', filter='None'
2026-03-03 21:21:56,210 - Matched GRN 6996aee74c33ae4c560a6466: vendorName='SRI JANANI AGENCIES'
2026-03-03 21:21:56,210 - GRN 6996a25cd099fcddeb14359e: vendorName raw='SRI JANANI AGENCIES', stripped='SRI JANANI AGENCIES', filter='None'
2026-03-03 21:21:56,211 - Matched GRN 6996a25cd099fcddeb14359e: vendorName='SRI JANANI AGENCIES'
2026-03-03 21:21:56,211 - GRN 6996a024d099fcddeb143598: vendorName raw='SRI JANANI AGENCIES', stripped='SRI JANANI AGENCIES', filter='None'
2026-03-03 21:21:56,211 - Matched GRN 6996a024d099fcddeb143598: vendorName='SRI JANANI AGENCIES'
2026-03-03 21:21:56,211 - GRN 69969afa63eff5b997ff6b98: vendorName raw='SRI JANANI AGENCIES', stripped='SRI JANANI AGENCIES', filter='None'
2026-03-03 21:21:56,211 - Matched GRN 69969afa63eff5b997ff6b98: vendorName='SRI JANANI AGENCIES'
2026-03-03 21:21:56,212 - GRN 69969a0263eff5b997ff6b92: vendorName raw='SRI JANANI AGENCIES', stripped='SRI JANANI AGENCIES', filter='None'
2026-03-03 21:21:56,212 - Matched GRN 69969a0263eff5b997ff6b92: vendorName='SRI JANANI AGENCIES'
2026-03-03 21:21:56,212 - GRN 6996978063eff5b997ff6b84: vendorName raw='SRI JANANI AGENCIES', stripped='SRI JANANI AGENCIES', filter='None'
2026-03-03 21:21:56,212 - Matched GRN 6996978063eff5b997ff6b84: vendorName='SRI JANANI AGENCIES'
2026-03-03 21:21:56,212 - GRN 6995afb6449649e8663db557: vendorName raw='SRI JANANI AGENCIES', stripped='SRI JANANI AGENCIES', filter='None'
2026-03-03 21:21:56,213 - Matched GRN 6995afb6449649e8663db557: vendorName='SRI JANANI AGENCIES'
2026-03-03 21:21:56,213 - GRN 6995ae2f449649e8663db53f: vendorName raw='ARR AGENCIES', stripped='ARR AGENCIES', filter='None'
2026-03-03 21:21:56,213 - Matched GRN 6995ae2f449649e8663db53f: vendorName='ARR AGENCIES'
2026-03-03 21:21:56,214 - GRN 69944345ddbb591e2d47c124: vendorName raw='MURUGAN STORE', stripped='MURUGAN STORE', filter='None'
2026-03-03 21:21:56,214 - Matched GRN 69944345ddbb591e2d47c124: vendorName='MURUGAN STORE'
2026-03-03 21:21:56,214 - GRN 6992d97d826cd1300a5f0cce: vendorName raw='SRI JANANI AGENCIES', stripped='SRI JANANI AGENCIES', filter='None'
2026-03-03 21:21:56,214 - Matched GRN 6992d97d826cd1300a5f0cce: vendorName='SRI JANANI AGENCIES'
2026-03-03 21:21:56,214 - GRN 69943ef3f3254ba5acb94d26: vendorName raw='HANISH FOODS SHOP', stripped='HANISH FOODS SHOP', filter='None'
2026-03-03 21:21:56,214 - Matched GRN 69943ef3f3254ba5acb94d26: vendorName='HANISH FOODS SHOP'
2026-03-03 21:21:56,215 - Final filtered GRNs: 14 (skipped: 0 total fetched: 14)
2026-03-03 21:21:56,508 - Tenant context set: 698d68b26e0e40f613847b0c -> purchasetest
2026-03-03 21:21:56,608 - Tenant context set: 698d68b26e0e40f613847b0c -> purchasetest
2026-03-03 21:21:56,714 - Tenant context set: 698d68b26e0e40f613847b0c -> purchasetest
2026-03-03 21:21:57,311 - Full MongoDB query: {'status': {'$in': ['Active', 'active', 'Partially Returned', 'PartiallyReturned']}}
2026-03-03 21:21:57,413 - Raw total matching GRNs: 14
2026-03-03 21:21:57,896 - Fetched 14 raw GRNs from cursor
2026-03-03 21:21:58,182 - GRN 699991b68c3eb2c19a18ef01: vendorName raw='NAMMAKADAI', stripped='NAMMAKADAI', filter='None'
2026-03-03 21:21:58,182 - Matched GRN 699991b68c3eb2c19a18ef01: vendorName='NAMMAKADAI'
2026-03-03 21:21:58,182 - GRN 6996b5ba29a5f78e456adaac: vendorName raw='SRI JANANI AGENCIES', stripped='SRI JANANI AGENCIES', filter='None'
2026-03-03 21:21:58,182 - Matched GRN 6996b5ba29a5f78e456adaac: vendorName='SRI JANANI AGENCIES'
2026-03-03 21:21:58,182 - GRN 6996b2e829a5f78e456ada8e: vendorName raw='SRI JANANI AGENCIES', stripped='SRI JANANI AGENCIES', filter='None'
2026-03-03 21:21:58,183 - Matched GRN 6996b2e829a5f78e456ada8e: vendorName='SRI JANANI AGENCIES'
2026-03-03 21:21:58,183 - GRN 6996aee74c33ae4c560a6466: vendorName raw='SRI JANANI AGENCIES', stripped='SRI JANANI AGENCIES', filter='None'
2026-03-03 21:21:58,183 - Matched GRN 6996aee74c33ae4c560a6466: vendorName='SRI JANANI AGENCIES'
2026-03-03 21:21:58,183 - GRN 6996a25cd099fcddeb14359e: vendorName raw='SRI JANANI AGENCIES', stripped='SRI JANANI AGENCIES', filter='None'
2026-03-03 21:21:58,183 - Matched GRN 6996a25cd099fcddeb14359e: vendorName='SRI JANANI AGENCIES'
2026-03-03 21:21:58,184 - GRN 6996a024d099fcddeb143598: vendorName raw='SRI JANANI AGENCIES', stripped='SRI JANANI AGENCIES', filter='None'
2026-03-03 21:21:58,184 - Matched GRN 6996a024d099fcddeb143598: vendorName='SRI JANANI AGENCIES'
2026-03-03 21:21:58,184 - GRN 69969afa63eff5b997ff6b98: vendorName raw='SRI JANANI AGENCIES', stripped='SRI JANANI AGENCIES', filter='None'
2026-03-03 21:21:58,184 - Matched GRN 69969afa63eff5b997ff6b98: vendorName='SRI JANANI AGENCIES'
2026-03-03 21:21:58,184 - GRN 69969a0263eff5b997ff6b92: vendorName raw='SRI JANANI AGENCIES', stripped='SRI JANANI AGENCIES', filter='None'
2026-03-03 21:21:58,184 - Matched GRN 69969a0263eff5b997ff6b92: vendorName='SRI JANANI AGENCIES'
2026-03-03 21:21:58,185 - GRN 6996978063eff5b997ff6b84: vendorName raw='SRI JANANI AGENCIES', stripped='SRI JANANI AGENCIES', filter='None'
2026-03-03 21:21:58,185 - Matched GRN 6996978063eff5b997ff6b84: vendorName='SRI JANANI AGENCIES'
2026-03-03 21:21:58,185 - GRN 6995afb6449649e8663db557: vendorName raw='SRI JANANI AGENCIES', stripped='SRI JANANI AGENCIES', filter='None'
2026-03-03 21:21:58,185 - Matched GRN 6995afb6449649e8663db557: vendorName='SRI JANANI AGENCIES'
2026-03-03 21:21:58,186 - GRN 6995ae2f449649e8663db53f: vendorName raw='ARR AGENCIES', stripped='ARR AGENCIES', filter='None'
2026-03-03 21:21:58,186 - Matched GRN 6995ae2f449649e8663db53f: vendorName='ARR AGENCIES'
2026-03-03 21:21:58,186 - GRN 69944345ddbb591e2d47c124: vendorName raw='MURUGAN STORE', stripped='MURUGAN STORE', filter='None'
2026-03-03 21:21:58,186 - Matched GRN 69944345ddbb591e2d47c124: vendorName='MURUGAN STORE'
2026-03-03 21:21:58,187 - GRN 6992d97d826cd1300a5f0cce: vendorName raw='SRI JANANI AGENCIES', stripped='SRI JANANI AGENCIES', filter='None'
2026-03-03 21:21:58,187 - Matched GRN 6992d97d826cd1300a5f0cce: vendorName='SRI JANANI AGENCIES'
2026-03-03 21:21:58,187 - GRN 69943ef3f3254ba5acb94d26: vendorName raw='HANISH FOODS SHOP', stripped='HANISH FOODS SHOP', filter='None'
2026-03-03 21:21:58,187 - Matched GRN 69943ef3f3254ba5acb94d26: vendorName='HANISH FOODS SHOP'
2026-03-03 21:21:58,188 - Final filtered GRNs: 14 (skipped: 0 total fetched: 14)
2026-03-03 22:51:32,486 - ✅ Successfully imported: purchaseOrder.po_to_grn
2026-03-03 22:51:32,487 - ✅ Router found in: purchaseOrder.po_to_grn
2026-03-03 22:51:32,493 - ✅ Included YEN ERP: purchaseOrder.po_to_grn
2026-03-03 22:51:32,493 - 🟡 Attempting to import: purchaseOrder.grnConverted
2026-03-03 22:51:32,523 - ✅ Successfully imported: purchaseOrder.grnConverted
2026-03-03 22:51:32,523 - ✅ Router found in: purchaseOrder.grnConverted
2026-03-03 22:51:32,531 - ✅ Included YEN ERP: purchaseOrder.grnConverted
2026-03-03 22:51:32,531 - 🟡 Attempting to import: purchaseOrder.poedit
2026-03-03 22:51:32,537 - ✅ Successfully imported: purchaseOrder.poedit
2026-03-03 22:51:32,537 - ✅ Router found in: purchaseOrder.poedit
2026-03-03 22:51:32,540 - ✅ Included YEN ERP: purchaseOrder.poedit
2026-03-03 22:51:32,541 - 🟡 Attempting to import: purchaseOrder.freightfunction
2026-03-03 22:51:32,558 - ✅ Successfully imported: purchaseOrder.freightfunction
2026-03-03 22:51:32,558 - ✅ Router found in: purchaseOrder.freightfunction
2026-03-03 22:51:32,562 - ✅ Included YEN ERP: purchaseOrder.freightfunction
2026-03-03 22:51:32,562 - 🟡 Attempting to import: purchaseOrder.pending
2026-03-03 22:51:32,604 - ✅ Successfully imported: purchaseOrder.pending
2026-03-03 22:51:32,605 - ✅ Router found in: purchaseOrder.pending
2026-03-03 22:51:32,613 - ✅ Included YEN ERP: purchaseOrder.pending
2026-03-03 22:51:32,613 - 🟡 Attempting to import: grn.routes
2026-03-03 22:51:32,614 - ✅ Successfully imported: grn.routes
2026-03-03 22:51:32,614 - ✅ Router found in: grn.routes
2026-03-03 22:51:32,696 - ✅ Included YEN ERP: grn.routes
2026-03-03 22:51:32,697 - 🟡 Attempting to import: grn.return
2026-03-03 22:51:33,665 - ✅ Successfully imported: grn.return
2026-03-03 22:51:33,665 - ✅ Router found in: grn.return
2026-03-03 22:51:33,675 - ✅ Included YEN ERP: grn.return
2026-03-03 22:51:33,675 - 🟡 Attempting to import: grn.grn_to_ap
2026-03-03 22:51:33,808 - ✅ Successfully imported: grn.grn_to_ap
2026-03-03 22:51:33,808 - ✅ Router found in: grn.grn_to_ap
2026-03-03 22:51:33,810 - ✅ Included YEN ERP: grn.grn_to_ap
2026-03-03 22:51:33,811 - 🟡 Attempting to import: grn.debitnote
2026-03-03 22:51:34,364 - ✅ Successfully imported: grn.debitnote
2026-03-03 22:51:34,364 - ✅ Router found in: grn.debitnote
2026-03-03 22:51:34,401 - ✅ Included YEN ERP: grn.debitnote
2026-03-03 22:51:34,401 - 🟡 Attempting to import: grn.grn_to_ap_outgoing
2026-03-03 22:51:34,637 - ✅ Successfully imported: grn.grn_to_ap_outgoing
2026-03-03 22:51:34,637 - ✅ Router found in: grn.grn_to_ap_outgoing
2026-03-03 22:51:34,642 - ✅ Included YEN ERP: grn.grn_to_ap_outgoing
2026-03-03 22:51:34,642 - 🟡 Attempting to import: grn.grn_to_po
2026-03-03 22:51:34,649 - ✅ Successfully imported: grn.grn_to_po
2026-03-03 22:51:34,649 - ✅ Router found in: grn.grn_to_po
2026-03-03 22:51:34,652 - ✅ Included YEN ERP: grn.grn_to_po
2026-03-03 22:51:34,652 - 🟡 Attempting to import: apinvoice.routes
2026-03-03 22:51:34,652 - ✅ Successfully imported: apinvoice.routes
2026-03-03 22:51:34,652 - ✅ Router found in: apinvoice.routes
2026-03-03 22:51:34,727 - ✅ Included YEN ERP: apinvoice.routes
2026-03-03 22:51:34,727 - 🟡 Attempting to import: apinvoice.ap_to_outgoing
2026-03-03 22:51:34,734 - ✅ Successfully imported: apinvoice.ap_to_outgoing
2026-03-03 22:51:34,735 - ✅ Router found in: apinvoice.ap_to_outgoing
2026-03-03 22:51:34,739 - ✅ Included YEN ERP: apinvoice.ap_to_outgoing
2026-03-03 22:51:34,739 - 🟡 Attempting to import: apinvoice.apReturned
2026-03-03 22:51:34,745 - ✅ Successfully imported: apinvoice.apReturned
2026-03-03 22:51:34,746 - ✅ Router found in: apinvoice.apReturned
2026-03-03 22:51:34,751 - ✅ Included YEN ERP: apinvoice.apReturned
2026-03-03 22:51:34,751 - 🟡 Attempting to import: outgoingPayment.routes
2026-03-03 22:51:34,751 - ✅ Successfully imported: outgoingPayment.routes
2026-03-03 22:51:34,751 - ✅ Router found in: outgoingPayment.routes
2026-03-03 22:51:34,860 - ✅ Included YEN ERP: outgoingPayment.routes
2026-03-03 22:51:34,860 - 🟡 Attempting to import: outgoingPayment.bulk_payment
2026-03-03 22:51:34,886 - ✅ Successfully imported: outgoingPayment.bulk_payment
2026-03-03 22:51:34,886 - ✅ Router found in: outgoingPayment.bulk_payment
2026-03-03 22:51:34,892 - ✅ Included YEN ERP: outgoingPayment.bulk_payment
2026-03-03 22:51:34,892 - 🟡 Attempting to import: outgoingPayment.vendor_ledger
2026-03-03 22:51:34,899 - ✅ Successfully imported: outgoingPayment.vendor_ledger
2026-03-03 22:51:34,899 - ✅ Router found in: outgoingPayment.vendor_ledger
2026-03-03 22:51:34,907 - ✅ Included YEN ERP: outgoingPayment.vendor_ledger
2026-03-03 22:51:34,907 - 🟡 Attempting to import: outgoingPayment.single_payment
2026-03-03 22:51:34,921 - ✅ Successfully imported: outgoingPayment.single_payment
2026-03-03 22:51:34,922 - ✅ Router found in: outgoingPayment.single_payment
2026-03-03 22:51:34,925 - ✅ Included YEN ERP: outgoingPayment.single_payment
2026-03-03 22:51:34,925 - 🟡 Attempting to import: outgoingPayment.payment_history
2026-03-03 22:51:34,965 - ✅ Successfully imported: outgoingPayment.payment_history
2026-03-03 22:51:34,965 - ✅ Router found in: outgoingPayment.payment_history
2026-03-03 22:51:34,973 - ✅ Included YEN ERP: outgoingPayment.payment_history
2026-03-03 22:51:34,973 - 🟡 Attempting to import: outgoingPayment.advance_routes
2026-03-03 22:51:35,087 - ✅ Successfully imported: outgoingPayment.advance_routes
2026-03-03 22:51:35,087 - ✅ Router found in: outgoingPayment.advance_routes
2026-03-03 22:51:35,132 - ✅ Included YEN ERP: outgoingPayment.advance_routes
2026-03-03 22:51:35,132 - 🟡 Attempting to import: Business.routes
2026-03-03 22:51:35,172 - ✅ Successfully imported: Business.routes
2026-03-03 22:51:35,172 - ✅ Router found in: Business.routes
2026-03-03 22:51:35,202 - ✅ Included YEN ERP: Business.routes
2026-03-03 22:51:35,202 - 🟡 Attempting to import: Personal.routes
2026-03-03 22:51:35,236 - ✅ Successfully imported: Personal.routes
2026-03-03 22:51:35,236 - ✅ Router found in: Personal.routes
2026-03-03 22:51:35,256 - ✅ Included YEN ERP: Personal.routes
2026-03-03 22:51:35,256 - 🟡 Attempting to import: shippingaddress.routes
2026-03-03 22:51:35,295 - ✅ Successfully imported: shippingaddress.routes
2026-03-03 22:51:35,295 - ✅ Router found in: shippingaddress.routes
2026-03-03 22:51:35,310 - ✅ Included YEN ERP: shippingaddress.routes
2026-03-03 22:51:35,311 - 🟡 Attempting to import: ItemGroup.routes
2026-03-03 22:51:35,349 - ✅ Successfully imported: ItemGroup.routes
2026-03-03 22:51:35,349 - ✅ Router found in: ItemGroup.routes
2026-03-03 22:51:35,376 - ✅ Included YEN ERP: ItemGroup.routes
2026-03-03 22:51:35,376 - 🟡 Attempting to import: FreightMaster.routes
2026-03-03 22:51:35,422 - ✅ Successfully imported: FreightMaster.routes
2026-03-03 22:51:35,422 - ✅ Router found in: FreightMaster.routes
2026-03-03 22:51:35,509 - ✅ Included YEN ERP: FreightMaster.routes
2026-03-03 22:51:35,510 - 🟡 Attempting to import: purchaseOrder.poimport
2026-03-03 22:51:37,675 - ✅ Successfully imported: purchaseOrder.poimport
2026-03-03 22:51:37,676 - ✅ Router found in: purchaseOrder.poimport
2026-03-03 22:51:37,729 - ✅ Included YEN ERP: purchaseOrder.poimport
2026-03-03 22:51:37,730 - 🟡 Attempting to import: ServiceOrder.routes
2026-03-03 22:51:37,940 - ✅ Successfully imported: ServiceOrder.routes
2026-03-03 22:51:37,940 - ✅ Router found in: ServiceOrder.routes
2026-03-03 22:51:38,023 - ✅ Included YEN ERP: ServiceOrder.routes
2026-03-03 22:51:38,024 - 🟡 Attempting to import: Service.serviceSummary
2026-03-03 22:51:38,033 - ✅ Successfully imported: Service.serviceSummary
2026-03-03 22:51:38,034 - ✅ Router found in: Service.serviceSummary
2026-03-03 22:51:38,039 - ✅ Included YEN ERP: Service.serviceSummary
2026-03-03 22:51:38,039 - 🟡 Attempting to import: ServiceOrder.servicelist
2026-03-03 22:51:38,069 - ✅ Successfully imported: ServiceOrder.servicelist
2026-03-03 22:51:38,069 - ✅ Router found in: ServiceOrder.servicelist
2026-03-03 22:51:38,092 - ✅ Included YEN ERP: ServiceOrder.servicelist
2026-03-03 22:51:38,092 - 🟡 Attempting to import: ServiceOrder.filterpatch
2026-03-03 22:51:38,106 - ✅ Successfully imported: ServiceOrder.filterpatch
2026-03-03 22:51:38,106 - ✅ Router found in: ServiceOrder.filterpatch
2026-03-03 22:51:38,116 - ✅ Included YEN ERP: ServiceOrder.filterpatch
2026-03-03 22:51:38,116 - 🟡 Attempting to import: ServiceOrder.service_ap_outgoing
2026-03-03 22:51:38,132 - ✅ Successfully imported: ServiceOrder.service_ap_outgoing
2026-03-03 22:51:38,132 - ✅ Router found in: ServiceOrder.service_ap_outgoing
2026-03-03 22:51:38,143 - ✅ Included YEN ERP: ServiceOrder.service_ap_outgoing
2026-03-03 22:53:52,807 - ✅ Main sync connection created
2026-03-03 22:53:53,538 - Tenant context set: 698d68b26e0e40f613847b0c -> purchasetest
2026-03-03 22:57:00,038 - Tenant context set: 698d68b26e0e40f613847b0c -> purchasetest
2026-03-03 22:57:00,172 - ✅ Tenant 698d68b26e0e40f613847b0c sync DB: purchasetest
2026-03-03 22:57:00,935 - Tenant context set: 698d68b26e0e40f613847b0c -> purchasetest
2026-03-03 22:57:01,334 - Tenant context set: 698d68b26e0e40f613847b0c -> purchasetest
2026-03-03 22:57:54,081 - 🔧 Creating database: check_db_TNT015 for tenant: check db 
2026-03-03 22:57:54,155 - Existing collections in check_db_TNT015: []
2026-03-03 22:57:54,361 - ✅ Created empty collection: businessdetails
2026-03-03 22:57:54,565 - ✅ Created empty collection: vendor
2026-03-03 22:57:54,787 - ✅ Created empty collection: purchaseorder
2026-03-03 22:57:54,992 - ✅ Created empty collection: rawMaterials
2026-03-03 22:57:55,154 - ✅ Created empty collection: purchasetax
2026-03-03 22:57:55,349 - ✅ Created empty collection: service
2026-03-03 22:57:55,551 - ✅ Created empty collection: grn
2026-03-03 22:57:55,811 - ✅ Created empty collection: apInvoice
2026-03-03 22:57:56,120 - ✅ Created empty collection: outgoingpayment
2026-03-03 22:57:56,527 - ✅ Created empty collection: advancepayment
2026-03-03 22:57:56,937 - ✅ Created empty collection: Imageforpurchase
2026-03-03 22:57:57,239 - ✅ Created empty collection: storagelocation
2026-03-03 22:57:57,532 - ✅ Created empty collection: vendortype
2026-03-03 22:57:58,164 - ✅ Created empty collection: shippingaddress
2026-03-03 22:57:58,359 - ✅ Created empty collection: purchasesubcategory
2026-03-03 22:57:58,576 - ✅ Created empty collection: purchasecategory
2026-03-03 22:57:58,748 - ✅ Created empty collection: itemtype
2026-03-03 22:57:58,949 - ✅ Created empty collection: itemgroup
2026-03-03 22:57:59,162 - ✅ Created empty collection: freightMaster
2026-03-03 22:57:59,360 - ✅ Created empty collection: ServiceWorkOrder
2026-03-03 22:57:59,599 - ✅ Created empty collection: purchaseuom
2026-03-03 22:57:59,754 - ✅ Created empty collection: revertrawMaterials
2026-03-03 22:57:59,960 - ✅ Created empty collection: revertpurchasecategory
2026-03-03 22:58:00,317 - ✅ Created empty collection: personaldetails
2026-03-03 22:58:00,640 - ✅ Created empty collection: grnDebitNote
2026-03-03 22:58:00,930 - ✅ Created empty collection: ReturnReason
2026-03-03 22:58:01,135 - 📊 Database setup complete for check db :
2026-03-03 22:58:01,135 -    Database: check_db_TNT015
2026-03-03 22:58:01,135 -    Collections created: 26 empty collections
2026-03-03 22:58:01,235 -    Total collections now in database: 26
2026-03-03 22:58:38,181 - Tenant context set: 698d68b26e0e40f613847b0c -> purchasetest
2026-03-03 22:58:38,437 - Tenant context set: 698d68b26e0e40f613847b0c -> purchasetest
2026-03-03 22:58:38,732 - Tenant context set: 698d68b26e0e40f613847b0c -> purchasetest
2026-03-03 22:59:27,459 - Tenant context set: 698d68b26e0e40f613847b0c -> purchasetest
2026-03-03 22:59:36,233 - Tenant context set: 698d68b26e0e40f613847b0c -> purchasetest
2026-03-03 22:59:36,336 - Tenant context set: 698d68b26e0e40f613847b0c -> purchasetest
2026-03-03 22:59:37,031 - Tenant context set: 698d68b26e0e40f613847b0c -> purchasetest
2026-03-03 22:59:37,432 - Tenant context set: 698d68b26e0e40f613847b0c -> purchasetest
2026-03-03 23:02:11,243 - Tenant context set: 698d68b26e0e40f613847b0c -> purchasetest
2026-03-03 23:08:40,870 - ✅ Successfully imported: purchaseOrder.po_to_grn
2026-03-03 23:08:40,871 - ✅ Router found in: purchaseOrder.po_to_grn
2026-03-03 23:08:40,878 - ✅ Included YEN ERP: purchaseOrder.po_to_grn
2026-03-03 23:08:40,878 - 🟡 Attempting to import: purchaseOrder.grnConverted
2026-03-03 23:08:40,927 - ✅ Successfully imported: purchaseOrder.grnConverted
2026-03-03 23:08:40,927 - ✅ Router found in: purchaseOrder.grnConverted
2026-03-03 23:08:40,944 - ✅ Included YEN ERP: purchaseOrder.grnConverted
2026-03-03 23:08:40,944 - 🟡 Attempting to import: purchaseOrder.poedit
2026-03-03 23:08:40,954 - ✅ Successfully imported: purchaseOrder.poedit
2026-03-03 23:08:40,954 - ✅ Router found in: purchaseOrder.poedit
2026-03-03 23:08:40,958 - ✅ Included YEN ERP: purchaseOrder.poedit
2026-03-03 23:08:40,959 - 🟡 Attempting to import: purchaseOrder.freightfunction
2026-03-03 23:08:40,983 - ✅ Successfully imported: purchaseOrder.freightfunction
2026-03-03 23:08:40,984 - ✅ Router found in: purchaseOrder.freightfunction
2026-03-03 23:08:40,990 - ✅ Included YEN ERP: purchaseOrder.freightfunction
2026-03-03 23:08:40,990 - 🟡 Attempting to import: purchaseOrder.pending
2026-03-03 23:08:41,054 - ✅ Successfully imported: purchaseOrder.pending
2026-03-03 23:08:41,054 - ✅ Router found in: purchaseOrder.pending
2026-03-03 23:08:41,072 - ✅ Included YEN ERP: purchaseOrder.pending
2026-03-03 23:08:41,072 - 🟡 Attempting to import: grn.routes
2026-03-03 23:08:41,072 - ✅ Successfully imported: grn.routes
2026-03-03 23:08:41,072 - ✅ Router found in: grn.routes
2026-03-03 23:08:41,209 - ✅ Included YEN ERP: grn.routes
2026-03-03 23:08:41,209 - 🟡 Attempting to import: grn.return
2026-03-03 23:08:42,871 - ✅ Successfully imported: grn.return
2026-03-03 23:08:42,872 - ✅ Router found in: grn.return
2026-03-03 23:08:42,904 - ✅ Included YEN ERP: grn.return
2026-03-03 23:08:42,904 - 🟡 Attempting to import: grn.grn_to_ap
2026-03-03 23:08:43,194 - ✅ Successfully imported: grn.grn_to_ap
2026-03-03 23:08:43,194 - ✅ Router found in: grn.grn_to_ap
2026-03-03 23:08:43,201 - ✅ Included YEN ERP: grn.grn_to_ap
2026-03-03 23:08:43,201 - 🟡 Attempting to import: grn.debitnote
2026-03-03 23:08:43,958 - ✅ Successfully imported: grn.debitnote
2026-03-03 23:08:43,958 - ✅ Router found in: grn.debitnote
2026-03-03 23:08:44,014 - ✅ Included YEN ERP: grn.debitnote
2026-03-03 23:08:44,014 - 🟡 Attempting to import: grn.grn_to_ap_outgoing
2026-03-03 23:08:44,571 - ✅ Successfully imported: grn.grn_to_ap_outgoing
2026-03-03 23:08:44,571 - ✅ Router found in: grn.grn_to_ap_outgoing
2026-03-03 23:08:44,586 - ✅ Included YEN ERP: grn.grn_to_ap_outgoing
2026-03-03 23:08:44,586 - 🟡 Attempting to import: grn.grn_to_po
2026-03-03 23:08:44,594 - ✅ Successfully imported: grn.grn_to_po
2026-03-03 23:08:44,594 - ✅ Router found in: grn.grn_to_po
2026-03-03 23:08:44,598 - ✅ Included YEN ERP: grn.grn_to_po
2026-03-03 23:08:44,598 - 🟡 Attempting to import: apinvoice.routes
2026-03-03 23:08:44,598 - ✅ Successfully imported: apinvoice.routes
2026-03-03 23:08:44,599 - ✅ Router found in: apinvoice.routes
2026-03-03 23:08:44,733 - ✅ Included YEN ERP: apinvoice.routes
2026-03-03 23:08:44,733 - 🟡 Attempting to import: apinvoice.ap_to_outgoing
2026-03-03 23:08:44,740 - ✅ Successfully imported: apinvoice.ap_to_outgoing
2026-03-03 23:08:44,740 - ✅ Router found in: apinvoice.ap_to_outgoing
2026-03-03 23:08:44,743 - ✅ Included YEN ERP: apinvoice.ap_to_outgoing
2026-03-03 23:08:44,744 - 🟡 Attempting to import: apinvoice.apReturned
2026-03-03 23:08:44,750 - ✅ Successfully imported: apinvoice.apReturned
2026-03-03 23:08:44,750 - ✅ Router found in: apinvoice.apReturned
2026-03-03 23:08:44,754 - ✅ Included YEN ERP: apinvoice.apReturned
2026-03-03 23:08:44,754 - 🟡 Attempting to import: outgoingPayment.routes
2026-03-03 23:08:44,754 - ✅ Successfully imported: outgoingPayment.routes
2026-03-03 23:08:44,754 - ✅ Router found in: outgoingPayment.routes
2026-03-03 23:08:44,944 - ✅ Included YEN ERP: outgoingPayment.routes
2026-03-03 23:08:44,944 - 🟡 Attempting to import: outgoingPayment.bulk_payment
2026-03-03 23:08:44,999 - ✅ Successfully imported: outgoingPayment.bulk_payment
2026-03-03 23:08:44,999 - ✅ Router found in: outgoingPayment.bulk_payment
2026-03-03 23:08:45,007 - ✅ Included YEN ERP: outgoingPayment.bulk_payment
2026-03-03 23:08:45,007 - 🟡 Attempting to import: outgoingPayment.vendor_ledger
2026-03-03 23:08:45,019 - ✅ Successfully imported: outgoingPayment.vendor_ledger
2026-03-03 23:08:45,019 - ✅ Router found in: outgoingPayment.vendor_ledger
2026-03-03 23:08:45,026 - ✅ Included YEN ERP: outgoingPayment.vendor_ledger
2026-03-03 23:08:45,039 - 🟡 Attempting to import: outgoingPayment.single_payment
2026-03-03 23:08:45,053 - ✅ Successfully imported: outgoingPayment.single_payment
2026-03-03 23:08:45,053 - ✅ Router found in: outgoingPayment.single_payment
2026-03-03 23:08:45,057 - ✅ Included YEN ERP: outgoingPayment.single_payment
2026-03-03 23:08:45,057 - 🟡 Attempting to import: outgoingPayment.payment_history
2026-03-03 23:08:45,098 - ✅ Successfully imported: outgoingPayment.payment_history
2026-03-03 23:08:45,098 - ✅ Router found in: outgoingPayment.payment_history
2026-03-03 23:08:45,107 - ✅ Included YEN ERP: outgoingPayment.payment_history
2026-03-03 23:08:45,107 - 🟡 Attempting to import: outgoingPayment.advance_routes
2026-03-03 23:08:45,222 - ✅ Successfully imported: outgoingPayment.advance_routes
2026-03-03 23:08:45,222 - ✅ Router found in: outgoingPayment.advance_routes
2026-03-03 23:08:45,255 - ✅ Included YEN ERP: outgoingPayment.advance_routes
2026-03-03 23:08:45,255 - 🟡 Attempting to import: Business.routes
2026-03-03 23:08:45,301 - ✅ Successfully imported: Business.routes
2026-03-03 23:08:45,302 - ✅ Router found in: Business.routes
2026-03-03 23:08:45,325 - ✅ Included YEN ERP: Business.routes
2026-03-03 23:08:45,325 - 🟡 Attempting to import: Personal.routes
2026-03-03 23:08:45,376 - ✅ Successfully imported: Personal.routes
2026-03-03 23:08:45,376 - ✅ Router found in: Personal.routes
2026-03-03 23:08:45,427 - ✅ Included YEN ERP: Personal.routes
2026-03-03 23:08:45,428 - 🟡 Attempting to import: shippingaddress.routes
2026-03-03 23:08:45,491 - ✅ Successfully imported: shippingaddress.routes
2026-03-03 23:08:45,491 - ✅ Router found in: shippingaddress.routes
2026-03-03 23:08:45,511 - ✅ Included YEN ERP: shippingaddress.routes
2026-03-03 23:08:45,512 - 🟡 Attempting to import: ItemGroup.routes
2026-03-03 23:08:45,562 - ✅ Successfully imported: ItemGroup.routes
2026-03-03 23:08:45,563 - ✅ Router found in: ItemGroup.routes
2026-03-03 23:08:45,610 - ✅ Included YEN ERP: ItemGroup.routes
2026-03-03 23:08:45,610 - 🟡 Attempting to import: FreightMaster.routes
2026-03-03 23:08:45,707 - ✅ Successfully imported: FreightMaster.routes
2026-03-03 23:08:45,707 - ✅ Router found in: FreightMaster.routes
2026-03-03 23:08:45,768 - ✅ Included YEN ERP: FreightMaster.routes
2026-03-03 23:08:45,768 - 🟡 Attempting to import: purchaseOrder.poimport
2026-03-03 23:08:47,736 - ✅ Successfully imported: purchaseOrder.poimport
2026-03-03 23:08:47,736 - ✅ Router found in: purchaseOrder.poimport
2026-03-03 23:08:47,747 - ✅ Included YEN ERP: purchaseOrder.poimport
2026-03-03 23:08:47,747 - 🟡 Attempting to import: ServiceOrder.routes
2026-03-03 23:08:47,889 - ✅ Successfully imported: ServiceOrder.routes
2026-03-03 23:08:47,890 - ✅ Router found in: ServiceOrder.routes
2026-03-03 23:08:47,940 - ✅ Included YEN ERP: ServiceOrder.routes
2026-03-03 23:08:47,940 - 🟡 Attempting to import: Service.serviceSummary
2026-03-03 23:08:47,950 - ✅ Successfully imported: Service.serviceSummary
2026-03-03 23:08:47,950 - ✅ Router found in: Service.serviceSummary
2026-03-03 23:08:47,955 - ✅ Included YEN ERP: Service.serviceSummary
2026-03-03 23:08:47,955 - 🟡 Attempting to import: ServiceOrder.servicelist
2026-03-03 23:08:47,979 - ✅ Successfully imported: ServiceOrder.servicelist
2026-03-03 23:08:47,980 - ✅ Router found in: ServiceOrder.servicelist
2026-03-03 23:08:48,000 - ✅ Included YEN ERP: ServiceOrder.servicelist
2026-03-03 23:08:48,001 - 🟡 Attempting to import: ServiceOrder.filterpatch
2026-03-03 23:08:48,011 - ✅ Successfully imported: ServiceOrder.filterpatch
2026-03-03 23:08:48,011 - ✅ Router found in: ServiceOrder.filterpatch
2026-03-03 23:08:48,020 - ✅ Included YEN ERP: ServiceOrder.filterpatch
2026-03-03 23:08:48,020 - 🟡 Attempting to import: ServiceOrder.service_ap_outgoing
2026-03-03 23:08:48,032 - ✅ Successfully imported: ServiceOrder.service_ap_outgoing
2026-03-03 23:08:48,032 - ✅ Router found in: ServiceOrder.service_ap_outgoing
2026-03-03 23:08:48,041 - ✅ Included YEN ERP: ServiceOrder.service_ap_outgoing
2026-03-03 23:11:54,387 - ✅ Successfully imported: purchaseOrder.po_to_grn
2026-03-03 23:11:54,388 - ✅ Router found in: purchaseOrder.po_to_grn
2026-03-03 23:11:54,392 - ✅ Included YEN ERP: purchaseOrder.po_to_grn
2026-03-03 23:11:54,392 - 🟡 Attempting to import: purchaseOrder.grnConverted
2026-03-03 23:11:54,417 - ✅ Successfully imported: purchaseOrder.grnConverted
2026-03-03 23:11:54,417 - ✅ Router found in: purchaseOrder.grnConverted
2026-03-03 23:11:54,425 - ✅ Included YEN ERP: purchaseOrder.grnConverted
2026-03-03 23:11:54,425 - 🟡 Attempting to import: purchaseOrder.poedit
2026-03-03 23:11:54,429 - ✅ Successfully imported: purchaseOrder.poedit
2026-03-03 23:11:54,429 - ✅ Router found in: purchaseOrder.poedit
2026-03-03 23:11:54,432 - ✅ Included YEN ERP: purchaseOrder.poedit
2026-03-03 23:11:54,432 - 🟡 Attempting to import: purchaseOrder.freightfunction
2026-03-03 23:11:54,444 - ✅ Successfully imported: purchaseOrder.freightfunction
2026-03-03 23:11:54,444 - ✅ Router found in: purchaseOrder.freightfunction
2026-03-03 23:11:54,447 - ✅ Included YEN ERP: purchaseOrder.freightfunction
2026-03-03 23:11:54,447 - 🟡 Attempting to import: purchaseOrder.pending
2026-03-03 23:11:54,476 - ✅ Successfully imported: purchaseOrder.pending
2026-03-03 23:11:54,476 - ✅ Router found in: purchaseOrder.pending
2026-03-03 23:11:54,485 - ✅ Included YEN ERP: purchaseOrder.pending
2026-03-03 23:11:54,485 - 🟡 Attempting to import: grn.routes
2026-03-03 23:11:54,485 - ✅ Successfully imported: grn.routes
2026-03-03 23:11:54,485 - ✅ Router found in: grn.routes
2026-03-03 23:11:54,548 - ✅ Included YEN ERP: grn.routes
2026-03-03 23:11:54,548 - 🟡 Attempting to import: grn.return
2026-03-03 23:11:55,287 - ✅ Successfully imported: grn.return
2026-03-03 23:11:55,287 - ✅ Router found in: grn.return
2026-03-03 23:11:55,296 - ✅ Included YEN ERP: grn.return
2026-03-03 23:11:55,297 - 🟡 Attempting to import: grn.grn_to_ap
2026-03-03 23:11:55,407 - ✅ Successfully imported: grn.grn_to_ap
2026-03-03 23:11:55,407 - ✅ Router found in: grn.grn_to_ap
2026-03-03 23:11:55,410 - ✅ Included YEN ERP: grn.grn_to_ap
2026-03-03 23:11:55,410 - 🟡 Attempting to import: grn.debitnote
2026-03-03 23:11:55,838 - ✅ Successfully imported: grn.debitnote
2026-03-03 23:11:55,840 - ✅ Router found in: grn.debitnote
2026-03-03 23:11:55,870 - ✅ Included YEN ERP: grn.debitnote
2026-03-03 23:11:55,870 - 🟡 Attempting to import: grn.grn_to_ap_outgoing
2026-03-03 23:11:56,058 - ✅ Successfully imported: grn.grn_to_ap_outgoing
2026-03-03 23:11:56,058 - ✅ Router found in: grn.grn_to_ap_outgoing
2026-03-03 23:11:56,062 - ✅ Included YEN ERP: grn.grn_to_ap_outgoing
2026-03-03 23:11:56,062 - 🟡 Attempting to import: grn.grn_to_po
2026-03-03 23:11:56,067 - ✅ Successfully imported: grn.grn_to_po
2026-03-03 23:11:56,067 - ✅ Router found in: grn.grn_to_po
2026-03-03 23:11:56,069 - ✅ Included YEN ERP: grn.grn_to_po
2026-03-03 23:11:56,069 - 🟡 Attempting to import: apinvoice.routes
2026-03-03 23:11:56,069 - ✅ Successfully imported: apinvoice.routes
2026-03-03 23:11:56,069 - ✅ Router found in: apinvoice.routes
2026-03-03 23:11:56,119 - ✅ Included YEN ERP: apinvoice.routes
2026-03-03 23:11:56,119 - 🟡 Attempting to import: apinvoice.ap_to_outgoing
2026-03-03 23:11:56,123 - ✅ Successfully imported: apinvoice.ap_to_outgoing
2026-03-03 23:11:56,123 - ✅ Router found in: apinvoice.ap_to_outgoing
2026-03-03 23:11:56,125 - ✅ Included YEN ERP: apinvoice.ap_to_outgoing
2026-03-03 23:11:56,125 - 🟡 Attempting to import: apinvoice.apReturned
2026-03-03 23:11:56,129 - ✅ Successfully imported: apinvoice.apReturned
2026-03-03 23:11:56,129 - ✅ Router found in: apinvoice.apReturned
2026-03-03 23:11:56,131 - ✅ Included YEN ERP: apinvoice.apReturned
2026-03-03 23:11:56,131 - 🟡 Attempting to import: outgoingPayment.routes
2026-03-03 23:11:56,131 - ✅ Successfully imported: outgoingPayment.routes
2026-03-03 23:11:56,131 - ✅ Router found in: outgoingPayment.routes
2026-03-03 23:11:56,195 - ✅ Included YEN ERP: outgoingPayment.routes
2026-03-03 23:11:56,195 - 🟡 Attempting to import: outgoingPayment.bulk_payment
2026-03-03 23:11:56,223 - ✅ Successfully imported: outgoingPayment.bulk_payment
2026-03-03 23:11:56,223 - ✅ Router found in: outgoingPayment.bulk_payment
2026-03-03 23:11:56,226 - ✅ Included YEN ERP: outgoingPayment.bulk_payment
2026-03-03 23:11:56,226 - 🟡 Attempting to import: outgoingPayment.vendor_ledger
2026-03-03 23:11:56,234 - ✅ Successfully imported: outgoingPayment.vendor_ledger
2026-03-03 23:11:56,234 - ✅ Router found in: outgoingPayment.vendor_ledger
2026-03-03 23:11:56,239 - ✅ Included YEN ERP: outgoingPayment.vendor_ledger
2026-03-03 23:11:56,239 - 🟡 Attempting to import: outgoingPayment.single_payment
2026-03-03 23:11:56,245 - ✅ Successfully imported: outgoingPayment.single_payment
2026-03-03 23:11:56,245 - ✅ Router found in: outgoingPayment.single_payment
2026-03-03 23:11:56,249 - ✅ Included YEN ERP: outgoingPayment.single_payment
2026-03-03 23:11:56,249 - 🟡 Attempting to import: outgoingPayment.payment_history
2026-03-03 23:11:56,265 - ✅ Successfully imported: outgoingPayment.payment_history
2026-03-03 23:11:56,266 - ✅ Router found in: outgoingPayment.payment_history
2026-03-03 23:11:56,270 - ✅ Included YEN ERP: outgoingPayment.payment_history
2026-03-03 23:11:56,270 - 🟡 Attempting to import: outgoingPayment.advance_routes
2026-03-03 23:11:56,302 - ✅ Successfully imported: outgoingPayment.advance_routes
2026-03-03 23:11:56,302 - ✅ Router found in: outgoingPayment.advance_routes
2026-03-03 23:11:56,316 - ✅ Included YEN ERP: outgoingPayment.advance_routes
2026-03-03 23:11:56,316 - 🟡 Attempting to import: Business.routes
2026-03-03 23:11:56,337 - ✅ Successfully imported: Business.routes
2026-03-03 23:11:56,338 - ✅ Router found in: Business.routes
2026-03-03 23:11:56,347 - ✅ Included YEN ERP: Business.routes
2026-03-03 23:11:56,347 - 🟡 Attempting to import: Personal.routes
2026-03-03 23:11:56,373 - ✅ Successfully imported: Personal.routes
2026-03-03 23:11:56,373 - ✅ Router found in: Personal.routes
2026-03-03 23:11:56,390 - ✅ Included YEN ERP: Personal.routes
2026-03-03 23:11:56,391 - 🟡 Attempting to import: shippingaddress.routes
2026-03-03 23:11:56,426 - ✅ Successfully imported: shippingaddress.routes
2026-03-03 23:11:56,426 - ✅ Router found in: shippingaddress.routes
2026-03-03 23:11:56,445 - ✅ Included YEN ERP: shippingaddress.routes
2026-03-03 23:11:56,446 - 🟡 Attempting to import: ItemGroup.routes
2026-03-03 23:11:56,493 - ✅ Successfully imported: ItemGroup.routes
2026-03-03 23:11:56,493 - ✅ Router found in: ItemGroup.routes
2026-03-03 23:11:56,523 - ✅ Included YEN ERP: ItemGroup.routes
2026-03-03 23:11:56,524 - 🟡 Attempting to import: FreightMaster.routes
2026-03-03 23:11:56,592 - ✅ Successfully imported: FreightMaster.routes
2026-03-03 23:11:56,593 - ✅ Router found in: FreightMaster.routes
2026-03-03 23:11:56,631 - ✅ Included YEN ERP: FreightMaster.routes
2026-03-03 23:11:56,632 - 🟡 Attempting to import: purchaseOrder.poimport
2026-03-03 23:11:57,541 - ✅ Successfully imported: purchaseOrder.poimport
2026-03-03 23:11:57,541 - ✅ Router found in: purchaseOrder.poimport
2026-03-03 23:11:57,551 - ✅ Included YEN ERP: purchaseOrder.poimport
2026-03-03 23:11:57,552 - 🟡 Attempting to import: ServiceOrder.routes
2026-03-03 23:11:57,647 - ✅ Successfully imported: ServiceOrder.routes
2026-03-03 23:11:57,647 - ✅ Router found in: ServiceOrder.routes
2026-03-03 23:11:57,680 - ✅ Included YEN ERP: ServiceOrder.routes
2026-03-03 23:11:57,681 - 🟡 Attempting to import: Service.serviceSummary
2026-03-03 23:11:57,685 - ✅ Successfully imported: Service.serviceSummary
2026-03-03 23:11:57,685 - ✅ Router found in: Service.serviceSummary
2026-03-03 23:11:57,689 - ✅ Included YEN ERP: Service.serviceSummary
2026-03-03 23:11:57,689 - 🟡 Attempting to import: ServiceOrder.servicelist
2026-03-03 23:11:57,702 - ✅ Successfully imported: ServiceOrder.servicelist
2026-03-03 23:11:57,702 - ✅ Router found in: ServiceOrder.servicelist
2026-03-03 23:11:57,715 - ✅ Included YEN ERP: ServiceOrder.servicelist
2026-03-03 23:11:57,715 - 🟡 Attempting to import: ServiceOrder.filterpatch
2026-03-03 23:11:57,721 - ✅ Successfully imported: ServiceOrder.filterpatch
2026-03-03 23:11:57,721 - ✅ Router found in: ServiceOrder.filterpatch
2026-03-03 23:11:57,838 - ✅ Included YEN ERP: ServiceOrder.filterpatch
2026-03-03 23:11:57,838 - 🟡 Attempting to import: ServiceOrder.service_ap_outgoing
2026-03-03 23:11:57,858 - ✅ Successfully imported: ServiceOrder.service_ap_outgoing
2026-03-03 23:11:57,858 - ✅ Router found in: ServiceOrder.service_ap_outgoing
2026-03-03 23:11:57,866 - ✅ Included YEN ERP: ServiceOrder.service_ap_outgoing
2026-03-03 23:12:57,880 - ✅ Successfully imported: purchaseOrder.po_to_grn
2026-03-03 23:12:57,880 - ✅ Router found in: purchaseOrder.po_to_grn
2026-03-03 23:12:57,886 - ✅ Included YEN ERP: purchaseOrder.po_to_grn
2026-03-03 23:12:57,886 - 🟡 Attempting to import: purchaseOrder.grnConverted
2026-03-03 23:12:57,908 - ✅ Successfully imported: purchaseOrder.grnConverted
2026-03-03 23:12:57,908 - ✅ Router found in: purchaseOrder.grnConverted
2026-03-03 23:12:57,914 - ✅ Included YEN ERP: purchaseOrder.grnConverted
2026-03-03 23:12:57,914 - 🟡 Attempting to import: purchaseOrder.poedit
2026-03-03 23:12:57,918 - ✅ Successfully imported: purchaseOrder.poedit
2026-03-03 23:12:57,918 - ✅ Router found in: purchaseOrder.poedit
2026-03-03 23:12:57,921 - ✅ Included YEN ERP: purchaseOrder.poedit
2026-03-03 23:12:57,921 - 🟡 Attempting to import: purchaseOrder.freightfunction
2026-03-03 23:12:57,934 - ✅ Successfully imported: purchaseOrder.freightfunction
2026-03-03 23:12:57,934 - ✅ Router found in: purchaseOrder.freightfunction
2026-03-03 23:12:57,937 - ✅ Included YEN ERP: purchaseOrder.freightfunction
2026-03-03 23:12:57,938 - 🟡 Attempting to import: purchaseOrder.pending
2026-03-03 23:12:57,968 - ✅ Successfully imported: purchaseOrder.pending
2026-03-03 23:12:57,969 - ✅ Router found in: purchaseOrder.pending
2026-03-03 23:12:57,975 - ✅ Included YEN ERP: purchaseOrder.pending
2026-03-03 23:12:57,975 - 🟡 Attempting to import: grn.routes
2026-03-03 23:12:57,975 - ✅ Successfully imported: grn.routes
2026-03-03 23:12:57,975 - ✅ Router found in: grn.routes
2026-03-03 23:12:58,048 - ✅ Included YEN ERP: grn.routes
2026-03-03 23:12:58,049 - 🟡 Attempting to import: grn.return
2026-03-03 23:12:58,967 - ✅ Successfully imported: grn.return
2026-03-03 23:12:58,967 - ✅ Router found in: grn.return
2026-03-03 23:12:58,975 - ✅ Included YEN ERP: grn.return
2026-03-03 23:12:58,976 - 🟡 Attempting to import: grn.grn_to_ap
2026-03-03 23:12:59,121 - ✅ Successfully imported: grn.grn_to_ap
2026-03-03 23:12:59,121 - ✅ Router found in: grn.grn_to_ap
2026-03-03 23:12:59,125 - ✅ Included YEN ERP: grn.grn_to_ap
2026-03-03 23:12:59,125 - 🟡 Attempting to import: grn.debitnote
2026-03-03 23:12:59,661 - ✅ Successfully imported: grn.debitnote
2026-03-03 23:12:59,662 - ✅ Router found in: grn.debitnote
2026-03-03 23:12:59,742 - ✅ Included YEN ERP: grn.debitnote
2026-03-03 23:12:59,743 - 🟡 Attempting to import: grn.grn_to_ap_outgoing
2026-03-03 23:13:00,143 - ✅ Successfully imported: grn.grn_to_ap_outgoing
2026-03-03 23:13:00,143 - ✅ Router found in: grn.grn_to_ap_outgoing
2026-03-03 23:13:00,153 - ✅ Included YEN ERP: grn.grn_to_ap_outgoing
2026-03-03 23:13:00,154 - 🟡 Attempting to import: grn.grn_to_po
2026-03-03 23:13:00,160 - ✅ Successfully imported: grn.grn_to_po
2026-03-03 23:13:00,160 - ✅ Router found in: grn.grn_to_po
2026-03-03 23:13:00,161 - ✅ Included YEN ERP: grn.grn_to_po
2026-03-03 23:13:00,161 - 🟡 Attempting to import: apinvoice.routes
2026-03-03 23:13:00,162 - ✅ Successfully imported: apinvoice.routes
2026-03-03 23:13:00,162 - ✅ Router found in: apinvoice.routes
2026-03-03 23:13:00,273 - ✅ Included YEN ERP: apinvoice.routes
2026-03-03 23:13:00,274 - 🟡 Attempting to import: apinvoice.ap_to_outgoing
2026-03-03 23:13:00,280 - ✅ Successfully imported: apinvoice.ap_to_outgoing
2026-03-03 23:13:00,280 - ✅ Router found in: apinvoice.ap_to_outgoing
2026-03-03 23:13:00,287 - ✅ Included YEN ERP: apinvoice.ap_to_outgoing
2026-03-03 23:13:00,287 - 🟡 Attempting to import: apinvoice.apReturned
2026-03-03 23:13:00,290 - ✅ Successfully imported: apinvoice.apReturned
2026-03-03 23:13:00,291 - ✅ Router found in: apinvoice.apReturned
2026-03-03 23:13:00,294 - ✅ Included YEN ERP: apinvoice.apReturned
2026-03-03 23:13:00,294 - 🟡 Attempting to import: outgoingPayment.routes
2026-03-03 23:13:00,294 - ✅ Successfully imported: outgoingPayment.routes
2026-03-03 23:13:00,294 - ✅ Router found in: outgoingPayment.routes
2026-03-03 23:13:00,403 - ✅ Included YEN ERP: outgoingPayment.routes
2026-03-03 23:13:00,403 - 🟡 Attempting to import: outgoingPayment.bulk_payment
2026-03-03 23:13:00,424 - ✅ Successfully imported: outgoingPayment.bulk_payment
2026-03-03 23:13:00,425 - ✅ Router found in: outgoingPayment.bulk_payment
2026-03-03 23:13:00,428 - ✅ Included YEN ERP: outgoingPayment.bulk_payment
2026-03-03 23:13:00,428 - 🟡 Attempting to import: outgoingPayment.vendor_ledger
2026-03-03 23:13:00,440 - ✅ Successfully imported: outgoingPayment.vendor_ledger
2026-03-03 23:13:00,441 - ✅ Router found in: outgoingPayment.vendor_ledger
2026-03-03 23:13:00,450 - ✅ Included YEN ERP: outgoingPayment.vendor_ledger
2026-03-03 23:13:00,450 - 🟡 Attempting to import: outgoingPayment.single_payment
2026-03-03 23:13:00,462 - ✅ Successfully imported: outgoingPayment.single_payment
2026-03-03 23:13:00,462 - ✅ Router found in: outgoingPayment.single_payment
2026-03-03 23:13:00,469 - ✅ Included YEN ERP: outgoingPayment.single_payment
2026-03-03 23:13:00,469 - 🟡 Attempting to import: outgoingPayment.payment_history
2026-03-03 23:13:00,509 - ✅ Successfully imported: outgoingPayment.payment_history
2026-03-03 23:13:00,509 - ✅ Router found in: outgoingPayment.payment_history
2026-03-03 23:13:00,520 - ✅ Included YEN ERP: outgoingPayment.payment_history
2026-03-03 23:13:00,520 - 🟡 Attempting to import: outgoingPayment.advance_routes
2026-03-03 23:13:00,625 - ✅ Successfully imported: outgoingPayment.advance_routes
2026-03-03 23:13:00,625 - ✅ Router found in: outgoingPayment.advance_routes
2026-03-03 23:13:00,703 - ✅ Included YEN ERP: outgoingPayment.advance_routes
2026-03-03 23:13:00,711 - 🟡 Attempting to import: Business.routes
2026-03-03 23:13:00,769 - ✅ Successfully imported: Business.routes
2026-03-03 23:13:00,769 - ✅ Router found in: Business.routes
2026-03-03 23:13:00,819 - ✅ Included YEN ERP: Business.routes
2026-03-03 23:13:00,819 - 🟡 Attempting to import: Personal.routes
2026-03-03 23:13:00,851 - ✅ Successfully imported: Personal.routes
2026-03-03 23:13:00,851 - ✅ Router found in: Personal.routes
2026-03-03 23:13:00,862 - ✅ Included YEN ERP: Personal.routes
2026-03-03 23:13:00,862 - 🟡 Attempting to import: shippingaddress.routes
2026-03-03 23:13:00,885 - ✅ Successfully imported: shippingaddress.routes
2026-03-03 23:13:00,885 - ✅ Router found in: shippingaddress.routes
2026-03-03 23:13:00,891 - ✅ Included YEN ERP: shippingaddress.routes
2026-03-03 23:13:00,892 - 🟡 Attempting to import: ItemGroup.routes
2026-03-03 23:13:00,924 - ✅ Successfully imported: ItemGroup.routes
2026-03-03 23:13:00,925 - ✅ Router found in: ItemGroup.routes
2026-03-03 23:13:00,952 - ✅ Included YEN ERP: ItemGroup.routes
2026-03-03 23:13:00,952 - 🟡 Attempting to import: FreightMaster.routes
2026-03-03 23:13:00,991 - ✅ Successfully imported: FreightMaster.routes
2026-03-03 23:13:00,991 - ✅ Router found in: FreightMaster.routes
2026-03-03 23:13:01,026 - ✅ Included YEN ERP: FreightMaster.routes
2026-03-03 23:13:01,026 - 🟡 Attempting to import: purchaseOrder.poimport
2026-03-03 23:13:01,910 - ✅ Successfully imported: purchaseOrder.poimport
2026-03-03 23:13:01,910 - ✅ Router found in: purchaseOrder.poimport
2026-03-03 23:13:01,920 - ✅ Included YEN ERP: purchaseOrder.poimport
2026-03-03 23:13:01,920 - 🟡 Attempting to import: ServiceOrder.routes
2026-03-03 23:13:02,025 - ✅ Successfully imported: ServiceOrder.routes
2026-03-03 23:13:02,025 - ✅ Router found in: ServiceOrder.routes
2026-03-03 23:13:02,065 - ✅ Included YEN ERP: ServiceOrder.routes
2026-03-03 23:13:02,065 - 🟡 Attempting to import: Service.serviceSummary
2026-03-03 23:13:02,073 - ✅ Successfully imported: Service.serviceSummary
2026-03-03 23:13:02,073 - ✅ Router found in: Service.serviceSummary
2026-03-03 23:13:02,080 - ✅ Included YEN ERP: Service.serviceSummary
2026-03-03 23:13:02,080 - 🟡 Attempting to import: ServiceOrder.servicelist
2026-03-03 23:13:02,106 - ✅ Successfully imported: ServiceOrder.servicelist
2026-03-03 23:13:02,106 - ✅ Router found in: ServiceOrder.servicelist
2026-03-03 23:13:02,128 - ✅ Included YEN ERP: ServiceOrder.servicelist
2026-03-03 23:13:02,128 - 🟡 Attempting to import: ServiceOrder.filterpatch
2026-03-03 23:13:02,138 - ✅ Successfully imported: ServiceOrder.filterpatch
2026-03-03 23:13:02,138 - ✅ Router found in: ServiceOrder.filterpatch
2026-03-03 23:13:02,145 - ✅ Included YEN ERP: ServiceOrder.filterpatch
2026-03-03 23:13:02,145 - 🟡 Attempting to import: ServiceOrder.service_ap_outgoing
2026-03-03 23:13:02,156 - ✅ Successfully imported: ServiceOrder.service_ap_outgoing
2026-03-03 23:13:02,156 - ✅ Router found in: ServiceOrder.service_ap_outgoing
2026-03-03 23:13:02,168 - ✅ Included YEN ERP: ServiceOrder.service_ap_outgoing
2026-03-03 23:13:32,536 - ✅ Successfully imported: purchaseOrder.po_to_grn
2026-03-03 23:13:32,536 - ✅ Router found in: purchaseOrder.po_to_grn
2026-03-03 23:13:32,544 - ✅ Included YEN ERP: purchaseOrder.po_to_grn
2026-03-03 23:13:32,544 - 🟡 Attempting to import: purchaseOrder.grnConverted
2026-03-03 23:13:32,605 - ✅ Successfully imported: purchaseOrder.grnConverted
2026-03-03 23:13:32,605 - ✅ Router found in: purchaseOrder.grnConverted
2026-03-03 23:13:32,616 - ✅ Included YEN ERP: purchaseOrder.grnConverted
2026-03-03 23:13:32,616 - 🟡 Attempting to import: purchaseOrder.poedit
2026-03-03 23:13:32,620 - ✅ Successfully imported: purchaseOrder.poedit
2026-03-03 23:13:32,620 - ✅ Router found in: purchaseOrder.poedit
2026-03-03 23:13:32,623 - ✅ Included YEN ERP: purchaseOrder.poedit
2026-03-03 23:13:32,623 - 🟡 Attempting to import: purchaseOrder.freightfunction
2026-03-03 23:13:32,643 - ✅ Successfully imported: purchaseOrder.freightfunction
2026-03-03 23:13:32,643 - ✅ Router found in: purchaseOrder.freightfunction
2026-03-03 23:13:32,647 - ✅ Included YEN ERP: purchaseOrder.freightfunction
2026-03-03 23:13:32,647 - 🟡 Attempting to import: purchaseOrder.pending
2026-03-03 23:13:32,685 - ✅ Successfully imported: purchaseOrder.pending
2026-03-03 23:13:32,686 - ✅ Router found in: purchaseOrder.pending
2026-03-03 23:13:32,692 - ✅ Included YEN ERP: purchaseOrder.pending
2026-03-03 23:13:32,692 - 🟡 Attempting to import: grn.routes
2026-03-03 23:13:32,692 - ✅ Successfully imported: grn.routes
2026-03-03 23:13:32,692 - ✅ Router found in: grn.routes
2026-03-03 23:13:32,761 - ✅ Included YEN ERP: grn.routes
2026-03-03 23:13:32,761 - 🟡 Attempting to import: grn.return
2026-03-03 23:13:33,593 - ✅ Successfully imported: grn.return
2026-03-03 23:13:33,593 - ✅ Router found in: grn.return
2026-03-03 23:13:33,603 - ✅ Included YEN ERP: grn.return
2026-03-03 23:13:33,603 - 🟡 Attempting to import: grn.grn_to_ap
2026-03-03 23:13:33,736 - ✅ Successfully imported: grn.grn_to_ap
2026-03-03 23:13:33,736 - ✅ Router found in: grn.grn_to_ap
2026-03-03 23:13:33,739 - ✅ Included YEN ERP: grn.grn_to_ap
2026-03-03 23:13:33,740 - 🟡 Attempting to import: grn.debitnote
2026-03-03 23:13:34,060 - ✅ Successfully imported: grn.debitnote
2026-03-03 23:13:34,060 - ✅ Router found in: grn.debitnote
2026-03-03 23:13:34,083 - ✅ Included YEN ERP: grn.debitnote
2026-03-03 23:13:34,084 - 🟡 Attempting to import: grn.grn_to_ap_outgoing
2026-03-03 23:13:34,254 - ✅ Successfully imported: grn.grn_to_ap_outgoing
2026-03-03 23:13:34,254 - ✅ Router found in: grn.grn_to_ap_outgoing
2026-03-03 23:13:34,257 - ✅ Included YEN ERP: grn.grn_to_ap_outgoing
2026-03-03 23:13:34,258 - 🟡 Attempting to import: grn.grn_to_po
2026-03-03 23:13:34,263 - ✅ Successfully imported: grn.grn_to_po
2026-03-03 23:13:34,264 - ✅ Router found in: grn.grn_to_po
2026-03-03 23:13:34,265 - ✅ Included YEN ERP: grn.grn_to_po
2026-03-03 23:13:34,265 - 🟡 Attempting to import: apinvoice.routes
2026-03-03 23:13:34,265 - ✅ Successfully imported: apinvoice.routes
2026-03-03 23:13:34,266 - ✅ Router found in: apinvoice.routes
2026-03-03 23:13:34,328 - ✅ Included YEN ERP: apinvoice.routes
2026-03-03 23:13:34,328 - 🟡 Attempting to import: apinvoice.ap_to_outgoing
2026-03-03 23:13:34,334 - ✅ Successfully imported: apinvoice.ap_to_outgoing
2026-03-03 23:13:34,335 - ✅ Router found in: apinvoice.ap_to_outgoing
2026-03-03 23:13:34,337 - ✅ Included YEN ERP: apinvoice.ap_to_outgoing
2026-03-03 23:13:34,337 - 🟡 Attempting to import: apinvoice.apReturned
2026-03-03 23:13:34,341 - ✅ Successfully imported: apinvoice.apReturned
2026-03-03 23:13:34,341 - ✅ Router found in: apinvoice.apReturned
2026-03-03 23:13:34,343 - ✅ Included YEN ERP: apinvoice.apReturned
2026-03-03 23:13:34,343 - 🟡 Attempting to import: outgoingPayment.routes
2026-03-03 23:13:34,343 - ✅ Successfully imported: outgoingPayment.routes
2026-03-03 23:13:34,343 - ✅ Router found in: outgoingPayment.routes
2026-03-03 23:13:34,390 - ✅ Included YEN ERP: outgoingPayment.routes
2026-03-03 23:13:34,390 - 🟡 Attempting to import: outgoingPayment.bulk_payment
2026-03-03 23:13:34,404 - ✅ Successfully imported: outgoingPayment.bulk_payment
2026-03-03 23:13:34,404 - ✅ Router found in: outgoingPayment.bulk_payment
2026-03-03 23:13:34,407 - ✅ Included YEN ERP: outgoingPayment.bulk_payment
2026-03-03 23:13:34,407 - 🟡 Attempting to import: outgoingPayment.vendor_ledger
2026-03-03 23:13:34,413 - ✅ Successfully imported: outgoingPayment.vendor_ledger
2026-03-03 23:13:34,413 - ✅ Router found in: outgoingPayment.vendor_ledger
2026-03-03 23:13:34,418 - ✅ Included YEN ERP: outgoingPayment.vendor_ledger
2026-03-03 23:13:34,418 - 🟡 Attempting to import: outgoingPayment.single_payment
2026-03-03 23:13:34,426 - ✅ Successfully imported: outgoingPayment.single_payment
2026-03-03 23:13:34,426 - ✅ Router found in: outgoingPayment.single_payment
2026-03-03 23:13:34,428 - ✅ Included YEN ERP: outgoingPayment.single_payment
2026-03-03 23:13:34,428 - 🟡 Attempting to import: outgoingPayment.payment_history
2026-03-03 23:13:34,444 - ✅ Successfully imported: outgoingPayment.payment_history
2026-03-03 23:13:34,444 - ✅ Router found in: outgoingPayment.payment_history
2026-03-03 23:13:34,450 - ✅ Included YEN ERP: outgoingPayment.payment_history
2026-03-03 23:13:34,451 - 🟡 Attempting to import: outgoingPayment.advance_routes
2026-03-03 23:13:34,484 - ✅ Successfully imported: outgoingPayment.advance_routes
2026-03-03 23:13:34,484 - ✅ Router found in: outgoingPayment.advance_routes
2026-03-03 23:13:34,496 - ✅ Included YEN ERP: outgoingPayment.advance_routes
2026-03-03 23:13:34,496 - 🟡 Attempting to import: Business.routes
2026-03-03 23:13:34,525 - ✅ Successfully imported: Business.routes
2026-03-03 23:13:34,526 - ✅ Router found in: Business.routes
2026-03-03 23:13:34,542 - ✅ Included YEN ERP: Business.routes
2026-03-03 23:13:34,543 - 🟡 Attempting to import: Personal.routes
2026-03-03 23:13:34,564 - ✅ Successfully imported: Personal.routes
2026-03-03 23:13:34,564 - ✅ Router found in: Personal.routes
2026-03-03 23:13:34,574 - ✅ Included YEN ERP: Personal.routes
2026-03-03 23:13:34,574 - 🟡 Attempting to import: shippingaddress.routes
2026-03-03 23:13:34,601 - ✅ Successfully imported: shippingaddress.routes
2026-03-03 23:13:34,602 - ✅ Router found in: shippingaddress.routes
2026-03-03 23:13:34,613 - ✅ Included YEN ERP: shippingaddress.routes
2026-03-03 23:13:34,613 - 🟡 Attempting to import: ItemGroup.routes
2026-03-03 23:13:34,655 - ✅ Successfully imported: ItemGroup.routes
2026-03-03 23:13:34,655 - ✅ Router found in: ItemGroup.routes
2026-03-03 23:13:34,678 - ✅ Included YEN ERP: ItemGroup.routes
2026-03-03 23:13:34,678 - 🟡 Attempting to import: FreightMaster.routes
2026-03-03 23:13:34,710 - ✅ Successfully imported: FreightMaster.routes
2026-03-03 23:13:34,710 - ✅ Router found in: FreightMaster.routes
2026-03-03 23:13:34,740 - ✅ Included YEN ERP: FreightMaster.routes
2026-03-03 23:13:34,741 - 🟡 Attempting to import: purchaseOrder.poimport
2026-03-03 23:13:35,786 - ✅ Successfully imported: purchaseOrder.poimport
2026-03-03 23:13:35,787 - ✅ Router found in: purchaseOrder.poimport
2026-03-03 23:13:35,807 - ✅ Included YEN ERP: purchaseOrder.poimport
2026-03-03 23:13:35,807 - 🟡 Attempting to import: ServiceOrder.routes
2026-03-03 23:13:36,036 - ✅ Successfully imported: ServiceOrder.routes
2026-03-03 23:13:36,036 - ✅ Router found in: ServiceOrder.routes
2026-03-03 23:13:36,099 - ✅ Included YEN ERP: ServiceOrder.routes
2026-03-03 23:13:36,100 - 🟡 Attempting to import: Service.serviceSummary
2026-03-03 23:13:36,107 - ✅ Successfully imported: Service.serviceSummary
2026-03-03 23:13:36,107 - ✅ Router found in: Service.serviceSummary
2026-03-03 23:13:36,113 - ✅ Included YEN ERP: Service.serviceSummary
2026-03-03 23:13:36,114 - 🟡 Attempting to import: ServiceOrder.servicelist
2026-03-03 23:13:36,138 - ✅ Successfully imported: ServiceOrder.servicelist
2026-03-03 23:13:36,138 - ✅ Router found in: ServiceOrder.servicelist
2026-03-03 23:13:36,160 - ✅ Included YEN ERP: ServiceOrder.servicelist
2026-03-03 23:13:36,161 - 🟡 Attempting to import: ServiceOrder.filterpatch
2026-03-03 23:13:36,179 - ✅ Successfully imported: ServiceOrder.filterpatch
2026-03-03 23:13:36,180 - ✅ Router found in: ServiceOrder.filterpatch
2026-03-03 23:13:36,195 - ✅ Included YEN ERP: ServiceOrder.filterpatch
2026-03-03 23:13:36,196 - 🟡 Attempting to import: ServiceOrder.service_ap_outgoing
2026-03-03 23:13:36,216 - ✅ Successfully imported: ServiceOrder.service_ap_outgoing
2026-03-03 23:13:36,217 - ✅ Router found in: ServiceOrder.service_ap_outgoing
2026-03-03 23:13:36,234 - ✅ Included YEN ERP: ServiceOrder.service_ap_outgoing
2026-03-03 23:15:46,487 - ✅ Main sync connection created
2026-03-03 23:26:37,082 - ✅ Successfully imported: purchaseOrder.po_to_grn
2026-03-03 23:26:37,082 - ✅ Router found in: purchaseOrder.po_to_grn
2026-03-03 23:26:37,086 - ✅ Included YEN ERP: purchaseOrder.po_to_grn
2026-03-03 23:26:37,086 - 🟡 Attempting to import: purchaseOrder.grnConverted
2026-03-03 23:26:37,106 - ✅ Successfully imported: purchaseOrder.grnConverted
2026-03-03 23:26:37,106 - ✅ Router found in: purchaseOrder.grnConverted
2026-03-03 23:26:37,112 - ✅ Included YEN ERP: purchaseOrder.grnConverted
2026-03-03 23:26:37,112 - 🟡 Attempting to import: purchaseOrder.poedit
2026-03-03 23:26:37,116 - ✅ Successfully imported: purchaseOrder.poedit
2026-03-03 23:26:37,116 - ✅ Router found in: purchaseOrder.poedit
2026-03-03 23:26:37,119 - ✅ Included YEN ERP: purchaseOrder.poedit
2026-03-03 23:26:37,119 - 🟡 Attempting to import: purchaseOrder.freightfunction
2026-03-03 23:26:37,130 - ✅ Successfully imported: purchaseOrder.freightfunction
2026-03-03 23:26:37,131 - ✅ Router found in: purchaseOrder.freightfunction
2026-03-03 23:26:37,133 - ✅ Included YEN ERP: purchaseOrder.freightfunction
2026-03-03 23:26:37,133 - 🟡 Attempting to import: purchaseOrder.pending
2026-03-03 23:26:37,167 - ✅ Successfully imported: purchaseOrder.pending
2026-03-03 23:26:37,167 - ✅ Router found in: purchaseOrder.pending
2026-03-03 23:26:37,178 - ✅ Included YEN ERP: purchaseOrder.pending
2026-03-03 23:26:37,178 - 🟡 Attempting to import: grn.routes
2026-03-03 23:26:37,178 - ✅ Successfully imported: grn.routes
2026-03-03 23:26:37,178 - ✅ Router found in: grn.routes
2026-03-03 23:26:37,275 - ✅ Included YEN ERP: grn.routes
2026-03-03 23:26:37,275 - 🟡 Attempting to import: grn.return
2026-03-03 23:26:38,063 - ✅ Successfully imported: grn.return
2026-03-03 23:26:38,063 - ✅ Router found in: grn.return
2026-03-03 23:26:38,073 - ✅ Included YEN ERP: grn.return
2026-03-03 23:26:38,073 - 🟡 Attempting to import: grn.grn_to_ap
2026-03-03 23:26:38,211 - ✅ Successfully imported: grn.grn_to_ap
2026-03-03 23:26:38,213 - ✅ Router found in: grn.grn_to_ap
2026-03-03 23:26:38,216 - ✅ Included YEN ERP: grn.grn_to_ap
2026-03-03 23:26:38,216 - 🟡 Attempting to import: grn.debitnote
2026-03-03 23:26:38,724 - ✅ Successfully imported: grn.debitnote
2026-03-03 23:26:38,724 - ✅ Router found in: grn.debitnote
2026-03-03 23:26:38,746 - ✅ Included YEN ERP: grn.debitnote
2026-03-03 23:26:38,746 - 🟡 Attempting to import: grn.grn_to_ap_outgoing
2026-03-03 23:26:38,916 - ✅ Successfully imported: grn.grn_to_ap_outgoing
2026-03-03 23:26:38,916 - ✅ Router found in: grn.grn_to_ap_outgoing
2026-03-03 23:26:38,920 - ✅ Included YEN ERP: grn.grn_to_ap_outgoing
2026-03-03 23:26:38,921 - 🟡 Attempting to import: grn.grn_to_po
2026-03-03 23:26:38,925 - ✅ Successfully imported: grn.grn_to_po
2026-03-03 23:26:38,925 - ✅ Router found in: grn.grn_to_po
2026-03-03 23:26:38,926 - ✅ Included YEN ERP: grn.grn_to_po
2026-03-03 23:26:38,926 - 🟡 Attempting to import: apinvoice.routes
2026-03-03 23:26:38,926 - ✅ Successfully imported: apinvoice.routes
2026-03-03 23:26:38,926 - ✅ Router found in: apinvoice.routes
2026-03-03 23:26:38,974 - ✅ Included YEN ERP: apinvoice.routes
2026-03-03 23:26:38,975 - 🟡 Attempting to import: apinvoice.ap_to_outgoing
2026-03-03 23:26:38,978 - ✅ Successfully imported: apinvoice.ap_to_outgoing
2026-03-03 23:26:38,978 - ✅ Router found in: apinvoice.ap_to_outgoing
2026-03-03 23:26:38,980 - ✅ Included YEN ERP: apinvoice.ap_to_outgoing
2026-03-03 23:26:38,981 - 🟡 Attempting to import: apinvoice.apReturned
2026-03-03 23:26:38,983 - ✅ Successfully imported: apinvoice.apReturned
2026-03-03 23:26:38,983 - ✅ Router found in: apinvoice.apReturned
2026-03-03 23:26:38,985 - ✅ Included YEN ERP: apinvoice.apReturned
2026-03-03 23:26:38,985 - 🟡 Attempting to import: outgoingPayment.routes
2026-03-03 23:26:38,985 - ✅ Successfully imported: outgoingPayment.routes
2026-03-03 23:26:38,985 - ✅ Router found in: outgoingPayment.routes
2026-03-03 23:26:39,040 - ✅ Included YEN ERP: outgoingPayment.routes
2026-03-03 23:26:39,040 - 🟡 Attempting to import: outgoingPayment.bulk_payment
2026-03-03 23:26:39,055 - ✅ Successfully imported: outgoingPayment.bulk_payment
2026-03-03 23:26:39,056 - ✅ Router found in: outgoingPayment.bulk_payment
2026-03-03 23:26:39,059 - ✅ Included YEN ERP: outgoingPayment.bulk_payment
2026-03-03 23:26:39,059 - 🟡 Attempting to import: outgoingPayment.vendor_ledger
2026-03-03 23:26:39,064 - ✅ Successfully imported: outgoingPayment.vendor_ledger
2026-03-03 23:26:39,064 - ✅ Router found in: outgoingPayment.vendor_ledger
2026-03-03 23:26:39,068 - ✅ Included YEN ERP: outgoingPayment.vendor_ledger
2026-03-03 23:26:39,068 - 🟡 Attempting to import: outgoingPayment.single_payment
2026-03-03 23:26:39,076 - ✅ Successfully imported: outgoingPayment.single_payment
2026-03-03 23:26:39,076 - ✅ Router found in: outgoingPayment.single_payment
2026-03-03 23:26:39,078 - ✅ Included YEN ERP: outgoingPayment.single_payment
2026-03-03 23:26:39,078 - 🟡 Attempting to import: outgoingPayment.payment_history
2026-03-03 23:26:39,092 - ✅ Successfully imported: outgoingPayment.payment_history
2026-03-03 23:26:39,092 - ✅ Router found in: outgoingPayment.payment_history
2026-03-03 23:26:39,097 - ✅ Included YEN ERP: outgoingPayment.payment_history
2026-03-03 23:26:39,097 - 🟡 Attempting to import: outgoingPayment.advance_routes
2026-03-03 23:26:39,128 - ✅ Successfully imported: outgoingPayment.advance_routes
2026-03-03 23:26:39,128 - ✅ Router found in: outgoingPayment.advance_routes
2026-03-03 23:26:39,146 - ✅ Included YEN ERP: outgoingPayment.advance_routes
2026-03-03 23:26:39,146 - 🟡 Attempting to import: Business.routes
2026-03-03 23:26:39,167 - ✅ Successfully imported: Business.routes
2026-03-03 23:26:39,167 - ✅ Router found in: Business.routes
2026-03-03 23:26:39,179 - ✅ Included YEN ERP: Business.routes
2026-03-03 23:26:39,180 - 🟡 Attempting to import: Personal.routes
2026-03-03 23:26:39,195 - ✅ Successfully imported: Personal.routes
2026-03-03 23:26:39,195 - ✅ Router found in: Personal.routes
2026-03-03 23:26:39,202 - ✅ Included YEN ERP: Personal.routes
2026-03-03 23:26:39,202 - 🟡 Attempting to import: shippingaddress.routes
2026-03-03 23:26:39,216 - ✅ Successfully imported: shippingaddress.routes
2026-03-03 23:26:39,216 - ✅ Router found in: shippingaddress.routes
2026-03-03 23:26:39,224 - ✅ Included YEN ERP: shippingaddress.routes
2026-03-03 23:26:39,224 - 🟡 Attempting to import: ItemGroup.routes
2026-03-03 23:26:39,247 - ✅ Successfully imported: ItemGroup.routes
2026-03-03 23:26:39,247 - ✅ Router found in: ItemGroup.routes
2026-03-03 23:26:39,264 - ✅ Included YEN ERP: ItemGroup.routes
2026-03-03 23:26:39,265 - 🟡 Attempting to import: FreightMaster.routes
2026-03-03 23:26:39,291 - ✅ Successfully imported: FreightMaster.routes
2026-03-03 23:26:39,291 - ✅ Router found in: FreightMaster.routes
2026-03-03 23:26:39,313 - ✅ Included YEN ERP: FreightMaster.routes
2026-03-03 23:26:39,313 - 🟡 Attempting to import: purchaseOrder.poimport
2026-03-03 23:26:40,868 - ✅ Successfully imported: purchaseOrder.poimport
2026-03-03 23:26:40,872 - ✅ Router found in: purchaseOrder.poimport
2026-03-03 23:26:40,887 - ✅ Included YEN ERP: purchaseOrder.poimport
2026-03-03 23:26:40,888 - 🟡 Attempting to import: ServiceOrder.routes
2026-03-03 23:26:41,090 - ✅ Successfully imported: ServiceOrder.routes
2026-03-03 23:26:41,091 - ✅ Router found in: ServiceOrder.routes
2026-03-03 23:26:41,128 - ✅ Included YEN ERP: ServiceOrder.routes
2026-03-03 23:26:41,128 - 🟡 Attempting to import: Service.serviceSummary
2026-03-03 23:26:41,133 - ✅ Successfully imported: Service.serviceSummary
2026-03-03 23:26:41,133 - ✅ Router found in: Service.serviceSummary
2026-03-03 23:26:41,137 - ✅ Included YEN ERP: Service.serviceSummary
2026-03-03 23:26:41,137 - 🟡 Attempting to import: ServiceOrder.servicelist
2026-03-03 23:26:41,152 - ✅ Successfully imported: ServiceOrder.servicelist
2026-03-03 23:26:41,152 - ✅ Router found in: ServiceOrder.servicelist
2026-03-03 23:26:41,166 - ✅ Included YEN ERP: ServiceOrder.servicelist
2026-03-03 23:26:41,166 - 🟡 Attempting to import: ServiceOrder.filterpatch
2026-03-03 23:26:41,173 - ✅ Successfully imported: ServiceOrder.filterpatch
2026-03-03 23:26:41,174 - ✅ Router found in: ServiceOrder.filterpatch
2026-03-03 23:26:41,178 - ✅ Included YEN ERP: ServiceOrder.filterpatch
2026-03-03 23:26:41,180 - 🟡 Attempting to import: ServiceOrder.service_ap_outgoing
2026-03-03 23:26:41,187 - ✅ Successfully imported: ServiceOrder.service_ap_outgoing
2026-03-03 23:26:41,187 - ✅ Router found in: ServiceOrder.service_ap_outgoing
2026-03-03 23:26:41,193 - ✅ Included YEN ERP: ServiceOrder.service_ap_outgoing
2026-03-03 23:31:39,000 - ✅ Successfully imported: purchaseOrder.po_to_grn
2026-03-03 23:31:39,000 - ✅ Router found in: purchaseOrder.po_to_grn
2026-03-03 23:31:39,005 - ✅ Included YEN ERP: purchaseOrder.po_to_grn
2026-03-03 23:31:39,005 - 🟡 Attempting to import: purchaseOrder.grnConverted
2026-03-03 23:31:39,025 - ✅ Successfully imported: purchaseOrder.grnConverted
2026-03-03 23:31:39,025 - ✅ Router found in: purchaseOrder.grnConverted
2026-03-03 23:31:39,031 - ✅ Included YEN ERP: purchaseOrder.grnConverted
2026-03-03 23:31:39,032 - 🟡 Attempting to import: purchaseOrder.poedit
2026-03-03 23:31:39,036 - ✅ Successfully imported: purchaseOrder.poedit
2026-03-03 23:31:39,036 - ✅ Router found in: purchaseOrder.poedit
2026-03-03 23:31:39,038 - ✅ Included YEN ERP: purchaseOrder.poedit
2026-03-03 23:31:39,038 - 🟡 Attempting to import: purchaseOrder.freightfunction
2026-03-03 23:31:39,051 - ✅ Successfully imported: purchaseOrder.freightfunction
2026-03-03 23:31:39,051 - ✅ Router found in: purchaseOrder.freightfunction
2026-03-03 23:31:39,054 - ✅ Included YEN ERP: purchaseOrder.freightfunction
2026-03-03 23:31:39,054 - 🟡 Attempting to import: purchaseOrder.pending
2026-03-03 23:31:39,082 - ✅ Successfully imported: purchaseOrder.pending
2026-03-03 23:31:39,082 - ✅ Router found in: purchaseOrder.pending
2026-03-03 23:31:39,089 - ✅ Included YEN ERP: purchaseOrder.pending
2026-03-03 23:31:39,089 - 🟡 Attempting to import: grn.routes
2026-03-03 23:31:39,089 - ✅ Successfully imported: grn.routes
2026-03-03 23:31:39,089 - ✅ Router found in: grn.routes
2026-03-03 23:31:39,145 - ✅ Included YEN ERP: grn.routes
2026-03-03 23:31:39,145 - 🟡 Attempting to import: grn.return
2026-03-03 23:31:40,080 - ✅ Successfully imported: grn.return
2026-03-03 23:31:40,080 - ✅ Router found in: grn.return
2026-03-03 23:31:40,090 - ✅ Included YEN ERP: grn.return
2026-03-03 23:31:40,090 - 🟡 Attempting to import: grn.grn_to_ap
2026-03-03 23:31:40,212 - ✅ Successfully imported: grn.grn_to_ap
2026-03-03 23:31:40,212 - ✅ Router found in: grn.grn_to_ap
2026-03-03 23:31:40,216 - ✅ Included YEN ERP: grn.grn_to_ap
2026-03-03 23:31:40,216 - 🟡 Attempting to import: grn.debitnote
2026-03-03 23:31:40,612 - ✅ Successfully imported: grn.debitnote
2026-03-03 23:31:40,612 - ✅ Router found in: grn.debitnote
2026-03-03 23:31:40,647 - ✅ Included YEN ERP: grn.debitnote
2026-03-03 23:31:40,647 - 🟡 Attempting to import: grn.grn_to_ap_outgoing
2026-03-03 23:31:40,828 - ✅ Successfully imported: grn.grn_to_ap_outgoing
2026-03-03 23:31:40,829 - ✅ Router found in: grn.grn_to_ap_outgoing
2026-03-03 23:31:40,832 - ✅ Included YEN ERP: grn.grn_to_ap_outgoing
2026-03-03 23:31:40,832 - 🟡 Attempting to import: grn.grn_to_po
2026-03-03 23:31:40,837 - ✅ Successfully imported: grn.grn_to_po
2026-03-03 23:31:40,837 - ✅ Router found in: grn.grn_to_po
2026-03-03 23:31:40,838 - ✅ Included YEN ERP: grn.grn_to_po
2026-03-03 23:31:40,838 - 🟡 Attempting to import: apinvoice.routes
2026-03-03 23:31:40,838 - ✅ Successfully imported: apinvoice.routes
2026-03-03 23:31:40,838 - ✅ Router found in: apinvoice.routes
2026-03-03 23:31:40,883 - ✅ Included YEN ERP: apinvoice.routes
2026-03-03 23:31:40,884 - 🟡 Attempting to import: apinvoice.ap_to_outgoing
2026-03-03 23:31:40,888 - ✅ Successfully imported: apinvoice.ap_to_outgoing
2026-03-03 23:31:40,888 - ✅ Router found in: apinvoice.ap_to_outgoing
2026-03-03 23:31:40,890 - ✅ Included YEN ERP: apinvoice.ap_to_outgoing
2026-03-03 23:31:40,890 - 🟡 Attempting to import: apinvoice.apReturned
2026-03-03 23:31:40,893 - ✅ Successfully imported: apinvoice.apReturned
2026-03-03 23:31:40,894 - ✅ Router found in: apinvoice.apReturned
2026-03-03 23:31:40,896 - ✅ Included YEN ERP: apinvoice.apReturned
2026-03-03 23:31:40,896 - 🟡 Attempting to import: outgoingPayment.routes
2026-03-03 23:31:40,896 - ✅ Successfully imported: outgoingPayment.routes
2026-03-03 23:31:40,896 - ✅ Router found in: outgoingPayment.routes
2026-03-03 23:31:40,965 - ✅ Included YEN ERP: outgoingPayment.routes
2026-03-03 23:31:40,965 - 🟡 Attempting to import: outgoingPayment.bulk_payment
2026-03-03 23:31:40,987 - ✅ Successfully imported: outgoingPayment.bulk_payment
2026-03-03 23:31:40,987 - ✅ Router found in: outgoingPayment.bulk_payment
2026-03-03 23:31:40,991 - ✅ Included YEN ERP: outgoingPayment.bulk_payment
2026-03-03 23:31:40,991 - 🟡 Attempting to import: outgoingPayment.vendor_ledger
2026-03-03 23:31:41,002 - ✅ Successfully imported: outgoingPayment.vendor_ledger
2026-03-03 23:31:41,002 - ✅ Router found in: outgoingPayment.vendor_ledger
2026-03-03 23:31:41,010 - ✅ Included YEN ERP: outgoingPayment.vendor_ledger
2026-03-03 23:31:41,010 - 🟡 Attempting to import: outgoingPayment.single_payment
2026-03-03 23:31:41,023 - ✅ Successfully imported: outgoingPayment.single_payment
2026-03-03 23:31:41,023 - ✅ Router found in: outgoingPayment.single_payment
2026-03-03 23:31:41,025 - ✅ Included YEN ERP: outgoingPayment.single_payment
2026-03-03 23:31:41,026 - 🟡 Attempting to import: outgoingPayment.payment_history
2026-03-03 23:31:41,055 - ✅ Successfully imported: outgoingPayment.payment_history
2026-03-03 23:31:41,055 - ✅ Router found in: outgoingPayment.payment_history
2026-03-03 23:31:41,064 - ✅ Included YEN ERP: outgoingPayment.payment_history
2026-03-03 23:31:41,065 - 🟡 Attempting to import: outgoingPayment.advance_routes
2026-03-03 23:31:41,121 - ✅ Successfully imported: outgoingPayment.advance_routes
2026-03-03 23:31:41,121 - ✅ Router found in: outgoingPayment.advance_routes
2026-03-03 23:31:41,141 - ✅ Included YEN ERP: outgoingPayment.advance_routes
2026-03-03 23:31:41,141 - 🟡 Attempting to import: Business.routes
2026-03-03 23:31:41,174 - ✅ Successfully imported: Business.routes
2026-03-03 23:31:41,174 - ✅ Router found in: Business.routes
2026-03-03 23:31:41,192 - ✅ Included YEN ERP: Business.routes
2026-03-03 23:31:41,192 - 🟡 Attempting to import: Personal.routes
2026-03-03 23:31:41,219 - ✅ Successfully imported: Personal.routes
2026-03-03 23:31:41,219 - ✅ Router found in: Personal.routes
2026-03-03 23:31:41,227 - ✅ Included YEN ERP: Personal.routes
2026-03-03 23:31:41,227 - 🟡 Attempting to import: shippingaddress.routes
2026-03-03 23:31:41,257 - ✅ Successfully imported: shippingaddress.routes
2026-03-03 23:31:41,257 - ✅ Router found in: shippingaddress.routes
2026-03-03 23:31:41,269 - ✅ Included YEN ERP: shippingaddress.routes
2026-03-03 23:31:41,269 - 🟡 Attempting to import: ItemGroup.routes
2026-03-03 23:31:41,307 - ✅ Successfully imported: ItemGroup.routes
2026-03-03 23:31:41,307 - ✅ Router found in: ItemGroup.routes
2026-03-03 23:31:41,326 - ✅ Included YEN ERP: ItemGroup.routes
2026-03-03 23:31:41,326 - 🟡 Attempting to import: FreightMaster.routes
2026-03-03 23:31:41,358 - ✅ Successfully imported: FreightMaster.routes
2026-03-03 23:31:41,359 - ✅ Router found in: FreightMaster.routes
2026-03-03 23:31:41,384 - ✅ Included YEN ERP: FreightMaster.routes
2026-03-03 23:31:41,384 - 🟡 Attempting to import: purchaseOrder.poimport
2026-03-03 23:31:42,309 - ✅ Successfully imported: purchaseOrder.poimport
2026-03-03 23:31:42,309 - ✅ Router found in: purchaseOrder.poimport
2026-03-03 23:31:42,322 - ✅ Included YEN ERP: purchaseOrder.poimport
2026-03-03 23:31:42,322 - 🟡 Attempting to import: ServiceOrder.routes
2026-03-03 23:31:42,430 - ✅ Successfully imported: ServiceOrder.routes
2026-03-03 23:31:42,430 - ✅ Router found in: ServiceOrder.routes
2026-03-03 23:31:42,462 - ✅ Included YEN ERP: ServiceOrder.routes
2026-03-03 23:31:42,462 - 🟡 Attempting to import: Service.serviceSummary
2026-03-03 23:31:42,467 - ✅ Successfully imported: Service.serviceSummary
2026-03-03 23:31:42,467 - ✅ Router found in: Service.serviceSummary
2026-03-03 23:31:42,470 - ✅ Included YEN ERP: Service.serviceSummary
2026-03-03 23:31:42,470 - 🟡 Attempting to import: ServiceOrder.servicelist
2026-03-03 23:31:42,483 - ✅ Successfully imported: ServiceOrder.servicelist
2026-03-03 23:31:42,483 - ✅ Router found in: ServiceOrder.servicelist
2026-03-03 23:31:42,498 - ✅ Included YEN ERP: ServiceOrder.servicelist
2026-03-03 23:31:42,498 - 🟡 Attempting to import: ServiceOrder.filterpatch
2026-03-03 23:31:42,504 - ✅ Successfully imported: ServiceOrder.filterpatch
2026-03-03 23:31:42,504 - ✅ Router found in: ServiceOrder.filterpatch
2026-03-03 23:31:42,510 - ✅ Included YEN ERP: ServiceOrder.filterpatch
2026-03-03 23:31:42,510 - 🟡 Attempting to import: ServiceOrder.service_ap_outgoing
2026-03-03 23:31:42,517 - ✅ Successfully imported: ServiceOrder.service_ap_outgoing
2026-03-03 23:31:42,517 - ✅ Router found in: ServiceOrder.service_ap_outgoing
2026-03-03 23:31:42,523 - ✅ Included YEN ERP: ServiceOrder.service_ap_outgoing
2026-03-03 23:31:43,217 - Fixed 0 users with null sessions
2026-03-03 23:32:55,302 - ✅ Successfully imported: purchaseOrder.po_to_grn
2026-03-03 23:32:55,302 - ✅ Router found in: purchaseOrder.po_to_grn
2026-03-03 23:32:55,307 - ✅ Included YEN ERP: purchaseOrder.po_to_grn
2026-03-03 23:32:55,308 - 🟡 Attempting to import: purchaseOrder.grnConverted
2026-03-03 23:32:55,329 - ✅ Successfully imported: purchaseOrder.grnConverted
2026-03-03 23:32:55,329 - ✅ Router found in: purchaseOrder.grnConverted
2026-03-03 23:32:55,338 - ✅ Included YEN ERP: purchaseOrder.grnConverted
2026-03-03 23:32:55,339 - 🟡 Attempting to import: purchaseOrder.poedit
2026-03-03 23:32:55,344 - ✅ Successfully imported: purchaseOrder.poedit
2026-03-03 23:32:55,344 - ✅ Router found in: purchaseOrder.poedit
2026-03-03 23:32:55,348 - ✅ Included YEN ERP: purchaseOrder.poedit
2026-03-03 23:32:55,348 - 🟡 Attempting to import: purchaseOrder.freightfunction
2026-03-03 23:32:55,366 - ✅ Successfully imported: purchaseOrder.freightfunction
2026-03-03 23:32:55,367 - ✅ Router found in: purchaseOrder.freightfunction
2026-03-03 23:32:55,370 - ✅ Included YEN ERP: purchaseOrder.freightfunction
2026-03-03 23:32:55,371 - 🟡 Attempting to import: purchaseOrder.pending
2026-03-03 23:32:55,405 - ✅ Successfully imported: purchaseOrder.pending
2026-03-03 23:32:55,406 - ✅ Router found in: purchaseOrder.pending
2026-03-03 23:32:55,411 - ✅ Included YEN ERP: purchaseOrder.pending
2026-03-03 23:32:55,411 - 🟡 Attempting to import: grn.routes
2026-03-03 23:32:55,412 - ✅ Successfully imported: grn.routes
2026-03-03 23:32:55,412 - ✅ Router found in: grn.routes
2026-03-03 23:32:55,472 - ✅ Included YEN ERP: grn.routes
2026-03-03 23:32:55,472 - 🟡 Attempting to import: grn.return
2026-03-03 23:32:56,189 - ✅ Successfully imported: grn.return
2026-03-03 23:32:56,189 - ✅ Router found in: grn.return
2026-03-03 23:32:56,197 - ✅ Included YEN ERP: grn.return
2026-03-03 23:32:56,197 - 🟡 Attempting to import: grn.grn_to_ap
2026-03-03 23:32:56,298 - ✅ Successfully imported: grn.grn_to_ap
2026-03-03 23:32:56,298 - ✅ Router found in: grn.grn_to_ap
2026-03-03 23:32:56,301 - ✅ Included YEN ERP: grn.grn_to_ap
2026-03-03 23:32:56,301 - 🟡 Attempting to import: grn.debitnote
2026-03-03 23:32:56,594 - ✅ Successfully imported: grn.debitnote
2026-03-03 23:32:56,594 - ✅ Router found in: grn.debitnote
2026-03-03 23:32:56,615 - ✅ Included YEN ERP: grn.debitnote
2026-03-03 23:32:56,615 - 🟡 Attempting to import: grn.grn_to_ap_outgoing
2026-03-03 23:32:56,878 - ✅ Successfully imported: grn.grn_to_ap_outgoing
2026-03-03 23:32:56,878 - ✅ Router found in: grn.grn_to_ap_outgoing
2026-03-03 23:32:56,882 - ✅ Included YEN ERP: grn.grn_to_ap_outgoing
2026-03-03 23:32:56,882 - 🟡 Attempting to import: grn.grn_to_po
2026-03-03 23:32:56,886 - ✅ Successfully imported: grn.grn_to_po
2026-03-03 23:32:56,886 - ✅ Router found in: grn.grn_to_po
2026-03-03 23:32:56,887 - ✅ Included YEN ERP: grn.grn_to_po
2026-03-03 23:32:56,887 - 🟡 Attempting to import: apinvoice.routes
2026-03-03 23:32:56,888 - ✅ Successfully imported: apinvoice.routes
2026-03-03 23:32:56,888 - ✅ Router found in: apinvoice.routes
2026-03-03 23:32:56,941 - ✅ Included YEN ERP: apinvoice.routes
2026-03-03 23:32:56,941 - 🟡 Attempting to import: apinvoice.ap_to_outgoing
2026-03-03 23:32:56,946 - ✅ Successfully imported: apinvoice.ap_to_outgoing
2026-03-03 23:32:56,946 - ✅ Router found in: apinvoice.ap_to_outgoing
2026-03-03 23:32:56,949 - ✅ Included YEN ERP: apinvoice.ap_to_outgoing
2026-03-03 23:32:56,949 - 🟡 Attempting to import: apinvoice.apReturned
2026-03-03 23:32:56,953 - ✅ Successfully imported: apinvoice.apReturned
2026-03-03 23:32:56,953 - ✅ Router found in: apinvoice.apReturned
2026-03-03 23:32:56,956 - ✅ Included YEN ERP: apinvoice.apReturned
2026-03-03 23:32:56,956 - 🟡 Attempting to import: outgoingPayment.routes
2026-03-03 23:32:56,956 - ✅ Successfully imported: outgoingPayment.routes
2026-03-03 23:32:56,956 - ✅ Router found in: outgoingPayment.routes
2026-03-03 23:32:57,000 - ✅ Included YEN ERP: outgoingPayment.routes
2026-03-03 23:32:57,000 - 🟡 Attempting to import: outgoingPayment.bulk_payment
2026-03-03 23:32:57,016 - ✅ Successfully imported: outgoingPayment.bulk_payment
2026-03-03 23:32:57,016 - ✅ Router found in: outgoingPayment.bulk_payment
2026-03-03 23:32:57,020 - ✅ Included YEN ERP: outgoingPayment.bulk_payment
2026-03-03 23:32:57,020 - 🟡 Attempting to import: outgoingPayment.vendor_ledger
2026-03-03 23:32:57,025 - ✅ Successfully imported: outgoingPayment.vendor_ledger
2026-03-03 23:32:57,025 - ✅ Router found in: outgoingPayment.vendor_ledger
2026-03-03 23:32:57,030 - ✅ Included YEN ERP: outgoingPayment.vendor_ledger
2026-03-03 23:32:57,030 - 🟡 Attempting to import: outgoingPayment.single_payment
2026-03-03 23:32:57,038 - ✅ Successfully imported: outgoingPayment.single_payment
2026-03-03 23:32:57,038 - ✅ Router found in: outgoingPayment.single_payment
2026-03-03 23:32:57,040 - ✅ Included YEN ERP: outgoingPayment.single_payment
2026-03-03 23:32:57,040 - 🟡 Attempting to import: outgoingPayment.payment_history
2026-03-03 23:32:57,055 - ✅ Successfully imported: outgoingPayment.payment_history
2026-03-03 23:32:57,055 - ✅ Router found in: outgoingPayment.payment_history
2026-03-03 23:32:57,060 - ✅ Included YEN ERP: outgoingPayment.payment_history
2026-03-03 23:32:57,060 - 🟡 Attempting to import: outgoingPayment.advance_routes
2026-03-03 23:32:57,085 - ✅ Successfully imported: outgoingPayment.advance_routes
2026-03-03 23:32:57,085 - ✅ Router found in: outgoingPayment.advance_routes
2026-03-03 23:32:57,097 - ✅ Included YEN ERP: outgoingPayment.advance_routes
2026-03-03 23:32:57,097 - 🟡 Attempting to import: Business.routes
2026-03-03 23:32:57,114 - ✅ Successfully imported: Business.routes
2026-03-03 23:32:57,114 - ✅ Router found in: Business.routes
2026-03-03 23:32:57,125 - ✅ Included YEN ERP: Business.routes
2026-03-03 23:32:57,125 - 🟡 Attempting to import: Personal.routes
2026-03-03 23:32:57,137 - ✅ Successfully imported: Personal.routes
2026-03-03 23:32:57,137 - ✅ Router found in: Personal.routes
2026-03-03 23:32:57,142 - ✅ Included YEN ERP: Personal.routes
2026-03-03 23:32:57,143 - 🟡 Attempting to import: shippingaddress.routes
2026-03-03 23:32:57,155 - ✅ Successfully imported: shippingaddress.routes
2026-03-03 23:32:57,155 - ✅ Router found in: shippingaddress.routes
2026-03-03 23:32:57,161 - ✅ Included YEN ERP: shippingaddress.routes
2026-03-03 23:32:57,161 - 🟡 Attempting to import: ItemGroup.routes
2026-03-03 23:32:57,182 - ✅ Successfully imported: ItemGroup.routes
2026-03-03 23:32:57,182 - ✅ Router found in: ItemGroup.routes
2026-03-03 23:32:57,198 - ✅ Included YEN ERP: ItemGroup.routes
2026-03-03 23:32:57,198 - 🟡 Attempting to import: FreightMaster.routes
2026-03-03 23:32:57,217 - ✅ Successfully imported: FreightMaster.routes
2026-03-03 23:32:57,218 - ✅ Router found in: FreightMaster.routes
2026-03-03 23:32:57,233 - ✅ Included YEN ERP: FreightMaster.routes
2026-03-03 23:32:57,234 - 🟡 Attempting to import: purchaseOrder.poimport
2026-03-03 23:32:57,942 - ✅ Successfully imported: purchaseOrder.poimport
2026-03-03 23:32:57,942 - ✅ Router found in: purchaseOrder.poimport
2026-03-03 23:32:57,950 - ✅ Included YEN ERP: purchaseOrder.poimport
2026-03-03 23:32:57,950 - 🟡 Attempting to import: ServiceOrder.routes
2026-03-03 23:32:58,038 - ✅ Successfully imported: ServiceOrder.routes
2026-03-03 23:32:58,039 - ✅ Router found in: ServiceOrder.routes
2026-03-03 23:32:58,074 - ✅ Included YEN ERP: ServiceOrder.routes
2026-03-03 23:32:58,075 - 🟡 Attempting to import: Service.serviceSummary
2026-03-03 23:32:58,079 - ✅ Successfully imported: Service.serviceSummary
2026-03-03 23:32:58,079 - ✅ Router found in: Service.serviceSummary
2026-03-03 23:32:58,083 - ✅ Included YEN ERP: Service.serviceSummary
2026-03-03 23:32:58,083 - 🟡 Attempting to import: ServiceOrder.servicelist
2026-03-03 23:32:58,096 - ✅ Successfully imported: ServiceOrder.servicelist
2026-03-03 23:32:58,096 - ✅ Router found in: ServiceOrder.servicelist
2026-03-03 23:32:58,112 - ✅ Included YEN ERP: ServiceOrder.servicelist
2026-03-03 23:32:58,112 - 🟡 Attempting to import: ServiceOrder.filterpatch
2026-03-03 23:32:58,118 - ✅ Successfully imported: ServiceOrder.filterpatch
2026-03-03 23:32:58,118 - ✅ Router found in: ServiceOrder.filterpatch
2026-03-03 23:32:58,124 - ✅ Included YEN ERP: ServiceOrder.filterpatch
2026-03-03 23:32:58,124 - 🟡 Attempting to import: ServiceOrder.service_ap_outgoing
2026-03-03 23:32:58,136 - ✅ Successfully imported: ServiceOrder.service_ap_outgoing
2026-03-03 23:32:58,136 - ✅ Router found in: ServiceOrder.service_ap_outgoing
2026-03-03 23:32:58,146 - ✅ Included YEN ERP: ServiceOrder.service_ap_outgoing
2026-03-03 23:32:58,807 - Fixed 0 users with null sessions
2026-03-03 23:35:08,358 - ✅ Successfully imported: purchaseOrder.po_to_grn
2026-03-03 23:35:08,358 - ✅ Router found in: purchaseOrder.po_to_grn
2026-03-03 23:35:08,362 - ✅ Included YEN ERP: purchaseOrder.po_to_grn
2026-03-03 23:35:08,362 - 🟡 Attempting to import: purchaseOrder.grnConverted
2026-03-03 23:35:08,383 - ✅ Successfully imported: purchaseOrder.grnConverted
2026-03-03 23:35:08,383 - ✅ Router found in: purchaseOrder.grnConverted
2026-03-03 23:35:08,391 - ✅ Included YEN ERP: purchaseOrder.grnConverted
2026-03-03 23:35:08,391 - 🟡 Attempting to import: purchaseOrder.poedit
2026-03-03 23:35:08,394 - ✅ Successfully imported: purchaseOrder.poedit
2026-03-03 23:35:08,394 - ✅ Router found in: purchaseOrder.poedit
2026-03-03 23:35:08,397 - ✅ Included YEN ERP: purchaseOrder.poedit
2026-03-03 23:35:08,397 - 🟡 Attempting to import: purchaseOrder.freightfunction
2026-03-03 23:35:08,411 - ✅ Successfully imported: purchaseOrder.freightfunction
2026-03-03 23:35:08,411 - ✅ Router found in: purchaseOrder.freightfunction
2026-03-03 23:35:08,417 - ✅ Included YEN ERP: purchaseOrder.freightfunction
2026-03-03 23:35:08,417 - 🟡 Attempting to import: purchaseOrder.pending
2026-03-03 23:35:08,457 - ✅ Successfully imported: purchaseOrder.pending
2026-03-03 23:35:08,457 - ✅ Router found in: purchaseOrder.pending
2026-03-03 23:35:08,463 - ✅ Included YEN ERP: purchaseOrder.pending
2026-03-03 23:35:08,463 - 🟡 Attempting to import: grn.routes
2026-03-03 23:35:08,463 - ✅ Successfully imported: grn.routes
2026-03-03 23:35:08,463 - ✅ Router found in: grn.routes
2026-03-03 23:35:08,538 - ✅ Included YEN ERP: grn.routes
2026-03-03 23:35:08,538 - 🟡 Attempting to import: grn.return
2026-03-03 23:35:09,417 - ✅ Successfully imported: grn.return
2026-03-03 23:35:09,418 - ✅ Router found in: grn.return
2026-03-03 23:35:09,429 - ✅ Included YEN ERP: grn.return
2026-03-03 23:35:09,429 - 🟡 Attempting to import: grn.grn_to_ap
2026-03-03 23:35:09,599 - ✅ Successfully imported: grn.grn_to_ap
2026-03-03 23:35:09,599 - ✅ Router found in: grn.grn_to_ap
2026-03-03 23:35:09,602 - ✅ Included YEN ERP: grn.grn_to_ap
2026-03-03 23:35:09,602 - 🟡 Attempting to import: grn.debitnote
2026-03-03 23:35:09,923 - ✅ Successfully imported: grn.debitnote
2026-03-03 23:35:09,923 - ✅ Router found in: grn.debitnote
2026-03-03 23:35:09,951 - ✅ Included YEN ERP: grn.debitnote
2026-03-03 23:35:09,951 - 🟡 Attempting to import: grn.grn_to_ap_outgoing
2026-03-03 23:35:10,095 - ✅ Successfully imported: grn.grn_to_ap_outgoing
2026-03-03 23:35:10,095 - ✅ Router found in: grn.grn_to_ap_outgoing
2026-03-03 23:35:10,099 - ✅ Included YEN ERP: grn.grn_to_ap_outgoing
2026-03-03 23:35:10,099 - 🟡 Attempting to import: grn.grn_to_po
2026-03-03 23:35:10,104 - ✅ Successfully imported: grn.grn_to_po
2026-03-03 23:35:10,105 - ✅ Router found in: grn.grn_to_po
2026-03-03 23:35:10,106 - ✅ Included YEN ERP: grn.grn_to_po
2026-03-03 23:35:10,106 - 🟡 Attempting to import: apinvoice.routes
2026-03-03 23:35:10,106 - ✅ Successfully imported: apinvoice.routes
2026-03-03 23:35:10,106 - ✅ Router found in: apinvoice.routes
2026-03-03 23:35:10,158 - ✅ Included YEN ERP: apinvoice.routes
2026-03-03 23:35:10,158 - 🟡 Attempting to import: apinvoice.ap_to_outgoing
2026-03-03 23:35:10,161 - ✅ Successfully imported: apinvoice.ap_to_outgoing
2026-03-03 23:35:10,161 - ✅ Router found in: apinvoice.ap_to_outgoing
2026-03-03 23:35:10,163 - ✅ Included YEN ERP: apinvoice.ap_to_outgoing
2026-03-03 23:35:10,163 - 🟡 Attempting to import: apinvoice.apReturned
2026-03-03 23:35:10,166 - ✅ Successfully imported: apinvoice.apReturned
2026-03-03 23:35:10,166 - ✅ Router found in: apinvoice.apReturned
2026-03-03 23:35:10,168 - ✅ Included YEN ERP: apinvoice.apReturned
2026-03-03 23:35:10,168 - 🟡 Attempting to import: outgoingPayment.routes
2026-03-03 23:35:10,168 - ✅ Successfully imported: outgoingPayment.routes
2026-03-03 23:35:10,168 - ✅ Router found in: outgoingPayment.routes
2026-03-03 23:35:10,219 - ✅ Included YEN ERP: outgoingPayment.routes
2026-03-03 23:35:10,219 - 🟡 Attempting to import: outgoingPayment.bulk_payment
2026-03-03 23:35:10,235 - ✅ Successfully imported: outgoingPayment.bulk_payment
2026-03-03 23:35:10,235 - ✅ Router found in: outgoingPayment.bulk_payment
2026-03-03 23:35:10,276 - ✅ Included YEN ERP: outgoingPayment.bulk_payment
2026-03-03 23:35:10,277 - 🟡 Attempting to import: outgoingPayment.vendor_ledger
2026-03-03 23:35:10,311 - ✅ Successfully imported: outgoingPayment.vendor_ledger
2026-03-03 23:35:10,311 - ✅ Router found in: outgoingPayment.vendor_ledger
2026-03-03 23:35:10,319 - ✅ Included YEN ERP: outgoingPayment.vendor_ledger
2026-03-03 23:35:10,319 - 🟡 Attempting to import: outgoingPayment.single_payment
2026-03-03 23:35:10,332 - ✅ Successfully imported: outgoingPayment.single_payment
2026-03-03 23:35:10,332 - ✅ Router found in: outgoingPayment.single_payment
2026-03-03 23:35:10,338 - ✅ Included YEN ERP: outgoingPayment.single_payment
2026-03-03 23:35:10,338 - 🟡 Attempting to import: outgoingPayment.payment_history
2026-03-03 23:35:10,374 - ✅ Successfully imported: outgoingPayment.payment_history
2026-03-03 23:35:10,374 - ✅ Router found in: outgoingPayment.payment_history
2026-03-03 23:35:10,384 - ✅ Included YEN ERP: outgoingPayment.payment_history
2026-03-03 23:35:10,384 - 🟡 Attempting to import: outgoingPayment.advance_routes
2026-03-03 23:35:10,417 - ✅ Successfully imported: outgoingPayment.advance_routes
2026-03-03 23:35:10,417 - ✅ Router found in: outgoingPayment.advance_routes
2026-03-03 23:35:10,429 - ✅ Included YEN ERP: outgoingPayment.advance_routes
2026-03-03 23:35:10,430 - 🟡 Attempting to import: Business.routes
2026-03-03 23:35:10,447 - ✅ Successfully imported: Business.routes
2026-03-03 23:35:10,447 - ✅ Router found in: Business.routes
2026-03-03 23:35:10,457 - ✅ Included YEN ERP: Business.routes
2026-03-03 23:35:10,457 - 🟡 Attempting to import: Personal.routes
2026-03-03 23:35:10,470 - ✅ Successfully imported: Personal.routes
2026-03-03 23:35:10,470 - ✅ Router found in: Personal.routes
2026-03-03 23:35:10,476 - ✅ Included YEN ERP: Personal.routes
2026-03-03 23:35:10,476 - 🟡 Attempting to import: shippingaddress.routes
2026-03-03 23:35:10,490 - ✅ Successfully imported: shippingaddress.routes
2026-03-03 23:35:10,490 - ✅ Router found in: shippingaddress.routes
2026-03-03 23:35:10,497 - ✅ Included YEN ERP: shippingaddress.routes
2026-03-03 23:35:10,497 - 🟡 Attempting to import: ItemGroup.routes
2026-03-03 23:35:10,519 - ✅ Successfully imported: ItemGroup.routes
2026-03-03 23:35:10,520 - ✅ Router found in: ItemGroup.routes
2026-03-03 23:35:10,535 - ✅ Included YEN ERP: ItemGroup.routes
2026-03-03 23:35:10,535 - 🟡 Attempting to import: FreightMaster.routes
2026-03-03 23:35:10,558 - ✅ Successfully imported: FreightMaster.routes
2026-03-03 23:35:10,559 - ✅ Router found in: FreightMaster.routes
2026-03-03 23:35:10,576 - ✅ Included YEN ERP: FreightMaster.routes
2026-03-03 23:35:10,576 - 🟡 Attempting to import: purchaseOrder.poimport
2026-03-03 23:35:11,224 - ✅ Successfully imported: purchaseOrder.poimport
2026-03-03 23:35:11,224 - ✅ Router found in: purchaseOrder.poimport
2026-03-03 23:35:11,232 - ✅ Included YEN ERP: purchaseOrder.poimport
2026-03-03 23:35:11,232 - 🟡 Attempting to import: ServiceOrder.routes
2026-03-03 23:35:11,302 - ✅ Successfully imported: ServiceOrder.routes
2026-03-03 23:35:11,302 - ✅ Router found in: ServiceOrder.routes
2026-03-03 23:35:11,339 - ✅ Included YEN ERP: ServiceOrder.routes
2026-03-03 23:35:11,339 - 🟡 Attempting to import: Service.serviceSummary
2026-03-03 23:35:11,343 - ✅ Successfully imported: Service.serviceSummary
2026-03-03 23:35:11,343 - ✅ Router found in: Service.serviceSummary
2026-03-03 23:35:11,346 - ✅ Included YEN ERP: Service.serviceSummary
2026-03-03 23:35:11,346 - 🟡 Attempting to import: ServiceOrder.servicelist
2026-03-03 23:35:11,359 - ✅ Successfully imported: ServiceOrder.servicelist
2026-03-03 23:35:11,359 - ✅ Router found in: ServiceOrder.servicelist
2026-03-03 23:35:11,370 - ✅ Included YEN ERP: ServiceOrder.servicelist
2026-03-03 23:35:11,371 - 🟡 Attempting to import: ServiceOrder.filterpatch
2026-03-03 23:35:11,377 - ✅ Successfully imported: ServiceOrder.filterpatch
2026-03-03 23:35:11,377 - ✅ Router found in: ServiceOrder.filterpatch
2026-03-03 23:35:11,382 - ✅ Included YEN ERP: ServiceOrder.filterpatch
2026-03-03 23:35:11,382 - 🟡 Attempting to import: ServiceOrder.service_ap_outgoing
2026-03-03 23:35:11,389 - ✅ Successfully imported: ServiceOrder.service_ap_outgoing
2026-03-03 23:35:11,389 - ✅ Router found in: ServiceOrder.service_ap_outgoing
2026-03-03 23:35:11,394 - ✅ Included YEN ERP: ServiceOrder.service_ap_outgoing
2026-03-03 23:35:12,104 - Fixed 0 users with null sessions
2026-03-03 23:35:19,863 - ✅ Successfully imported: purchaseOrder.po_to_grn
2026-03-03 23:35:19,863 - ✅ Router found in: purchaseOrder.po_to_grn
2026-03-03 23:35:19,871 - ✅ Included YEN ERP: purchaseOrder.po_to_grn
2026-03-03 23:35:19,871 - 🟡 Attempting to import: purchaseOrder.grnConverted
2026-03-03 23:35:19,895 - ✅ Successfully imported: purchaseOrder.grnConverted
2026-03-03 23:35:19,895 - ✅ Router found in: purchaseOrder.grnConverted
2026-03-03 23:35:19,903 - ✅ Included YEN ERP: purchaseOrder.grnConverted
2026-03-03 23:35:19,903 - 🟡 Attempting to import: purchaseOrder.poedit
2026-03-03 23:35:19,907 - ✅ Successfully imported: purchaseOrder.poedit
2026-03-03 23:35:19,907 - ✅ Router found in: purchaseOrder.poedit
2026-03-03 23:35:19,910 - ✅ Included YEN ERP: purchaseOrder.poedit
2026-03-03 23:35:19,910 - 🟡 Attempting to import: purchaseOrder.freightfunction
2026-03-03 23:35:19,926 - ✅ Successfully imported: purchaseOrder.freightfunction
2026-03-03 23:35:19,926 - ✅ Router found in: purchaseOrder.freightfunction
2026-03-03 23:35:19,929 - ✅ Included YEN ERP: purchaseOrder.freightfunction
2026-03-03 23:35:19,929 - 🟡 Attempting to import: purchaseOrder.pending
2026-03-03 23:35:19,971 - ✅ Successfully imported: purchaseOrder.pending
2026-03-03 23:35:19,971 - ✅ Router found in: purchaseOrder.pending
2026-03-03 23:35:19,978 - ✅ Included YEN ERP: purchaseOrder.pending
2026-03-03 23:35:19,978 - 🟡 Attempting to import: grn.routes
2026-03-03 23:35:19,978 - ✅ Successfully imported: grn.routes
2026-03-03 23:35:19,979 - ✅ Router found in: grn.routes
2026-03-03 23:35:20,058 - ✅ Included YEN ERP: grn.routes
2026-03-03 23:35:20,058 - 🟡 Attempting to import: grn.return
2026-03-03 23:35:20,992 - ✅ Successfully imported: grn.return
2026-03-03 23:35:20,992 - ✅ Router found in: grn.return
2026-03-03 23:35:21,002 - ✅ Included YEN ERP: grn.return
2026-03-03 23:35:21,002 - 🟡 Attempting to import: grn.grn_to_ap
2026-03-03 23:35:21,189 - ✅ Successfully imported: grn.grn_to_ap
2026-03-03 23:35:21,189 - ✅ Router found in: grn.grn_to_ap
2026-03-03 23:35:21,192 - ✅ Included YEN ERP: grn.grn_to_ap
2026-03-03 23:35:21,192 - 🟡 Attempting to import: grn.debitnote
2026-03-03 23:35:21,623 - ✅ Successfully imported: grn.debitnote
2026-03-03 23:35:21,623 - ✅ Router found in: grn.debitnote
2026-03-03 23:35:21,657 - ✅ Included YEN ERP: grn.debitnote
2026-03-03 23:35:21,657 - 🟡 Attempting to import: grn.grn_to_ap_outgoing
2026-03-03 23:35:21,961 - ✅ Successfully imported: grn.grn_to_ap_outgoing
2026-03-03 23:35:21,961 - ✅ Router found in: grn.grn_to_ap_outgoing
2026-03-03 23:35:21,967 - ✅ Included YEN ERP: grn.grn_to_ap_outgoing
2026-03-03 23:35:21,967 - 🟡 Attempting to import: grn.grn_to_po
2026-03-03 23:35:21,971 - ✅ Successfully imported: grn.grn_to_po
2026-03-03 23:35:21,972 - ✅ Router found in: grn.grn_to_po
2026-03-03 23:35:21,973 - ✅ Included YEN ERP: grn.grn_to_po
2026-03-03 23:35:21,973 - 🟡 Attempting to import: apinvoice.routes
2026-03-03 23:35:21,973 - ✅ Successfully imported: apinvoice.routes
2026-03-03 23:35:21,973 - ✅ Router found in: apinvoice.routes
2026-03-03 23:35:22,026 - ✅ Included YEN ERP: apinvoice.routes
2026-03-03 23:35:22,026 - 🟡 Attempting to import: apinvoice.ap_to_outgoing
2026-03-03 23:35:22,029 - ✅ Successfully imported: apinvoice.ap_to_outgoing
2026-03-03 23:35:22,030 - ✅ Router found in: apinvoice.ap_to_outgoing
2026-03-03 23:35:22,033 - ✅ Included YEN ERP: apinvoice.ap_to_outgoing
2026-03-03 23:35:22,034 - 🟡 Attempting to import: apinvoice.apReturned
2026-03-03 23:35:22,037 - ✅ Successfully imported: apinvoice.apReturned
2026-03-03 23:35:22,037 - ✅ Router found in: apinvoice.apReturned
2026-03-03 23:35:22,039 - ✅ Included YEN ERP: apinvoice.apReturned
2026-03-03 23:35:22,039 - 🟡 Attempting to import: outgoingPayment.routes
2026-03-03 23:35:22,039 - ✅ Successfully imported: outgoingPayment.routes
2026-03-03 23:35:22,039 - ✅ Router found in: outgoingPayment.routes
2026-03-03 23:35:22,091 - ✅ Included YEN ERP: outgoingPayment.routes
2026-03-03 23:35:22,091 - 🟡 Attempting to import: outgoingPayment.bulk_payment
2026-03-03 23:35:22,106 - ✅ Successfully imported: outgoingPayment.bulk_payment
2026-03-03 23:35:22,106 - ✅ Router found in: outgoingPayment.bulk_payment
2026-03-03 23:35:22,110 - ✅ Included YEN ERP: outgoingPayment.bulk_payment
2026-03-03 23:35:22,110 - 🟡 Attempting to import: outgoingPayment.vendor_ledger
2026-03-03 23:35:22,116 - ✅ Successfully imported: outgoingPayment.vendor_ledger
2026-03-03 23:35:22,116 - ✅ Router found in: outgoingPayment.vendor_ledger
2026-03-03 23:35:22,121 - ✅ Included YEN ERP: outgoingPayment.vendor_ledger
2026-03-03 23:35:22,121 - 🟡 Attempting to import: outgoingPayment.single_payment
2026-03-03 23:35:22,128 - ✅ Successfully imported: outgoingPayment.single_payment
2026-03-03 23:35:22,128 - ✅ Router found in: outgoingPayment.single_payment
2026-03-03 23:35:22,130 - ✅ Included YEN ERP: outgoingPayment.single_payment
2026-03-03 23:35:22,131 - 🟡 Attempting to import: outgoingPayment.payment_history
2026-03-03 23:35:22,146 - ✅ Successfully imported: outgoingPayment.payment_history
2026-03-03 23:35:22,146 - ✅ Router found in: outgoingPayment.payment_history
2026-03-03 23:35:22,152 - ✅ Included YEN ERP: outgoingPayment.payment_history
2026-03-03 23:35:22,152 - 🟡 Attempting to import: outgoingPayment.advance_routes
2026-03-03 23:35:22,201 - ✅ Successfully imported: outgoingPayment.advance_routes
2026-03-03 23:35:22,201 - ✅ Router found in: outgoingPayment.advance_routes
2026-03-03 23:35:22,220 - ✅ Included YEN ERP: outgoingPayment.advance_routes
2026-03-03 23:35:22,221 - 🟡 Attempting to import: Business.routes
2026-03-03 23:35:22,255 - ✅ Successfully imported: Business.routes
2026-03-03 23:35:22,255 - ✅ Router found in: Business.routes
2026-03-03 23:35:22,271 - ✅ Included YEN ERP: Business.routes
2026-03-03 23:35:22,272 - 🟡 Attempting to import: Personal.routes
2026-03-03 23:35:22,289 - ✅ Successfully imported: Personal.routes
2026-03-03 23:35:22,289 - ✅ Router found in: Personal.routes
2026-03-03 23:35:22,295 - ✅ Included YEN ERP: Personal.routes
2026-03-03 23:35:22,295 - 🟡 Attempting to import: shippingaddress.routes
2026-03-03 23:35:22,312 - ✅ Successfully imported: shippingaddress.routes
2026-03-03 23:35:22,312 - ✅ Router found in: shippingaddress.routes
2026-03-03 23:35:22,323 - ✅ Included YEN ERP: shippingaddress.routes
2026-03-03 23:35:22,323 - 🟡 Attempting to import: ItemGroup.routes
2026-03-03 23:35:22,351 - ✅ Successfully imported: ItemGroup.routes
2026-03-03 23:35:22,351 - ✅ Router found in: ItemGroup.routes
2026-03-03 23:35:22,369 - ✅ Included YEN ERP: ItemGroup.routes
2026-03-03 23:35:22,369 - 🟡 Attempting to import: FreightMaster.routes
2026-03-03 23:35:22,437 - ✅ Successfully imported: FreightMaster.routes
2026-03-03 23:35:22,437 - ✅ Router found in: FreightMaster.routes
2026-03-03 23:35:22,478 - ✅ Included YEN ERP: FreightMaster.routes
2026-03-03 23:35:22,478 - 🟡 Attempting to import: purchaseOrder.poimport
2026-03-03 23:35:23,522 - ✅ Successfully imported: purchaseOrder.poimport
2026-03-03 23:35:23,522 - ✅ Router found in: purchaseOrder.poimport
2026-03-03 23:35:23,533 - ✅ Included YEN ERP: purchaseOrder.poimport
2026-03-03 23:35:23,533 - 🟡 Attempting to import: ServiceOrder.routes
2026-03-03 23:35:23,639 - ✅ Successfully imported: ServiceOrder.routes
2026-03-03 23:35:23,639 - ✅ Router found in: ServiceOrder.routes
2026-03-03 23:35:23,705 - ✅ Included YEN ERP: ServiceOrder.routes
2026-03-03 23:35:23,705 - 🟡 Attempting to import: Service.serviceSummary
2026-03-03 23:35:23,717 - ✅ Successfully imported: Service.serviceSummary
2026-03-03 23:35:23,718 - ✅ Router found in: Service.serviceSummary
2026-03-03 23:35:23,725 - ✅ Included YEN ERP: Service.serviceSummary
2026-03-03 23:35:23,725 - 🟡 Attempting to import: ServiceOrder.servicelist
2026-03-03 23:35:23,757 - ✅ Successfully imported: ServiceOrder.servicelist
2026-03-03 23:35:23,757 - ✅ Router found in: ServiceOrder.servicelist
2026-03-03 23:35:23,793 - ✅ Included YEN ERP: ServiceOrder.servicelist
2026-03-03 23:35:23,793 - 🟡 Attempting to import: ServiceOrder.filterpatch
2026-03-03 23:35:23,813 - ✅ Successfully imported: ServiceOrder.filterpatch
2026-03-03 23:35:23,813 - ✅ Router found in: ServiceOrder.filterpatch
2026-03-03 23:35:23,826 - ✅ Included YEN ERP: ServiceOrder.filterpatch
2026-03-03 23:35:23,826 - 🟡 Attempting to import: ServiceOrder.service_ap_outgoing
2026-03-03 23:35:23,843 - ✅ Successfully imported: ServiceOrder.service_ap_outgoing
2026-03-03 23:35:23,843 - ✅ Router found in: ServiceOrder.service_ap_outgoing
2026-03-03 23:35:23,857 - ✅ Included YEN ERP: ServiceOrder.service_ap_outgoing
2026-03-03 23:35:24,614 - Fixed 0 users with null sessions
2026-03-03 23:35:49,915 - ✅ Main sync connection created
2026-03-03 23:35:50,925 - Tenant context set: 699931d4ad8013cc4b9cdd2f -> Appa_Kitchen_TNT014
2026-03-03 23:35:51,140 - ✅ Tenant 699931d4ad8013cc4b9cdd2f sync DB: Appa_Kitchen_TNT014
2026-03-03 23:35:53,016 - Tenant context set: 699931d4ad8013cc4b9cdd2f -> Appa_Kitchen_TNT014
2026-03-03 23:35:53,722 - Tenant context set: 699931d4ad8013cc4b9cdd2f -> Appa_Kitchen_TNT014
2026-03-03 23:36:51,009 - Tenant context set: 699931d4ad8013cc4b9cdd2f -> Appa_Kitchen_TNT014
2026-03-03 23:36:51,112 - Tenant context set: 699931d4ad8013cc4b9cdd2f -> Appa_Kitchen_TNT014
2026-03-03 23:36:51,410 - ✅ Tenant 699931d4ad8013cc4b9cdd2f async DB: Appa_Kitchen_TNT014
2026-03-03 23:36:52,523 - Tenant context set: 699931d4ad8013cc4b9cdd2f -> Appa_Kitchen_TNT014
2026-03-03 23:36:52,901 - Tenant context set: 699931d4ad8013cc4b9cdd2f -> Appa_Kitchen_TNT014
2026-03-03 23:40:18,512 - Tenant context set: 699931d4ad8013cc4b9cdd2f -> Appa_Kitchen_TNT014
2026-03-03 23:40:43,655 - ✅ Successfully imported: purchaseOrder.po_to_grn
2026-03-03 23:40:43,656 - ✅ Router found in: purchaseOrder.po_to_grn
2026-03-03 23:40:43,667 - ✅ Included YEN ERP: purchaseOrder.po_to_grn
2026-03-03 23:40:43,667 - 🟡 Attempting to import: purchaseOrder.grnConverted
2026-03-03 23:40:43,705 - ✅ Successfully imported: purchaseOrder.grnConverted
2026-03-03 23:40:43,705 - ✅ Router found in: purchaseOrder.grnConverted
2026-03-03 23:40:43,718 - ✅ Included YEN ERP: purchaseOrder.grnConverted
2026-03-03 23:40:43,718 - 🟡 Attempting to import: purchaseOrder.poedit
2026-03-03 23:40:43,722 - ✅ Successfully imported: purchaseOrder.poedit
2026-03-03 23:40:43,722 - ✅ Router found in: purchaseOrder.poedit
2026-03-03 23:40:43,728 - ✅ Included YEN ERP: purchaseOrder.poedit
2026-03-03 23:40:43,728 - 🟡 Attempting to import: purchaseOrder.freightfunction
2026-03-03 23:40:43,760 - ✅ Successfully imported: purchaseOrder.freightfunction
2026-03-03 23:40:43,761 - ✅ Router found in: purchaseOrder.freightfunction
2026-03-03 23:40:43,775 - ✅ Included YEN ERP: purchaseOrder.freightfunction
2026-03-03 23:40:43,776 - 🟡 Attempting to import: purchaseOrder.pending
2026-03-03 23:40:43,841 - ✅ Successfully imported: purchaseOrder.pending
2026-03-03 23:40:43,842 - ✅ Router found in: purchaseOrder.pending
2026-03-03 23:40:43,861 - ✅ Included YEN ERP: purchaseOrder.pending
2026-03-03 23:40:43,861 - 🟡 Attempting to import: grn.routes
2026-03-03 23:40:43,861 - ✅ Successfully imported: grn.routes
2026-03-03 23:40:43,861 - ✅ Router found in: grn.routes
2026-03-03 23:40:43,979 - ✅ Included YEN ERP: grn.routes
2026-03-03 23:40:43,979 - 🟡 Attempting to import: grn.return
2026-03-03 23:40:45,076 - ✅ Successfully imported: grn.return
2026-03-03 23:40:45,076 - ✅ Router found in: grn.return
2026-03-03 23:40:45,087 - ✅ Included YEN ERP: grn.return
2026-03-03 23:40:45,088 - 🟡 Attempting to import: grn.grn_to_ap
2026-03-03 23:40:45,227 - ✅ Successfully imported: grn.grn_to_ap
2026-03-03 23:40:45,227 - ✅ Router found in: grn.grn_to_ap
2026-03-03 23:40:45,232 - ✅ Included YEN ERP: grn.grn_to_ap
2026-03-03 23:40:45,232 - 🟡 Attempting to import: grn.debitnote
2026-03-03 23:40:45,639 - ✅ Successfully imported: grn.debitnote
2026-03-03 23:40:45,639 - ✅ Router found in: grn.debitnote
2026-03-03 23:40:45,663 - ✅ Included YEN ERP: grn.debitnote
2026-03-03 23:40:45,663 - 🟡 Attempting to import: grn.grn_to_ap_outgoing
2026-03-03 23:40:45,814 - ✅ Successfully imported: grn.grn_to_ap_outgoing
2026-03-03 23:40:45,815 - ✅ Router found in: grn.grn_to_ap_outgoing
2026-03-03 23:40:45,818 - ✅ Included YEN ERP: grn.grn_to_ap_outgoing
2026-03-03 23:40:45,818 - 🟡 Attempting to import: grn.grn_to_po
2026-03-03 23:40:45,825 - ✅ Successfully imported: grn.grn_to_po
2026-03-03 23:40:45,825 - ✅ Router found in: grn.grn_to_po
2026-03-03 23:40:45,826 - ✅ Included YEN ERP: grn.grn_to_po
2026-03-03 23:40:45,826 - 🟡 Attempting to import: apinvoice.routes
2026-03-03 23:40:45,826 - ✅ Successfully imported: apinvoice.routes
2026-03-03 23:40:45,827 - ✅ Router found in: apinvoice.routes
2026-03-03 23:40:45,872 - ✅ Included YEN ERP: apinvoice.routes
2026-03-03 23:40:45,873 - 🟡 Attempting to import: apinvoice.ap_to_outgoing
2026-03-03 23:40:45,877 - ✅ Successfully imported: apinvoice.ap_to_outgoing
2026-03-03 23:40:45,877 - ✅ Router found in: apinvoice.ap_to_outgoing
2026-03-03 23:40:45,880 - ✅ Included YEN ERP: apinvoice.ap_to_outgoing
2026-03-03 23:40:45,880 - 🟡 Attempting to import: apinvoice.apReturned
2026-03-03 23:40:45,883 - ✅ Successfully imported: apinvoice.apReturned
2026-03-03 23:40:45,883 - ✅ Router found in: apinvoice.apReturned
2026-03-03 23:40:45,886 - ✅ Included YEN ERP: apinvoice.apReturned
2026-03-03 23:40:45,886 - 🟡 Attempting to import: outgoingPayment.routes
2026-03-03 23:40:45,886 - ✅ Successfully imported: outgoingPayment.routes
2026-03-03 23:40:45,886 - ✅ Router found in: outgoingPayment.routes
2026-03-03 23:40:45,937 - ✅ Included YEN ERP: outgoingPayment.routes
2026-03-03 23:40:45,937 - 🟡 Attempting to import: outgoingPayment.bulk_payment
2026-03-03 23:40:45,955 - ✅ Successfully imported: outgoingPayment.bulk_payment
2026-03-03 23:40:45,955 - ✅ Router found in: outgoingPayment.bulk_payment
2026-03-03 23:40:45,958 - ✅ Included YEN ERP: outgoingPayment.bulk_payment
2026-03-03 23:40:45,958 - 🟡 Attempting to import: outgoingPayment.vendor_ledger
2026-03-03 23:40:45,965 - ✅ Successfully imported: outgoingPayment.vendor_ledger
2026-03-03 23:40:45,965 - ✅ Router found in: outgoingPayment.vendor_ledger
2026-03-03 23:40:45,970 - ✅ Included YEN ERP: outgoingPayment.vendor_ledger
2026-03-03 23:40:45,970 - 🟡 Attempting to import: outgoingPayment.single_payment
2026-03-03 23:40:45,978 - ✅ Successfully imported: outgoingPayment.single_payment
2026-03-03 23:40:45,979 - ✅ Router found in: outgoingPayment.single_payment
2026-03-03 23:40:45,981 - ✅ Included YEN ERP: outgoingPayment.single_payment
2026-03-03 23:40:45,981 - 🟡 Attempting to import: outgoingPayment.payment_history
2026-03-03 23:40:45,999 - ✅ Successfully imported: outgoingPayment.payment_history
2026-03-03 23:40:45,999 - ✅ Router found in: outgoingPayment.payment_history
2026-03-03 23:40:46,006 - ✅ Included YEN ERP: outgoingPayment.payment_history
2026-03-03 23:40:46,006 - 🟡 Attempting to import: outgoingPayment.advance_routes
2026-03-03 23:40:46,039 - ✅ Successfully imported: outgoingPayment.advance_routes
2026-03-03 23:40:46,040 - ✅ Router found in: outgoingPayment.advance_routes
2026-03-03 23:40:46,055 - ✅ Included YEN ERP: outgoingPayment.advance_routes
2026-03-03 23:40:46,055 - 🟡 Attempting to import: Business.routes
2026-03-03 23:40:46,082 - ✅ Successfully imported: Business.routes
2026-03-03 23:40:46,082 - ✅ Router found in: Business.routes
2026-03-03 23:40:46,094 - ✅ Included YEN ERP: Business.routes
2026-03-03 23:40:46,094 - 🟡 Attempting to import: Personal.routes
2026-03-03 23:40:46,110 - ✅ Successfully imported: Personal.routes
2026-03-03 23:40:46,110 - ✅ Router found in: Personal.routes
2026-03-03 23:40:46,120 - ✅ Included YEN ERP: Personal.routes
2026-03-03 23:40:46,120 - 🟡 Attempting to import: shippingaddress.routes
2026-03-03 23:40:46,138 - ✅ Successfully imported: shippingaddress.routes
2026-03-03 23:40:46,138 - ✅ Router found in: shippingaddress.routes
2026-03-03 23:40:46,149 - ✅ Included YEN ERP: shippingaddress.routes
2026-03-03 23:40:46,149 - 🟡 Attempting to import: ItemGroup.routes
2026-03-03 23:40:46,177 - ✅ Successfully imported: ItemGroup.routes
2026-03-03 23:40:46,177 - ✅ Router found in: ItemGroup.routes
2026-03-03 23:40:46,197 - ✅ Included YEN ERP: ItemGroup.routes
2026-03-03 23:40:46,197 - 🟡 Attempting to import: FreightMaster.routes
2026-03-03 23:40:46,225 - ✅ Successfully imported: FreightMaster.routes
2026-03-03 23:40:46,225 - ✅ Router found in: FreightMaster.routes
2026-03-03 23:40:46,247 - ✅ Included YEN ERP: FreightMaster.routes
2026-03-03 23:40:46,247 - 🟡 Attempting to import: purchaseOrder.poimport
2026-03-03 23:40:47,381 - ✅ Successfully imported: purchaseOrder.poimport
2026-03-03 23:40:47,382 - ✅ Router found in: purchaseOrder.poimport
2026-03-03 23:40:47,389 - ✅ Included YEN ERP: purchaseOrder.poimport
2026-03-03 23:40:47,389 - 🟡 Attempting to import: ServiceOrder.routes
2026-03-03 23:40:47,473 - ✅ Successfully imported: ServiceOrder.routes
2026-03-03 23:40:47,474 - ✅ Router found in: ServiceOrder.routes
2026-03-03 23:40:47,506 - ✅ Included YEN ERP: ServiceOrder.routes
2026-03-03 23:40:47,506 - 🟡 Attempting to import: Service.serviceSummary
2026-03-03 23:40:47,511 - ✅ Successfully imported: Service.serviceSummary
2026-03-03 23:40:47,511 - ✅ Router found in: Service.serviceSummary
2026-03-03 23:40:47,514 - ✅ Included YEN ERP: Service.serviceSummary
2026-03-03 23:40:47,514 - 🟡 Attempting to import: ServiceOrder.servicelist
2026-03-03 23:40:47,530 - ✅ Successfully imported: ServiceOrder.servicelist
2026-03-03 23:40:47,530 - ✅ Router found in: ServiceOrder.servicelist
2026-03-03 23:40:47,543 - ✅ Included YEN ERP: ServiceOrder.servicelist
2026-03-03 23:40:47,544 - 🟡 Attempting to import: ServiceOrder.filterpatch
2026-03-03 23:40:47,551 - ✅ Successfully imported: ServiceOrder.filterpatch
2026-03-03 23:40:47,551 - ✅ Router found in: ServiceOrder.filterpatch
2026-03-03 23:40:47,556 - ✅ Included YEN ERP: ServiceOrder.filterpatch
2026-03-03 23:40:47,556 - 🟡 Attempting to import: ServiceOrder.service_ap_outgoing
2026-03-03 23:40:47,564 - ✅ Successfully imported: ServiceOrder.service_ap_outgoing
2026-03-03 23:40:47,565 - ✅ Router found in: ServiceOrder.service_ap_outgoing
2026-03-03 23:40:47,571 - ✅ Included YEN ERP: ServiceOrder.service_ap_outgoing
2026-03-03 23:40:48,802 - Fixed 0 users with null sessions
2026-03-03 23:40:58,378 - ✅ Successfully imported: purchaseOrder.po_to_grn
2026-03-03 23:40:58,379 - ✅ Router found in: purchaseOrder.po_to_grn
2026-03-03 23:40:58,389 - ✅ Included YEN ERP: purchaseOrder.po_to_grn
2026-03-03 23:40:58,389 - 🟡 Attempting to import: purchaseOrder.grnConverted
2026-03-03 23:40:58,470 - ✅ Successfully imported: purchaseOrder.grnConverted
2026-03-03 23:40:58,470 - ✅ Router found in: purchaseOrder.grnConverted
2026-03-03 23:40:58,482 - ✅ Included YEN ERP: purchaseOrder.grnConverted
2026-03-03 23:40:58,482 - 🟡 Attempting to import: purchaseOrder.poedit
2026-03-03 23:40:58,501 - ✅ Successfully imported: purchaseOrder.poedit
2026-03-03 23:40:58,501 - ✅ Router found in: purchaseOrder.poedit
2026-03-03 23:40:58,512 - ✅ Included YEN ERP: purchaseOrder.poedit
2026-03-03 23:40:58,512 - 🟡 Attempting to import: purchaseOrder.freightfunction
2026-03-03 23:40:58,553 - ✅ Successfully imported: purchaseOrder.freightfunction
2026-03-03 23:40:58,553 - ✅ Router found in: purchaseOrder.freightfunction
2026-03-03 23:40:58,560 - ✅ Included YEN ERP: purchaseOrder.freightfunction
2026-03-03 23:40:58,560 - 🟡 Attempting to import: purchaseOrder.pending
2026-03-03 23:40:58,631 - ✅ Successfully imported: purchaseOrder.pending
2026-03-03 23:40:58,631 - ✅ Router found in: purchaseOrder.pending
2026-03-03 23:40:58,642 - ✅ Included YEN ERP: purchaseOrder.pending
2026-03-03 23:40:58,643 - 🟡 Attempting to import: grn.routes
2026-03-03 23:40:58,643 - ✅ Successfully imported: grn.routes
2026-03-03 23:40:58,643 - ✅ Router found in: grn.routes
2026-03-03 23:40:58,744 - ✅ Included YEN ERP: grn.routes
2026-03-03 23:40:58,744 - 🟡 Attempting to import: grn.return
2026-03-03 23:41:00,497 - ✅ Successfully imported: grn.return
2026-03-03 23:41:00,497 - ✅ Router found in: grn.return
2026-03-03 23:41:00,517 - ✅ Included YEN ERP: grn.return
2026-03-03 23:41:00,517 - 🟡 Attempting to import: grn.grn_to_ap
2026-03-03 23:41:00,726 - ✅ Successfully imported: grn.grn_to_ap
2026-03-03 23:41:00,726 - ✅ Router found in: grn.grn_to_ap
2026-03-03 23:41:00,731 - ✅ Included YEN ERP: grn.grn_to_ap
2026-03-03 23:41:00,731 - 🟡 Attempting to import: grn.debitnote
2026-03-03 23:41:01,660 - ✅ Successfully imported: grn.debitnote
2026-03-03 23:41:01,661 - ✅ Router found in: grn.debitnote
2026-03-03 23:41:01,739 - ✅ Included YEN ERP: grn.debitnote
2026-03-03 23:41:01,740 - 🟡 Attempting to import: grn.grn_to_ap_outgoing
2026-03-03 23:41:02,338 - ✅ Successfully imported: grn.grn_to_ap_outgoing
2026-03-03 23:41:02,338 - ✅ Router found in: grn.grn_to_ap_outgoing
2026-03-03 23:41:02,368 - ✅ Included YEN ERP: grn.grn_to_ap_outgoing
2026-03-03 23:41:02,369 - 🟡 Attempting to import: grn.grn_to_po
2026-03-03 23:41:02,383 - ✅ Successfully imported: grn.grn_to_po
2026-03-03 23:41:02,384 - ✅ Router found in: grn.grn_to_po
2026-03-03 23:41:02,387 - ✅ Included YEN ERP: grn.grn_to_po
2026-03-03 23:41:02,387 - 🟡 Attempting to import: apinvoice.routes
2026-03-03 23:41:02,388 - ✅ Successfully imported: apinvoice.routes
2026-03-03 23:41:02,388 - ✅ Router found in: apinvoice.routes
2026-03-03 23:41:02,480 - ✅ Included YEN ERP: apinvoice.routes
2026-03-03 23:41:02,480 - 🟡 Attempting to import: apinvoice.ap_to_outgoing
2026-03-03 23:41:02,484 - ✅ Successfully imported: apinvoice.ap_to_outgoing
2026-03-03 23:41:02,484 - ✅ Router found in: apinvoice.ap_to_outgoing
2026-03-03 23:41:02,491 - ✅ Included YEN ERP: apinvoice.ap_to_outgoing
2026-03-03 23:41:02,491 - 🟡 Attempting to import: apinvoice.apReturned
2026-03-03 23:41:02,496 - ✅ Successfully imported: apinvoice.apReturned
2026-03-03 23:41:02,496 - ✅ Router found in: apinvoice.apReturned
2026-03-03 23:41:02,500 - ✅ Included YEN ERP: apinvoice.apReturned
2026-03-03 23:41:02,500 - 🟡 Attempting to import: outgoingPayment.routes
2026-03-03 23:41:02,500 - ✅ Successfully imported: outgoingPayment.routes
2026-03-03 23:41:02,500 - ✅ Router found in: outgoingPayment.routes
2026-03-03 23:41:02,703 - ✅ Included YEN ERP: outgoingPayment.routes
2026-03-03 23:41:02,703 - 🟡 Attempting to import: outgoingPayment.bulk_payment
2026-03-03 23:41:02,739 - ✅ Successfully imported: outgoingPayment.bulk_payment
2026-03-03 23:41:02,739 - ✅ Router found in: outgoingPayment.bulk_payment
2026-03-03 23:41:02,745 - ✅ Included YEN ERP: outgoingPayment.bulk_payment
2026-03-03 23:41:02,745 - 🟡 Attempting to import: outgoingPayment.vendor_ledger
2026-03-03 23:41:02,752 - ✅ Successfully imported: outgoingPayment.vendor_ledger
2026-03-03 23:41:02,753 - ✅ Router found in: outgoingPayment.vendor_ledger
2026-03-03 23:41:02,761 - ✅ Included YEN ERP: outgoingPayment.vendor_ledger
2026-03-03 23:41:02,762 - 🟡 Attempting to import: outgoingPayment.single_payment
2026-03-03 23:41:02,775 - ✅ Successfully imported: outgoingPayment.single_payment
2026-03-03 23:41:02,775 - ✅ Router found in: outgoingPayment.single_payment
2026-03-03 23:41:02,778 - ✅ Included YEN ERP: outgoingPayment.single_payment
2026-03-03 23:41:02,779 - 🟡 Attempting to import: outgoingPayment.payment_history
2026-03-03 23:41:02,806 - ✅ Successfully imported: outgoingPayment.payment_history
2026-03-03 23:41:02,807 - ✅ Router found in: outgoingPayment.payment_history
2026-03-03 23:41:02,813 - ✅ Included YEN ERP: outgoingPayment.payment_history
2026-03-03 23:41:02,813 - 🟡 Attempting to import: outgoingPayment.advance_routes
2026-03-03 23:41:02,864 - ✅ Successfully imported: outgoingPayment.advance_routes
2026-03-03 23:41:02,864 - ✅ Router found in: outgoingPayment.advance_routes
2026-03-03 23:41:02,886 - ✅ Included YEN ERP: outgoingPayment.advance_routes
2026-03-03 23:41:02,886 - 🟡 Attempting to import: Business.routes
2026-03-03 23:41:02,916 - ✅ Successfully imported: Business.routes
2026-03-03 23:41:02,916 - ✅ Router found in: Business.routes
2026-03-03 23:41:02,932 - ✅ Included YEN ERP: Business.routes
2026-03-03 23:41:02,932 - 🟡 Attempting to import: Personal.routes
2026-03-03 23:41:02,950 - ✅ Successfully imported: Personal.routes
2026-03-03 23:41:02,950 - ✅ Router found in: Personal.routes
2026-03-03 23:41:02,958 - ✅ Included YEN ERP: Personal.routes
2026-03-03 23:41:02,959 - 🟡 Attempting to import: shippingaddress.routes
2026-03-03 23:41:02,979 - ✅ Successfully imported: shippingaddress.routes
2026-03-03 23:41:02,979 - ✅ Router found in: shippingaddress.routes
2026-03-03 23:41:02,989 - ✅ Included YEN ERP: shippingaddress.routes
2026-03-03 23:41:02,990 - 🟡 Attempting to import: ItemGroup.routes
2026-03-03 23:41:03,029 - ✅ Successfully imported: ItemGroup.routes
2026-03-03 23:41:03,029 - ✅ Router found in: ItemGroup.routes
2026-03-03 23:41:03,056 - ✅ Included YEN ERP: ItemGroup.routes
2026-03-03 23:41:03,056 - 🟡 Attempting to import: FreightMaster.routes
2026-03-03 23:41:03,090 - ✅ Successfully imported: FreightMaster.routes
2026-03-03 23:41:03,090 - ✅ Router found in: FreightMaster.routes
2026-03-03 23:41:03,116 - ✅ Included YEN ERP: FreightMaster.routes
2026-03-03 23:41:03,116 - 🟡 Attempting to import: purchaseOrder.poimport
2026-03-03 23:41:04,416 - ✅ Successfully imported: purchaseOrder.poimport
2026-03-03 23:41:04,416 - ✅ Router found in: purchaseOrder.poimport
2026-03-03 23:41:04,430 - ✅ Included YEN ERP: purchaseOrder.poimport
2026-03-03 23:41:04,430 - 🟡 Attempting to import: ServiceOrder.routes
2026-03-03 23:41:04,638 - ✅ Successfully imported: ServiceOrder.routes
2026-03-03 23:41:04,638 - ✅ Router found in: ServiceOrder.routes
2026-03-03 23:41:04,692 - ✅ Included YEN ERP: ServiceOrder.routes
2026-03-03 23:41:04,692 - 🟡 Attempting to import: Service.serviceSummary
2026-03-03 23:41:04,698 - ✅ Successfully imported: Service.serviceSummary
2026-03-03 23:41:04,698 - ✅ Router found in: Service.serviceSummary
2026-03-03 23:41:04,705 - ✅ Included YEN ERP: Service.serviceSummary
2026-03-03 23:41:04,705 - 🟡 Attempting to import: ServiceOrder.servicelist
2026-03-03 23:41:04,724 - ✅ Successfully imported: ServiceOrder.servicelist
2026-03-03 23:41:04,724 - ✅ Router found in: ServiceOrder.servicelist
2026-03-03 23:41:04,743 - ✅ Included YEN ERP: ServiceOrder.servicelist
2026-03-03 23:41:04,743 - 🟡 Attempting to import: ServiceOrder.filterpatch
2026-03-03 23:41:04,752 - ✅ Successfully imported: ServiceOrder.filterpatch
2026-03-03 23:41:04,752 - ✅ Router found in: ServiceOrder.filterpatch
2026-03-03 23:41:04,760 - ✅ Included YEN ERP: ServiceOrder.filterpatch
2026-03-03 23:41:04,760 - 🟡 Attempting to import: ServiceOrder.service_ap_outgoing
2026-03-03 23:41:04,776 - ✅ Successfully imported: ServiceOrder.service_ap_outgoing
2026-03-03 23:41:04,776 - ✅ Router found in: ServiceOrder.service_ap_outgoing
2026-03-03 23:41:04,792 - ✅ Included YEN ERP: ServiceOrder.service_ap_outgoing
2026-03-03 23:41:05,584 - Fixed 0 users with null sessions
